Variants	Induction>1.5	M.RNAseq	M.H3K4me2	M.H3K4me3	M.H3K27me3	M.H3K36me3	GC content
89.1667	2.265060241	83	4291	4679	32683	21977	29.888
89.3333	1.797101449	207	5128	6334	41717	34913	44.04
138.833	26.25862069	348	5058	6475	42469	37565	44.076
134	9.311163895	421	5042	6660	44584	41529	45.9
170.667	NA	1944	5175	6872	44933	44413	46.332
161.333	1.721518987	869	4851	6611	40147	40618	47.26
165	2.096676737	331	4847	6643	40847	47063	48.204
127.833	1.975	80	4524	6794	36619	43428	48.684
199	11.25139665	179	4644	6205	40575	44308	45.972
158.5	1.907120743	323	5228	6991	43727	45877	46.628
324.167	6.994923858	9456	8905	11867	41757	43506	45.404
221.167	1.830712185	7821	5945	7705	39651	45208	47.392
237.667	2.507142857	280	4639	7037	40343	48385	47.516
514.167	84.72483221	149	4611	7020	43174	50475	47.532
198	5.00390117	2307	5343	6914	40744	44690	46.812
137	9.107784431	1002	5151	6711	44594	45872	45.392
219.667	NA	11240	7884	8433	42827	47502	47.036
260.167	2.404907975	326	5247	7027	43019	46434	45.832
118.167	NA	9848	5052	7300	27664	33625	48.616
116	NA	566	4634	7003	35473	40655	44.924
209.667	6.797856795	2053	11265	17017	35930	42859	46.296
372	NA	2411	5474	7671	27462	43657	46.524
109.5	2.156889809	13041	28956	35128	5426	30817	48.936
63.1667	3.017516543	5138	33327	34380	5601	26331	48.736
57.1667	1.543377189	10109	36738	45278	5403	37304	50.104
80.1667	1.555047728	42009	14478	17023	23927	37820	48.164
315.5	NA	2979	5701	7656	41765	45242	45.86
58.1667	NA	1695	11986	9788	37478	39497	47.096
31.1667	NA	21158	5821	7769	44042	48015	46.764
102.333	8.161977835	1173	5312	7491	41665	40164	46.024
53.6667	NA	12918	13920	23846	26185	36885	48.044
52.6667	NA	7305	23400	40488	6025	31435	49.104
61.1667	NA	21196	22192	19244	5662	38544	47.856
23.5	NA	4696	29757	30508	5122	36313	49.036
16	NA	24050	43342	55192	5217	29406	48.044
16.5	NA	33989	40449	31717	5150	33507	49.164
12	NA	25522	33349	30455	4779	35827	49.58
27.3333	NA	18250	47599	54088	4971	39553	49.868
28	1.62120068	21188	47950	55739	4867	37538	50.028
29.1667	NA	18034	17804	20044	5461	25034	47.624
25.6667	2.074582083	4666	13552	17437	4429	33099	50.724
30	1.874632316	19718	34519	27809	5254	36834	48.092
16.6667	NA	31114	38622	43148	5116	32466	50.176
20.3333	NA	5533	21106	16115	6952	23771	48.96
18.3333	1.960020608	9705	20314	21357	13332	40719	48.544
26.5	1.787153652	9528	22483	20546	5347	25165	47.66
22	NA	8726	36889	31877	5224	36143	48.388
19.8333	NA	36807	46327	44141	5057	36944	49.74
17.1667	NA	26917	55830	64973	5042	34990	49.784
19.3333	NA	36442	35717	33544	4749	34364	49.372
26.6667	2.251519692	35369	34766	37462	5118	26666	48.492
10.5	NA	18515	43294	43715	6448	35583	49.508
10.5	NA	11530	28432	27653	6622	26222	49.132
20.8333	NA	33400	23287	17669	7172	30932	48.288
36.3333	2.328221606	20541	50238	35962	5163	32310	48.592
43.3333	NA	54987	30704	30645	4426	39753	50.104
35.5	NA	43059	43734	40727	5569	30754	48.796
52.6667	NA	40261	44398	37720	5303	28143	48.92
24.5	NA	26385	50895	47752	5149	31166	48.472
9	NA	30254	50587	52804	5074	29618	49.68
11.8333	2.444444444	8982	43526	44572	5370	29730	48.684
15.5	NA	188805	22882	26574	5033	37581	49.404
9.33333	NA	114745	58784	48053	5193	28056	49.648
7.33333	NA	12395	52646	51605	4756	42881	50.244
8.83333	NA	23764	31094	43568	4849	30144	49.328
12	NA	50330	26735	29333	5176	25891	48.784
8	NA	7180	27866	32392	5181	27748	48.72
12.1667	NA	21500	25484	35603	4883	29803	49.36
6.5	NA	34718	23523	20581	7326	35543	49.396
10.5	NA	5061	29911	20952	4544	37415	49.7
7.33333	2.108478538	18824	49786	61351	5099	37677	49.524
12	2.811480757	7665	30356	48358	5249	23174	48.472
7.83333	NA	10803	25692	17600	4406	42269	50.02
16.6667	1.880526577	8052	21513	23239	4804	32389	48.516
12	NA	44060	32881	21810	5041	29448	48.692
11.6667	NA	25724	38186	45052	5328	33298	49.38
13.5	NA	25726	23509	27443	5270	30799	47.496
8.5	NA	27008	51394	53835	5098	32505	49.24
8.5	NA	11311	38047	30623	5187	32687	49.328
12	NA	5020	28402	27761	4968	31807	49.064
8.16667	4.737653754	10894	36178	49370	4542	37831	49.028
13.1667	2.614582679	31846	40495	49285	4689	47182	49.892
18	1.983032783	23457	45367	58365	5069	32843	50.768
8	NA	11029	38113	32343	4849	39727	50.228
16.3333	1.726132903	11166	29913	34197	11636	28470	49.012
21	NA	17599	35896	34573	7346	28695	49.36
16.8333	4.41796875	13312	39675	51164	5251	36320	48.324
18.1667	NA	10335	27289	24898	4464	39971	49.436
19.1667	NA	23822	29232	44444	4859	37891	48.844
16.6667	NA	18303	17155	11726	5543	18538	48.588
12.5	NA	30861	39268	37443	5248	36849	49.868
21.1667	NA	20738	22531	15255	5663	23274	47.728
26.5	NA	26800	44206	49004	5097	35475	48.948
14	NA	38868	37077	36542	5131	39597	48.856
17.5	NA	20580	35221	41137	4982	23162	49.536
19.3333	1.647108131	21474	34571	45530	4980	31373	49.372
26.1667	NA	15568	25908	28996	5164	35729	49.288
17.5	NA	17036	28525	29614	5218	39481	48.892
17.5	NA	18191	40728	40950	5023	34035	48.876
34.5	NA	53847	33408	22739	10880	36274	47.492
26.3333	NA	100299	21614	26968	19409	42115	49.056
28	2.049973972	76840	56308	58837	5158	31802	48.872
26.5	NA	106153	22622	37256	5551	33611	48.212
30.3333	4.238035694	8797	19521	27702	5306	31051	49.168
33.1667	NA	138791	16335	27741	4498	36366	49.636
28.6667	NA	20360	29701	40558	5262	33798	48.996
13.3333	NA	19489	33213	39313	5082	36652	48.38
19	1.914788274	7675	29192	34910	5142	27771	48.788
34.3333	1.582546306	13659	33217	22683	4676	32191	49.42
28.1667	NA	98713	34941	32960	4959	36950	49.684
15	2.459022833	20365	19715	20215	4604	29744	48.908
23.6667	NA	47930	38885	34907	4956	34312	48.592
12.3333	NA	65796	24729	34041	5203	32157	49.332
34.1667	NA	33823	49782	57166	6148	36282	49.012
19.5	1.853372434	16709	46058	48074	4768	38750	49.828
7.83333	NA	20351	26824	32447	4960	35023	48.636
17.1667	NA	14470	23247	40737	5124	30289	48.388
14.3333	NA	10277	37133	32470	4776	33007	48.848
13	NA	36271	44999	36279	6653	37651	49.5
11.5	NA	12309	57128	49526	5267	35213	48.64
10.6667	NA	19674	22851	25853	5141	31375	47.844
24.8333	4.366083056	20733	19287	20475	5167	34704	47.768
14	2.030371793	11458	33280	35458	5414	32074	48.128
17.8333	NA	11149	30322	33617	5773	33758	47.684
26.6667	NA	5168	30911	28581	5284	17230	47.524
70.1667	NA	35147	37073	42103	5086	31978	48.092
22.5	3.168170632	4876	39431	37247	4516	36036	49.736
31.1667	NA	12944	22369	31238	5144	40097	48.196
30	NA	6972	27163	27960	4849	29110	48.044
36.3333	1.62740091	45035	9391	10236	4904	33224	48.144
31.1667	NA	50768	12686	19569	4454	26925	48.44
23	NA	19845	44471	34600	4989	27554	49.364
14.3333	1.594769131	6194	29216	30485	4744	33845	49.204
14.5	3.348418256	41410	53098	66042	4843	38424	49.932
12.3333	NA	47959	39709	41443	5198	33717	48.336
18.3333	NA	13844	56373	40543	5132	33429	49.14
21.8333	NA	5179	29146	33156	4812	35555	48.628
14.1667	NA	3526	19398	17286	5274	24656	48.688
39.8333	NA	16133	19186	16631	3843	45187	51.96
16.8333	NA	16729	51582	48644	4728	38947	49.684
16.8333	NA	139904	36821	32758	5303	29413	47.916
26.8333	NA	37847	28081	34844	4749	30039	49.364
66	2.318238722	46330	34536	48697	5168	41383	47.92
26.8333	3.226806582	4193	25099	27563	5407	28184	46.708
35.8333	NA	6564	26323	26715	5006	31493	48.044
29.6667	2.098347394	34612	57745	59379	4950	34011	49.112
11.8333	1.611737921	19765	41827	51163	4769	36705	49.416
15.6667	NA	25553	50193	50576	5005	38240	49.108
25	2.379576279	11281	48148	41222	4713	38842	49.388
14.3333	NA	22414	37929	38451	4774	31437	49.456
22.3333	2.739984111	17622	23437	24303	4640	32645	49.416
25.1667	2.692233181	22712	43523	37450	10496	34648	48.82
19	NA	26343	30075	43991	5581	33519	48.956
19	NA	13186	34609	52169	4757	33269	49.62
19.8333	NA	15305	50176	49088	5305	25873	49.404
32.6667	NA	19267	23490	26617	5014	23542	49.068
22.1667	NA	47490	43059	58292	5274	38107	49.148
20.3333	1.810934812	10462	32248	41238	4961	37073	49.164
15.3333	NA	41904	50679	58694	5663	33680	49.752
13.3333	NA	10064	31389	34333	4795	38578	49.144
15.8333	1.726263872	16220	40762	35969	5376	37433	48.3
8.16667	1.974506625	17887	48996	54639	5433	29334	48.48
12	1.628436019	9495	41236	59729	4908	36732	49.616
8.33333	2.120947933	28905	50459	54481	5012	33768	49.368
15.5	NA	45672	43104	45708	5061	32287	49.284
16.3333	NA	25000	23211	30700	5719	24709	48.784
9.16667	3.273081694	11286	35159	37123	5193	40883	48.884
6	1.994314144	43617	36902	31785	5068	31146	48.192
8.16667	1.516262915	33973	36685	47862	5457	29493	48.096
6	NA	39328	45923	41698	4836	40146	49.448
14.3333	NA	14405	56979	48708	4918	39899	49.356
11.5	NA	96407	30028	33659	5336	25770	50.02
12	NA	31124	32749	41064	4969	30725	49.344
7.66667	NA	11390	14815	14956	4529	37271	50.392
9.66667	2.326439578	14796	40259	55098	4746	34488	50.24
12	NA	28039	46803	69106	4839	32725	49.94
4.5	3.128954177	11981	45121	40110	5076	37274	48.88
9.16667	NA	34736	33872	39435	4201	35413	51.66
9.83333	1.765763733	62057	45798	44491	5424	37337	48.68
8	NA	55104	28963	32886	5539	30734	48.876
5.83333	NA	26197	36764	43062	5262	33493	48.504
7.66667	NA	9215	48790	49374	5357	35557	48.684
11	NA	55360	28579	35543	16048	38589	49.524
7.66667	1.804031275	13941	45819	39476	7970	38050	47.972
10.6667	1.659222121	13164	54474	51536	5342	33802	48.748
6.83333	1.568662063	38522	33910	19390	5099	27323	48.968
7.33333	NA	21365	48658	45056	4843	34663	50.068
11	1.733003808	24682	32190	38717	5234	27705	48.976
11.3333	NA	111662	15934	16111	5390	29584	48.78
14.8333	NA	43654	28589	28891	4700	39490	49.268
22.5	2.334938167	10593	48572	43205	4944	35969	50.104
19.1667	NA	17666	30380	41335	5323	34870	48.692
28.1667	NA	21612	40067	30299	5449	27778	49.02
9.5	NA	16027	31917	22341	5004	30891	48.472
10.3333	2.052874163	11499	34256	34012	4730	33659	49.824
12.6667	NA	12550	22478	25935	5587	25336	48.892
10.1667	1.520323151	7922	21320	23028	5370	32541	48.276
9.33333	1.583887156	7373	28415	21365	4716	31172	49.116
10.6667	NA	20961	36997	34802	4868	30516	48.724
13.5	3.608449667	29871	43562	53522	5056	36103	49.616
35.8333	7.433918897	6091	18426	20143	9237	37356	47.752
14.1667	NA	16901	22930	21379	4973	34283	48
14	NA	23303	42300	39154	5061	41415	48.872
15.1667	2.181281236	8804	39855	50911	8479	37769	49.076
12.3333	NA	17478	41328	38768	5077	32622	49.988
13.5	NA	49003	25767	42430	5094	38326	49.636
20.5	NA	5399	12778	13370	4843	35227	49.612
13.8333	1.826152005	13368	26270	32689	5039	34695	48.74
21.6667	NA	11298	24351	28466	5401	30820	49.408
17	NA	10265	9954	10763	4779	41318	47.756
21.1667	NA	26441	11985	12493	5305	24484	47.816
18.5	NA	20848	18234	20854	10204	37430	47.884
32	2.959157895	2375	19133	20035	12393	39339	47.936
26.6667	NA	19732	28165	27592	5048	37696	49.236
34.1667	NA	11629	31783	40331	4873	35693	49.172
61.1667	NA	9705	41679	39917	5481	32742	48.076
18.8333	1.829507413	8364	21995	29107	4927	32565	47.8
25.8333	1.52	5275	36320	40957	4818	29780	49.688
19.6667	NA	24901	24866	48487	4752	34158	50.216
51.6667	NA	3955	29901	34551	4752	37744	49.748
59.1667	NA	14636	34394	36790	4816	41612	49.216
77	NA	9961	31840	34213	5009	36825	48.532
195.333	NA	88442	14549	14197	5519	33044	47.216
129.833	NA	5292	4722	7327	4580	40825	49.54
63.6667	NA	15067	21477	17454	4775	34894	48.604
76.6667	NA	85599	31339	31922	4583	34745	50.6
105.5	NA	35779	14980	14463	5224	39235	48.796
153.5	3.716341213	973	6306	6955	9799	35208	47.756
151.333	NA	1910	5560	7449	34205	39684	46.884
257.5	NA	13118	6889	7417	25337	36549	48.132
300.667	NA	19218	5349	7102	41005	43964	46.884
164.833	1.707168277	7868	10519	12577	37823	42353	47.064
183	30.07624234	1469	4432	7093	37199	42792	49.412
141.5	NA	19300	5472	7587	36521	41305	47.864
138.667	NA	747	5147	6746	40053	43785	46.3
137.5	NA	3725	5001	6726	37632	46766	47.884
212	NA	4757	6185	7023	38853	42029	46.616
114.667	9.367219917	1928	5392	7566	39243	48467	47.784
99.5	3.152066743	2637	7231	7954	40677	40965	46.3
105.333	8.177057357	1604	5770	7644	43173	44404	46.452
71.5	NA	60066	19344	19281	13739	23309	48.44
71.6667	NA	16608	31840	47493	6501	36291	49.524
33.6667	NA	14944	27844	34353	5187	30977	49.624
26.6667	NA	32039	36114	47890	4978	33331	50.024
43.8333	2.094842916	6748	27180	24554	5383	27795	48.892
50.6667	NA	9367	25993	30642	4835	38549	48.496
45.1667	2.067988283	29358	42783	45963	5212	31611	48.804
32.6667	NA	28116	23523	28635	5415	29284	48.704
15.6667	NA	25398	42684	31790	4995	32506	49.536
14.6667	NA	32578	67252	68429	5246	36709	49.312
30.5	NA	11404	49929	59790	4718	34832	49.848
28.5	NA	9774	33411	33236	4908	37697	49.516
30.1667	1.685401381	27667	37307	37422	4858	34163	49.796
24.8333	NA	14026	49582	37256	4927	39216	49.668
29.8333	NA	12992	48402	54771	5243	38824	49.164
33	1.749876071	14121	45966	55650	5140	33679	49.344
34.5	NA	85781	33963	35270	5061	37902	48.896
15.5	2.372155078	12742	25753	30045	5099	39972	49.012
15	2.977909674	47849	60052	58655	5652	35612	48.792
6.33333	NA	46583	35647	54801	5527	43487	49.88
6.16667	NA	28548	42098	42837	6580	36533	49.956
41.5	NA	40647	19550	23536	26990	37448	47.884
20	NA	3171	6207	7843	39653	38710	47.052
25.6667	NA	44490	6278	8517	41582	46774	47.364
38.8333	NA	36763	23015	38779	6204	32058	48.952
59.6667	NA	20210	38997	41140	5470	38869	48.22
79.3333	NA	25634	17509	15697	5095	34388	48.188
46	NA	82880	33011	45862	5402	35305	49.572
21.6667	NA	107046	33183	35385	21861	39742	47.228
29.5	NA	13693	29235	36696	15083	36732	48.344
22.6667	NA	115785	36307	43863	4967	38111	49.868
33.3333	1.898584071	11300	34573	27970	4851	36560	48.108
29.6667	NA	19220	21145	19597	5041	30276	49.188
44.6667	NA	99783	32608	27895	5414	34146	48.708
30	NA	23708	21696	24793	12204	36844	48.252
24.6667	2.255870303	22699	49590	59470	5929	38424	49.352
52.5	3.935083105	17869	23930	38011	13024	35744	48.916
96.8333	15.99185336	491	6491	9525	31696	37149	47.552
96.6667	NA	105381	20667	27621	27375	44283	48.98
81.3333	NA	2649	5372	7628	38039	42791	47.472
105.167	NA	9022	18371	22416	21890	36821	48.72
99	NA	3091	10617	12615	35983	40928	46.716
79.1667	3.288241011	5145	14031	10368	31502	39580	47.932
184	NA	4034	5504	7754	40979	45381	46.684
138	1.945736434	1032	5278	7502	42546	48959	46.216
81.3333	NA	3917	24577	30455	27121	35038	47.832
182	1.620209059	19516	8637	14974	30650	28294	47.532
134	2.785772029	1237	6150	9809	43059	46481	46.42
177.167	NA	28099	5592	7736	37046	41741	46.664
92	4.343634597	5145	31909	28340	8592	34602	49.808
83.3333	NA	19872	25094	53582	5376	42289	49.94
201.333	2.400466563	2572	18501	24563	6001	41645	48.836
167.333	NA	239543	6440	7690	31128	45553	47.94
106.667	NA	44201	7505	9769	37596	40241	47.652
195.333	NA	20655	13292	15712	33422	41369	48.024
284	NA	8595	6364	8618	40452	42349	47.244
129.667	NA	44501	5379	6982	38296	41188	48.252
151.667	3.921450151	662	5117	7047	41662	47074	46.696
110	NA	4008	5682	7138	37448	44010	47.584
133.667	124.75	24	4374	6664	11508	48765	50.22
152.5	NA	14857	8926	22703	25692	41008	49.176
101.833	NA	1938	5792	7840	29799	44896	47.76
205.667	10.86906475	2780	4855	6897	37714	39803	46.936
458.5	2.095430108	1488	4576	7039	39158	52217	48.76
208.5	3.034738617	5930	5233	7053	38318	41107	47.428
286.833	2.45	200	5262	6656	42753	46897	45.784
86	NA	4250	5780	7049	40520	39343	46.172
121.333	3.872131148	1220	5045	6896	38611	42630	46.804
120	5.305502846	1054	4889	6674	40024	49429	47.852
36.1667	NA	23598	8198	8741	36471	44630	47.952
65.6667	NA	16983	13716	15880	35500	39027	46.964
178.333	NA	1767	10887	12066	41166	41881	46.32
49.6667	NA	3173	6086	7685	37240	41367	47.092
66.5	5.308765653	2795	21745	19618	24650	37933	48.5
40.1667	NA	17651	26286	26056	30202	40859	48.212
45	NA	29043	35965	48174	26591	39816	48.004
23.8333	1.840947111	15542	30609	41028	5447	40055	49.26
9.33333	NA	23075	22978	22813	4777	35646	49.616
18.3333	NA	18602	40370	41558	6927	30059	49.036
5.5	NA	20450	51167	42691	5010	41183	50.132
12.8333	NA	90670	28817	31448	5412	27588	48.248
10.1667	1.973758608	27590	62771	66803	5257	31197	49.372
5.66667	NA	63701	55223	49832	5364	35402	48.676
16.5	NA	83991	40712	30788	7613	28373	49.756
8.5	NA	44958	51179	49806	5678	30109	49.204
10.6667	NA	12468	33831	37594	5191	35930	48.884
14.1667	1.818113632	5333	35770	33021	5376	39724	48.312
8.16667	4.764372148	25205	35805	35107	4976	38366	49.092
17.3333	NA	6616	22198	22616	5203	30686	47.988
11	NA	44993	45662	38848	5202	41161	49.4
14.6667	NA	31208	23716	32869	5178	36704	49.268
8.16667	NA	238570	22375	24241	8768	42756	48.268
15.6667	NA	28637	20148	26321	5420	31199	48.324
19.6667	NA	179627	18352	24040	4618	31866	50.004
14.5	NA	22677	47403	36809	5602	35708	48.704
26.1667	2.074884108	8413	37988	33967	11737	39741	47.916
52.3333	NA	3320	17132	18051	39943	48672	47.4
33.8333	2.899447061	4883	27687	34990	11807	37972	47.716
17.3333	5.963011889	1514	9887	12070	4949	17642	50.216
18.8333	NA	14863	31828	27161	5133	37140	49.244
31.6667	1.888562142	6461	21365	20590	5149	39112	48.748
29.6667	NA	12867	48223	41683	5344	33646	49.076
10.6667	NA	13267	55091	57014	8057	41847	49.572
16.1667	2.321427149	50226	12603	15764	20137	43941	48.712
25	NA	4129	7720	9405	39069	42624	47.156
23.8333	NA	13779	17371	24804	19526	36222	48.004
22.1667	1.651187727	24248	47669	52876	5690	33135	49.252
35.6667	NA	25963	33780	49337	7885	37689	48.764
20.8333	NA	15051	29801	29246	5266	26135	48.784
25.6667	NA	24164	38234	33441	5274	36308	48.5
20.5	NA	19809	27799	34749	5248	25584	48.664
8.66667	NA	14518	33180	20454	5126	42130	49.628
18.6667	NA	4706	13818	32467	5587	24274	47.664
15	NA	13954	19043	25419	5264	35452	48.304
10.1667	2.0015675	15311	33276	42331	8244	36777	48.508
13.3333	4.716995448	7908	36600	43091	4768	34797	49.428
11.5	NA	147635	54167	51068	5435	36409	49.188
7.66667	NA	37223	42475	52300	5491	36704	48.328
89.1667	2.913484487	23464	29277	22713	4514	20313	31.084
161.5	NA	20	2351	1544	4179	674	13.052
159	1.732	2000	12258	8416	4223	12736	21.16
6.33333	3.976055566	32826	54151	59506	5081	40090	48.98
9.5	3.12588789	23370	39336	43544	5068	45807	49.556
15.5	6.587284627	14974	23845	34148	4907	28119	48.704
13	NA	35319	36505	35996	4856	30059	49.532
5.16667	2.752325413	20749	50303	46682	5247	38776	49.336
5.33333	NA	205261	56165	45529	5393	34815	49.148
10.1667	NA	10531	43556	36988	5351	30593	48.716
7	NA	12954	28185	29646	4802	36641	49.368
7.5	NA	32494	52527	47935	4789	40510	49.648
4.66667	2.605185985	12958	49485	44354	5088	35036	49.644
4.83333	NA	5010	21751	18865	5156	30381	48.804
4.16667	NA	139767	46026	41583	5453	27860	48.068
5.66667	NA	38199	39031	43761	5071	30657	49.124
4.5	2.279449788	9669	31999	38466	5269	29081	48.984
7.5	5.143594557	17048	32000	40678	5248	36190	49.048
5.66667	NA	42427	46053	39795	4798	33443	49.34
2.83333	NA	26646	33805	51879	5302	29359	48.444
4.66667	2.694269663	17800	17558	24678	4804	20392	49.74
6.16667	1.891868331	61943	57524	69425	5020	34342	50.02
7.16667	NA	21968	36168	46992	5410	31370	48.66
5.33333	NA	92891	25497	25385	5537	34284	48.312
7	NA	29078	38534	43934	4758	33612	50.084
10.1667	NA	15117	24888	28055	5077	33964	47.976
7.66667	NA	4484	19750	17819	5040	32306	49.712
10.8333	NA	36933	59610	60618	5377	39734	48.524
4.83333	NA	16645	28312	35124	5055	35031	48.508
5.16667	2.502346038	85037	14764	15730	5318	24435	48.904
7.66667	NA	17077	27984	27922	4888	34783	49.508
7.83333	NA	16941	32865	34798	4772	27033	49.292
9.66667	NA	16762	40584	60110	5009	34276	49.6
15.5	2.314155251	2190	6293	8551	4174	38530	50.192
9	NA	113082	46554	48314	5178	36076	49.096
10	NA	10043	24584	25747	5108	28437	49.244
16.6667	NA	17350	32876	35169	4848	27904	47.824
11.8333	NA	12265	27525	34967	5112	28937	48.84
11.5	NA	32254	39486	48743	5620	33848	48.84
11.1667	NA	74066	20500	16769	5143	23007	48.78
23.8333	NA	291023	38655	39732	5117	25860	49.236
20.8333	NA	35043	55312	71032	4869	34268	49.732
17.8333	NA	44497	34857	40124	5359	36122	48.792
16.6667	NA	15405	37226	35452	5115	32304	48.608
23	NA	28451	17942	27709	4619	29636	49.228
52.8333	NA	14083	45410	33213	5275	36756	49.04
29.3333	2.342337359	32541	32699	36562	5248	26993	48.124
9.5	NA	10806	19913	23092	5106	35495	48.768
13.8333	NA	8434	28514	23462	4846	31110	49.06
15.5	NA	43048	24349	18166	5006	35653	48.932
12.8333	NA	21920	34526	32720	4971	32904	47.276
7.83333	NA	531940	34718	36490	5528	30406	48.384
6.16667	2.004299481	26980	38273	49898	4910	36749	50.256
14.1667	NA	21354	41628	47978	4942	38593	49.76
14.8333	6.056038057	22913	43505	51685	5171	32734	49.292
19	NA	26841	44920	43498	5346	35698	47.9
13.5	NA	68535	30759	28960	5068	35050	48.704
16.1667	NA	34968	56802	64595	5288	39853	49.34
19.1667	NA	18985	32594	40030	5824	34373	47.88
8.66667	1.654837404	7411	13441	17260	11120	39171	48.56
10.8333	1.572321222	12963	34705	50648	4604	35267	49.664
25.8333	NA	59785	51659	66917	5221	34140	49.064
28	NA	23505	40657	60655	5444	32575	48.936
15.3333	NA	4066	15463	15678	19005	41906	48.276
46.8333	NA	6688	9163	9864	26464	38613	46.832
40	2.447863248	4095	25100	23090	8550	35588	49.308
21	1.777200316	8851	28017	36176	5026	32288	49.44
15.3333	NA	29722	27665	47419	5127	34643	49.036
22.6667	2.921845906	19871	43735	51655	5004	32978	48.528
40.6667	2.249410786	14426	44354	50691	5003	33093	48.156
22.6667	NA	16248	27570	36961	5421	35781	48.968
21.5	NA	44899	47102	47741	5346	30048	49.588
69.3333	NA	16189	19489	19026	5483	36228	46.8
78.6667	1.556492411	2372	16185	26227	4882	39922	48.628
105.333	2.796638655	1190	10985	16171	5285	40395	48.248
39.1667	2.228810736	21013	30905	41674	5769	28984	48.56
50.5	NA	3447	5422	7817	33513	46392	47.24
100.833	NA	6514	5728	7509	38867	43846	47.2
141	NA	1102	4837	6877	37626	40213	46.812
53	NA	116	5118	6990	37231	43390	47.028
89.8333	NA	4158	5893	7231	36220	38645	46.848
126.333	4.017353579	922	5007	6815	30906	45217	46.98
94.8333	4.001416431	1412	11168	11149	5208	42732	49.124
148.167	NA	7728	20288	26548	6324	31822	47.44
149.5	NA	14697	20657	25209	5319	26329	47.944
340.667	NA	5643	26106	34620	25283	40119	49.524
65.5	NA	24179	35812	50556	7515	35222	49.244
67.3333	NA	4195	14817	41805	5688	24219	48.22
49.1667	NA	9221	30678	41933	5347	41110	49.932
76.5	NA	44482	28168	38652	5969	44204	50.436
144.167	NA	32785	6262	8128	44866	48128	45.432
112.333	NA	167251	6311	7178	42587	51046	47.624
102.5	NA	59808	5583	7089	46201	48120	47.672
140.167	NA	5872	6107	7331	44598	44001	45.48
176.167	NA	23273	4887	6675	40570	46851	47.92
105.5	NA	3092	5033	7047	43300	50219	46.732
229.5	4.769784173	278	7168	7189	40340	45002	46.832
245	NA	809	4967	6828	42053	43608	46.128
182.667	2.665132336	4345	4864	6872	40690	42150	47.38
499.167	NA	37714	5191	7048	44160	42513	46.284
48.3333	NA	460	4595	6740	39691	40602	47.336
196.5	NA	4494	5350	6724	42058	40855	46.44
239.5	NA	1442	4826	6978	41438	46947	46.768
355.167	14.75517791	3766	5270	6995	45373	45465	45.956
185.5	1.966666667	180	4564	6681	40320	45397	47.192
239.833	NA	11703	4898	7300	41965	42258	46.792
292.833	3.504116223	2065	6027	7011	44624	44634	46.048
227	16.17837976	3913	5086	7035	44905	48582	47.06
110.333	NA	4772	4773	6370	39541	38694	46.352
83.6667	19.90871369	241	5003	6206	41746	42146	45.672
66.3333	4.087649402	251	4972	6417	44130	45544	46.852
42.8333	11.875	16	4582	5906	38750	31543	40.072
106.5	NA	0	2263	2198	14982	5135	25.12328767
213	NA	1235	4022	4320	25583	18174	26.652
121.833	NA	2157	7834	8710	40765	40892	44.872
88.3333	29.45945946	148	5117	6487	45225	41253	45.692
91	25.98175476	3727	4983	6597	43324	41647	45.848
68.3333	4.887323944	1562	4810	6287	40304	38087	43.036
161.167	4.842042042	1665	5087	6866	43514	45819	46.98
146	NA	21864	5626	7188	44791	45430	46.52
251.667	NA	12908	4869	7269	44498	44465	47.036
222.5	1.548514851	505	5183	6939	43148	41711	45.068
178.5	12.95760945	1439	8479	11449	42131	44462	47.212
66.8333	7.689768977	1818	4973	6717	41274	43044	47.156
171.667	9.240998105	6332	9628	9082	39461	39390	46.836
57.3333	NA	3357	5225	7001	42804	39142	45.84
122.667	113.978746	941	5266	7238	41434	43063	46.212
185.167	2.864632984	2098	5000	6684	41822	42102	44.836
135.167	NA	2155	5305	7188	44616	46014	45.776
46.3333	1.747885402	3665	9076	10371	45595	44666	45.496
147.833	1.646851762	22727	5995	8054	42449	46127	46.54
170.333	NA	115575	28926	46289	8029	26243	49.036
119.5	NA	8728	27066	30989	9718	39322	49.688
274.167	NA	9303	5714	7786	36279	44631	47.148
365.667	1.64124057	1193	5553	7463	42755	43760	45.964
164.833	NA	1447	10045	14402	38504	44792	47.292
181.833	NA	4852	19342	15653	36553	43618	47.736
139.833	3.637747336	1314	9538	15885	33130	42574	48.7
222.333	NA	2206	5820	7338	41420	49684	47.388
196.667	NA	15220	5736	7386	43170	45934	45.768
87.8333	NA	3840	8248	8323	39295	49177	49.128
119.333	NA	2627	5688	7530	42632	48599	47.44
192.833	NA	3309	15910	13449	39927	43083	45.216
78.5	NA	3031	7012	8360	45414	47252	45.96
118.333	NA	6256	5903	7939	42783	43771	46.34
214.167	3.224016145	1982	5080	7255	39741	45867	46.836
193	2.61951539	1527	5450	7378	39242	50187	47.052
87.5	NA	32501	22094	23434	15739	34412	48.368
62.6667	NA	7123	18883	27643	20275	42330	48.328
62.8333	NA	3567	17056	19849	23728	43178	47.78
61.8333	NA	23472	19807	26890	5937	30489	47.992
16.6667	NA	36420	14643	26167	4973	30967	48.88
15.1667	NA	48479	11106	9401	5134	35201	48.712
20.6667	NA	18422	36279	42919	4825	38590	49.416
45.5	1.514196118	11799	18811	14556	4946	37016	48.236
47.8333	6.483820576	8962	28371	45266	5127	34376	48.572
49.1667	1.773485514	12529	42312	49079	5124	39721	49.636
56.5	3.19311103	2729	7361	7793	5171	33452	48.872
21.3333	NA	553251	28306	18225	7632	32059	47.852
46.8333	4.575854285	12847	20394	19594	4988	38669	47.516
27.5	NA	9371	10503	8707	5343	33970	47.76
16.1667	1.971448631	4273	32556	25374	4893	31346	49.472
13.5	NA	7753	36192	26335	5360	37382	48.192
12.5	NA	23113	20431	24636	5122	28830	49.652
13.5	NA	180733	42282	43160	5450	41843	49.868
10	2.644752018	3468	6392	8319	5179	39190	47.124
7.33333	1.713402684	13266	28137	36017	4975	30897	49.096
14.8333	NA	43311	59485	67196	5543	37673	48.956
19.6667	NA	13566	13681	12655	4782	31750	49.488
17.1667	NA	68997	45091	49336	4583	39513	49.432
19.3333	NA	50273	52488	46000	5512	31132	48.336
18.8333	NA	44001	28522	29271	5258	27514	48.892
21.8333	NA	65721	26553	19365	9697	30488	49.44
17	NA	23079	13004	14481	6028	28863	48.412
16.3333	NA	6634	44859	40133	4654	37576	50.556
14.1667	3.053930055	23104	50306	53306	5313	40032	49.016
9	NA	9306	39651	44848	4937	41533	50.032
15.3333	NA	21688	48857	53445	4992	40665	49.632
22	NA	8045	22610	32136	5535	24503	47.128
17.3333	NA	20497	16929	17987	4715	34822	48.684
12.1667	NA	15069	39383	47081	4920	36388	49.532
12.8333	1.897757608	14984	35137	35684	5203	32733	48.788
13.5	NA	21477	30049	35221	5003	39981	49.104
11.1667	NA	20616	24312	24006	5213	27611	48.092
11.3333	NA	24961	37303	38507	4984	38190	49.38
14.3333	NA	30474	32333	42878	5395	31393	48.208
15.8333	3.721834937	29407	36523	49884	5212	30546	48.448
9.5	2.44100656	10213	30441	39770	4552	41392	49.24
15.6667	NA	12871	45646	51349	4895	36144	48.964
19.1667	NA	21491	17759	25696	4876	35727	48.844
18.5	NA	13096	28643	30992	5040	31585	49.02
13	NA	116535	35712	47413	4783	39606	49.672
15.8333	NA	139298	28852	33888	4868	37331	49.312
20	NA	12615	25136	27759	5028	37116	47.948
11.5	NA	17764	42287	49000	5176	25893	49.32
15.1667	NA	56715	24818	28902	5182	27148	47.584
9.66667	NA	9854	45215	52211	8038	32320	48.832
14	NA	33364	29103	39564	5135	30424	48.664
26.5	NA	9351	40704	32503	4868	33933	48.68
8.33333	3.037202918	27686	39874	44694	5027	35978	49.768
7.66667	1.50851111	49641	42126	55272	5528	33760	48.844
14	NA	35764	29993	50189	5664	26958	48.084
16.1667	5.43159052	16372	34694	41504	5382	34270	49.408
12	2.498000511	23506	15793	14195	5015	39492	48.984
16.1667	NA	44478	38730	44477	5362	26873	48.724
29.8333	NA	41456	14562	11719	5236	22011	47.464
11.6667	2.184895996	16009	26593	28821	7163	39546	48.828
13.1667	NA	10989	26564	23602	5177	31151	48.404
17.8333	2.216578223	35239	32297	33293	4854	37756	49.468
15.5	3.892461468	36917	59964	42087	5168	40244	49.016
23.5	NA	60423	51498	66318	5364	31769	49.172
19.6667	NA	17273	25976	30719	5063	24345	50.236
14.5	NA	216943	39176	38930	5328	36421	49.776
23.3333	NA	97918	25853	24206	5186	38585	49.496
35.3333	NA	11067	27923	23287	7199	34588	48.156
31	NA	78359	53929	59613	5295	31972	49.048
35.5	NA	32310	20539	31687	5335	24217	48.216
30	NA	42848	43727	44219	4998	31200	49.116
41	NA	23096	36852	50777	5243	35085	49.5
36.6667	NA	22432	22103	19976	5225	25518	49.068
16.1667	2.11476952	2126	6109	8288	5323	44635	48.3
29.1667	NA	10375	36811	32346	5077	32165	48.384
38.3333	4.234052749	112684	46511	42645	5122	29545	49.54
25	NA	17918	18844	18918	5240	21695	48.9
40.3333	NA	8998	11701	22903	28779	41628	47.644
70.5	4.434399118	1814	7099	8139	42383	48362	47.476
99.3333	NA	3983	5748	7482	42566	50260	45.8
114.167	NA	32794	24733	37858	10025	41372	49.028
95.3333	NA	39653	20483	25029	6690	30710	49.084
136.833	NA	8766	31693	32298	6961	36819	47.068
45.5	NA	14837	44794	51190	5137	42448	48.476
27.3333	NA	25909	37414	47650	5176	32991	49.588
19.1667	NA	22331	27416	32617	17111	37776	48.336
35.8333	NA	14587	22198	28143	9119	39712	48.868
15.6667	6.450015065	16595	43837	47160	5379	35565	48.896
27.6667	NA	10225	28786	35739	4754	31795	50.448
32.6667	1.906560971	5929	17871	24754	5357	35910	47.976
18.6667	NA	14413	29365	45664	6747	33435	48.216
17	2.297834733	11315	18011	19414	5465	27537	49.196
23.5	NA	11236	25120	27501	10399	28574	49.444
33	1.821326635	17518	58442	62738	5284	37790	49.744
25.8333	NA	19160	32001	47779	9632	38530	49.82
26.6667	2.805007942	10703	35097	29567	5083	28666	49.12
64.6667	NA	9992	16771	9495	4971	26250	39.924
345.667	NA	18	2589	1530	4111	807	13.336
225.833	NA	18	2747	2124	4573	1492	14.86
82.6667	1.52951348	12723	24354	21222	4644	22636	35.6
30.1667	2.054297432	22432	51937	52799	5350	39198	49.748
26	2.353452964	7356	20470	16933	5077	27294	49.652
25.3333	NA	14089	44013	47580	4962	34139	49
30.6667	NA	14063	27317	26729	4886	30130	50.192
39.3333	NA	268693	38474	57855	6570	30761	48.832
55	NA	32524	12935	17492	26903	37135	47.856
77.1667	NA	5604	7867	8340	42180	44786	46.4
77.3333	NA	50297	5551	7622	38897	45550	48.436
123.667	1.629322268	1446	7095	7537	35055	39028	47.22
84.8333	NA	13178	7915	9283	40742	45761	46.972
37	2.19757951	3553	18154	28840	23059	38258	49.284
24.5	NA	7809	5062	7341	35484	46669	47.496
54.1667	NA	3424	6029	8608	38821	42452	47.22
154	1.961601755	1823	5349	7282	38202	44112	48.296
83.3333	NA	112768	23015	22952	36389	45332	47.788
141.5	9.611089719	5194	7556	8433	39822	37677	46.412
101.333	NA	19373	6918	7627	37830	44796	49.364
116.833	NA	19544	6784	8067	46033	49498	46.396
159.333	2.377081569	3543	5238	7232	43126	45849	47.448
139.333	2.114674993	3523	11228	12639	33950	36128	48.108
145.5	NA	53544	12143	10018	41004	45231	47.772
114.5	2.728790816	13414	16065	23503	31124	40343	49.364
123.167	NA	175768	13094	10257	33939	36858	46.704
146.333	NA	5658	7375	8178	35598	39733	48.4
167.333	5.501466276	682	5297	7203	43789	46558	47.528
126.167	NA	42666	14798	16195	39920	41499	46.132
125	1.666076994	11871	10801	10842	44654	46655	46.624
159.5	NA	19897	14517	19654	39080	45129	48.072
181.167	1.581920904	885	5380	7332	43078	39326	46.144
127.333	NA	6752	5161	7299	43644	46363	47.392
192.833	NA	21546	7591	8409	42469	46927	47.3
263	NA	13626	4941	7372	36828	41210	47.772
268.333	NA	10772	9660	12005	34533	41440	49.436
177.333	NA	3360	6358	7876	40652	43814	46.624
178.333	NA	3093	5468	7541	39073	42249	47.536
245.667	2.019496344	2462	12812	21225	32510	37905	47.24
107	NA	6012	5544	7579	38128	37985	46.764
67	NA	30483	8065	8171	34743	39114	48.308
132	NA	25734	9309	15550	41325	41057	46.276
126.167	2.530571992	1014	4550	7108	39271	46080	48.264
42.1667	NA	4339	4874	7459	43097	47862	47.992
124.667	NA	6187	5042	7487	40260	41273	46.86
122	NA	3071	5261	7158	40756	43752	47.668
59.1667	3.436124851	5863	12040	19789	33386	37862	47.992
125.167	5.9669967	6060	7228	7783	38041	43523	48.148
179.167	1.603760323	11382	5386	7647	39999	42903	47.12
98.8333	2.322926522	3171	5116	7849	38947	44619	47.556
126	1.527352298	2742	15981	25302	30539	38833	48.488
90.3333	NA	14954	17190	25262	30479	38875	48.152
133.833	NA	4636	9312	8620	37486	39915	47.92
111.333	NA	7163	8786	22636	32609	39499	47.66
180.833	NA	20663	17367	19183	31379	42952	49.748
77.3333	9.78556701	4850	5603	7987	39084	44947	47.716
148.667	2.01367321	10239	7370	9141	40224	46024	48.248
178.167	NA	12296	7165	8277	35369	41044	47.76
123.667	NA	11202	14425	10795	36125	37769	46.976
141.833	NA	9372	21350	47146	32893	44388	47.924
101.667	1.728140376	16869	6442	7970	32867	35286	47.996
113	NA	13650	13553	27831	26624	36338	48.32
102	NA	1504	5596	7776	32057	40744	48.252
145.167	NA	11244	5972	7729	40911	42638	47.156
55.8333	NA	15387	12207	20132	23380	44309	50.036
106.833	3.42140362	3149	6498	8352	38755	42408	47.172
101.5	NA	2865	5928	7606	43205	46451	47.492
139.167	NA	3449	5243	7500	41524	43416	47.2
162.5	2.411644303	4397	8162	7592	36196	40653	47.732
61.5	NA	2292	5110	7384	41183	48650	47.4
92.6667	2.072299169	7220	11955	18147	34837	38365	47.98
57.3333	NA	81375	5148	7510	41143	43819	47.424
60.5	5.773584906	530	6291	13774	28739	39621	49.08
123.5	NA	21687	9867	22781	33974	44029	47.78
99.1667	NA	37067	14385	22075	33812	40669	48.096
75.5	NA	7146	10451	15491	38806	38681	47.756
91.1667	NA	214775	11219	17788	37565	40318	47.336
109.667	NA	16111	7590	9531	33995	41050	48.324
135.5	8.098325615	2807	5827	7395	42715	42638	46.656
123.5	NA	3954	9237	8286	36643	41907	47.92
122	NA	6198	4838	7136	39341	42793	47.992
52	NA	5529	7850	10348	38931	38165	46.24
80	1.68	1050	8991	14997	36959	43692	47.64
80	3.057403509	14250	5850	7662	36930	41286	48.196
142.667	1.639190018	4889	6778	7745	41973	44645	46.964
154.5	4.436811406	1543	4920	7197	41955	39232	46.732
44.3333	NA	30226	5336	7382	44045	49327	47.852
39.3333	NA	150995	6701	7882	44912	44328	47.396
50.8333	NA	24206	5564	7425	40220	40781	47.648
63.8333	NA	5460	8698	11364	34535	34016	47.284
78.1667	3.802809706	11745	4828	7113	37906	39457	47.732
96.3333	9.19453274	3146	6664	6969	36723	41444	47.264
119.333	NA	783	4769	6670	39550	46504	47.696
61.1667	NA	1160	4638	6857	40113	41647	47.604
60.6667	NA	7781	5957	6832	39092	40090	47.452
80.8333	6.653154496	10065	8795	7780	35782	37783	47.716
78.3333	4.442901235	1296	4731	7107	38846	39865	47.768
100.333	4.077790304	1774	4653	7394	34013	40274	48.22
120.667	NA	24834	10546	12558	40013	41164	47.58
95.6667	NA	10788	6162	7797	37364	44571	48.54
116.333	NA	7107	5476	7639	30414	34805	48.764
100.333	NA	15684	11864	10648	38562	45609	47.784
82.3333	10.42521368	936	14927	15432	37874	41764	47.816
84.5	4.261077844	835	5296	7776	39505	40759	47.236
90.5	NA	16893	6414	9549	38667	42314	47.724
61.5	NA	2991	10543	9749	30701	40652	48.64
98	NA	136173	4934	7206	38451	45002	47.912
136.167	NA	65147	12995	10063	15265	34700	50.444
79.1667	NA	15513	8087	7864	39995	43438	48.028
129.833	1.677308294	6390	6048	8236	42141	38037	46.992
117.333	2.295152722	6024	15851	35657	32438	39390	48.888
114.667	NA	23194	7412	8055	42556	43565	47.072
125	NA	21433	24419	36706	29042	34636	48.504
234.5	1.522280552	16382	10264	11763	35978	36877	47.44
185	NA	62065	5802	7628	38604	38648	46.796
128.333	NA	31547	9666	20398	34230	43045	48.608
137.333	8.790688652	5155	5327	7740	43666	45494	46.624
78	NA	15435	7367	9735	39809	44617	48.5
87.8333	NA	20066	6263	7872	36458	38733	47.732
254.667	2.437763713	1896	9899	16465	34081	39843	47.424
143.833	NA	10196	6380	7722	41490	44459	47.584
198.167	NA	29574	6032	7652	41876	47917	47.484
187.333	NA	12748	4663	6790	40895	47666	47.06
77.8333	NA	21091	5872	7469	40323	42839	46.708
69.6667	NA	10851	5369	6951	39026	43029	47.368
96	NA	31848	5094	7231	38274	44119	48.244
87.8333	NA	5515	6825	7776	31828	40416	47.812
178.833	1.65637776	19568	5340	7231	40871	41208	46.52
80.8333	NA	143866	9827	10258	39014	43258	47.352
84.3333	NA	1399	7949	8579	36595	41521	47.072
80.1667	1.658770394	10849	10386	15605	35697	40408	47.512
67.5	NA	15982	26033	31027	18143	40524	49.696
66.5	6.709623028	8303	6919	8383	37419	38313	46.492
41.3333	NA	69531	42884	45482	13057	34516	48.628
102.333	2.43855771	27595	32516	30153	11763	32923	48.668
91.5	NA	19597	5905	8154	40726	40578	47.076
48.8333	NA	5722	28075	19319	17019	36003	48.172
22.5	NA	36296	37329	36442	4888	30902	49.696
20.3333	NA	13310	43466	43836	4776	33698	49.312
36.5	NA	46717	29338	27159	5410	32960	49.472
26.8333	NA	3621	11949	9169	5535	34301	48.524
81.1667	NA	10768	15526	23089	22657	41370	47.796
40.5	2.439031239	14245	23373	44112	18644	34457	49.16
37	NA	5647	5965	8292	36869	44839	47.272
24.1667	NA	18824	23015	22556	16118	30610	48.124
24.8333	NA	86080	26688	25164	13892	30356	47.668
15.1667	NA	18505	46687	56161	5384	32633	49.036
19.3333	NA	22969	39129	52127	5599	29309	48.104
9.16667	NA	20675	52440	61958	5228	39239	49.836
19.1667	NA	24453	37302	35900	4960	27108	49.764
13.6667	NA	35179	36751	36874	5987	39376	48.436
14.3333	NA	11558	30223	29403	5264	21596	49.544
25.5	2.738947368	35150	27016	30310	5329	34277	48.696
14.6667	5.273155584	9339	30060	38081	5131	34498	47.828
14.5	NA	7373	20712	19675	5130	34565	48
10.5	2.914592659	5585	39139	50940	4702	41750	49.6
13.8333	2.076079427	17324	13947	13235	5393	30488	47.712
18.6667	NA	52636	14861	15650	5560	36455	49.224
4.16667	NA	7207	27017	30437	4712	38379	49.996
7	2.105168808	16735	20223	19340	5249	33277	48.416
3.66667	NA	15670	20644	15503	8051	29207	47.984
7.66667	NA	61086	36749	31510	7882	33934	47.948
14.1667	11.79698958	2591	9419	8806	5263	31890	47.06
4.33333	NA	22521	30198	25792	5157	31466	49.324
8.33333	NA	37739	18746	16386	8225	35602	48.164
15	3.155809524	2625	28856	16918	14735	37672	47.256
8.33333	1.585058215	12368	37038	40341	4785	39964	49.104
11.1667	1.738961039	6160	37569	40601	5253	33822	48.56
5.5	NA	27502	49553	38474	5219	42547	48.812
15.3333	NA	109609	33363	21129	5516	33935	49.26
11.5	NA	10177	36709	27080	5058	36668	48.684
12.5	NA	25688	24741	29174	5108	33090	49.072
6.33333	NA	27267	30382	46507	4931	38577	49.156
55.8333	2.590415335	54775	47377	45414	6422	41991	48.668
10.8333	NA	4520	37872	35842	15140	35686	48.076
10	NA	8660	24812	25922	10273	37456	48.936
18.5	NA	16611	14416	11406	12473	39732	47.976
17.3333	NA	11915	44257	52619	5000	37579	48.852
9.16667	NA	20159	31250	32006	5063	35906	48.948
9	NA	143056	35409	47288	14803	35192	48.256
14.8333	NA	27261	33105	45401	4895	33760	49.18
39.5	NA	9339	26992	25375	8528	34525	47.536
134.167	NA	15671	14044	23925	5125	37611	48.16
106	2.218376597	7281	36270	31609	4813	34184	49.476
19.8333	2.149385657	31904	43487	57576	5379	29136	48.232
22.1667	3.183801511	7013	50807	50085	5097	36134	48.78
12.3333	1.782879777	13633	37372	45840	5193	29012	49.328
11.8333	NA	16052	31540	45015	5000	36410	49.912
12.5	NA	14686	12042	19124	6104	27429	48.764
40.6667	NA	3104	8500	8045	34688	37954	46.38
43.1667	NA	3560	5736	7602	14261	44664	48.892
39	NA	4535	25732	20307	13427	32862	48.896
47.6667	NA	301482	23634	19269	5099	33486	49.704
56	NA	5603	7202	7856	5035	20996	47.796
109.167	2.943849121	2333	13117	16990	5457	37291	47.636
35.3333	2.202316763	28747	29792	47398	5016	32184	48.88
32.1667	NA	14682	32608	46185	5620	38303	50.224
249	NA	8256	13896	17436	34855	42606	47.26
182.167	NA	1397	6948	7489	40840	43673	46.82
184.833	5.495596007	3406	5414	7637	38276	45166	46.888
411.5	70.25411335	1094	10210	15561	34146	44521	48.16
409.5	NA	5864	5437	7340	41212	46635	46.152
243	NA	1423	5525	7293	38388	39177	45.776
269.167	NA	15627	8361	13951	36634	37926	47.08
213.833	NA	13978	24829	34775	25475	37184	47.608
199	NA	22495	14704	24060	15139	43625	48.164
156.833	NA	4351	11462	10311	15488	42408	49.944
128.167	3.799928851	14055	23800	47453	14126	37535	49.632
108.667	NA	7402	5269	7722	33988	46033	48.284
143.667	NA	1835	5114	6864	40841	38521	46.38
211.333	13.17840127	1889	5156	6956	39157	40752	47.012
377.833	NA	4358	5410	6922	44885	42933	45.364
298.333	6.648132059	1151	5250	6818	43254	45595	46.18
317.333	NA	10626	9294	7788	37384	40683	46.932
206.333	NA	106887	4908	6910	37950	40602	47.284
262.5	9.652542373	236	4777	6908	38561	42883	47.76
240.167	11.6364049	4406	5308	6881	40239	41821	46.968
253.333	3.12293578	545	4969	6978	41551	44064	46.316
154	NA	1296	4945	6358	42157	40494	41.924
80.8333	NA	2003	4919	6579	42527	43365	47.148
149.667	NA	1556	4192	5051	29750	23690	34.644
181.667	1.913347921	2285	8769	9149	43965	45394	46.772
167.5	NA	4539	4854	6544	42116	45721	47.992
132	2.912217195	1105	4618	6221	38293	38406	43.796
112.5	NA	2374	5342	6649	45464	42107	46.636
163.5	4.099337748	302	5913	6805	43761	38331	46.164
70.1667	NA	354	5473	6815	44967	41863	46.18
51	3.824120603	398	5051	6580	48025	43211	45.128
59.5	68	0	3884	4455	27911	21318	32.43195319
92	NA	1636	5039	6250	42333	35926	42.064
80.6667	4.508196721	366	4657	6467	42042	39671	44.48
117.5	89.89189189	111	4852	6426	42097	36774	45.328
225.833	NA	4847	5511	7041	46710	44234	45.64
143.5	NA	1425	4483	6431	38744	40003	43.72
15.6667	NA	6989	5932	7698	41207	42672	47.108
100.667	NA	6355	5998	8164	45232	40471	46.556
110.333	8.681081081	5550	5521	7075	43124	41115	46.144
271	NA	5385	7375	7893	42945	41273	46.584
198.5	NA	178368	6959	6973	42523	44282	46.472
57.6667	NA	28933	4717	6791	43659	48920	47.432
79.8333	NA	22436	6085	7127	42202	41221	46.396
158.667	NA	1526	4737	6977	43464	44458	46.664
94.1667	NA	5108	6234	7183	43749	47131	46.74
65.3333	2.388118812	1010	5067	6982	45005	47197	46.744
37.1667	NA	86487	13779	11595	30142	32765	47.992
108.167	NA	2779	5859	7207	45801	47226	46.616
103.833	NA	1371	4962	6714	41289	46135	47.344
95	4.028513238	491	5709	7121	43283	41284	46.012
225.167	NA	859	5645	7102	42110	41395	45.664
258.667	3.497572816	824	5424	6926	41401	44873	47.216
58.3333	NA	120954	18769	19035	31766	38022	48.44
28.3333	NA	39030	28128	26122	17925	36135	50.016
23.5	NA	3673	6400	7991	35630	50508	47.344
29.3333	NA	37708	34196	42627	5640	34185	48.824
29.6667	2.819306499	22956	20567	28747	5376	33459	49.808
53.3333	2.679767844	19642	33041	24633	6125	28140	46.712
25.5	NA	15814	13352	18107	33843	40280	47.596
8	NA	90874	45561	43536	5526	42284	49.952
21.5	NA	76630	11483	18041	26747	44659	48.024
24.5	NA	2377	5241	7516	36016	43464	47.9
19	NA	11576	26042	19636	31997	43432	48.22
18.8333	1.827362293	8932	28019	28936	5905	39639	48.204
14.3333	NA	18852	17051	17158	5275	37333	48.62
17	5.40784821	34785	32137	35976	5759	33398	48.58
20.6667	NA	11806	28319	35092	4750	35220	48.624
17.8333	3.295987286	2517	22670	21343	4799	36876	48.024
18.6667	NA	10378	38208	34577	4969	34133	48.44
16	NA	16853	24039	27053	5014	33538	48.7
18.3333	NA	15256	16454	16044	5198	36157	48.632
19	NA	11902	23657	27161	4943	36787	48.464
13.3333	NA	38098	18890	23922	5250	34186	48.756
12.1667	1.762807225	13508	37426	40057	4893	33994	49.676
18	NA	8259	15984	16286	5310	23874	48.792
14	NA	13933	28426	24848	4921	31711	48.72
10	NA	20309	48430	53003	4670	38195	50.084
13	NA	9004	33904	35589	5111	33468	48.704
11.6667	1.764507215	6514	42863	27580	9888	42175	48.952
14.3333	1.696221289	4049	21339	17935	9491	24973	48.692
11.5	NA	12746	44583	43083	4975	35133	48.884
14.1667	NA	24153	44465	42940	5256	37833	48.524
11.1667	NA	24467	39840	42833	5005	35845	48.868
9.16667	NA	9331	33417	43648	4793	44659	49.992
14.5	NA	94376	32809	37855	5462	28958	47.776
8.5	NA	49649	38293	38186	5431	37837	48.936
21.8333	NA	60252	18244	13659	6271	30476	48.648
11.8333	NA	73835	39444	54738	5343	33484	48.972
19	NA	104406	22370	33388	5580	18347	47.608
13.8333	NA	13557	43464	36598	5199	37311	47.988
12.6667	1.811965812	14742	49005	49851	4902	37642	49.392
20.8333	NA	36216	39752	35734	5015	31094	48.676
28.5	NA	16866	23091	31925	5082	37879	49.148
16.1667	1.894608074	10627	33758	36251	4615	36096	49.94
23.5	NA	4929	23904	22090	4645	35543	48.368
16.3333	NA	11171	27079	21562	4852	34016	47.668
11.8333	1.927833954	18790	43587	50935	4915	35530	48.976
14.5	1.700396344	12363	26777	32162	5015	32788	48.948
39	NA	24610	49350	58840	4842	37798	48.952
6.83333	2.777900961	5412	21758	28130	4959	32833	48.136
7.33333	1.764262767	9027	42553	43867	5114	31895	49.356
10.1667	2.014421426	8737	34253	36065	5224	32976	48.62
11.8333	1.567714056	13653	32846	27548	4923	34220	49.26
13.6667	NA	7676	32279	44725	5427	29421	47.808
7	NA	36489	51018	39307	5353	31448	49.336
6.5	3.609605326	4206	27558	40568	4809	44299	51.4
9.16667	NA	11154	6819	9102	4626	38964	49.792
5.66667	3.18267148	4155	27911	25143	5191	36277	48.048
16.5	NA	10499	23504	29102	4831	37398	48.924
12.3333	NA	27441	28040	27674	9281	34391	48.776
7.66667	NA	6053	12241	12127	5069	32752	48.516
15.6667	2.921243665	7301	35361	29903	4986	32376	48.796
10	NA	9385	6670	8764	8804	35645	48.312
10.5	NA	32425	13317	18930	8940	43540	49.264
8.66667	1.754635134	31121	53309	52374	5289	34586	49.768
13.6667	1.682696177	9940	54477	55509	4842	39250	50.04
16.5	NA	11825	30044	41681	4628	29195	49.9
17.3333	NA	24659	38418	41078	5467	39479	48.72
14.1667	NA	17427	48551	46685	5321	29367	48.508
10.6667	NA	8486	44303	39295	4542	38369	49.8
14.1667	NA	15277	50249	49435	5035	33492	49.368
9	4.017445962	31182	71646	81745	5722	41248	49.736
10.1667	NA	14187	23238	23547	4923	32854	49.2
9	NA	18003	28819	40940	5059	31254	48.88
6.66667	NA	62286	48476	50221	5135	36131	49.2
12.8333	NA	5959	21033	17024	5066	40292	48.42
15.5	NA	4671	20470	24864	5505	30018	47.884
15.8333	NA	61176	21785	18112	4936	31942	48.944
13	1.926425099	9052	31484	28456	4689	34313	48.66
22	2.55105938	21994	64563	53689	4880	33820	49.404
9.83333	NA	17129	40640	34586	5231	34821	49.668
14.3333	2.005834406	11655	41863	46851	4667	36475	49.84
13.6667	NA	6543	31503	35124	5149	42274	48.216
16	NA	16898	31107	36862	4981	35636	48.704
10	1.552075592	18838	39882	44451	8735	29500	48.608
6.33333	NA	23019	34599	34729	5322	32558	48.5
6.83333	2.113932208	7759	31832	46960	5222	33135	49.196
8.66667	2.397999605	96181	32277	32683	4889	38323	48.856
7.5	NA	7710	35334	39683	4690	36184	50.028
10.3333	NA	30185	45450	40631	5168	31784	49.132
12.6667	NA	13304	23416	23531	4977	42302	49.424
12.1667	NA	7852	42851	27308	5623	31966	49.008
12.1667	1.573727422	9135	26548	19569	5366	33111	48.516
23.6667	NA	38242	27885	25647	7009	27428	48.728
19.8333	2.489295715	33211	47972	45517	4959	40978	49.372
13.8333	2.092990701	30003	45093	58521	5134	38390	48.64
12.5	NA	36195	30359	29631	5319	37048	48.944
9.83333	NA	31709	38739	53627	5425	29763	49.312
12.6667	3.448519912	17803	43506	45207	4818	36189	50.824
21.5	NA	60514	30973	34532	4834	30509	49.38
11.5	NA	91891	22719	19538	5177	30111	48.816
14.3333	NA	17752	36592	42694	4765	43162	49.704
21	NA	7681	37929	32973	6205	36950	47.696
10.8333	2.297876375	10548	35367	43532	14638	38974	47.764
22	NA	7573	26250	25202	9693	41051	48.604
25.8333	NA	15863	16649	20625	5533	37101	48.568
27.1667	NA	10285	23267	23961	14657	36593	48.332
64	NA	4486	15727	15250	32696	41617	47.88
32.6667	NA	21020	11366	11697	30325	38956	48.028
22.1667	NA	15431	35295	38239	5671	31841	48.54
10.5	3.058898037	12632	26927	24401	7278	39422	49.404
20.6667	NA	5371	22838	17775	10439	33879	48.276
45.8333	NA	7183	13775	25431	25785	42703	47.104
59.1667	NA	14909	21693	19215	21339	41434	48.192
21	NA	16753	30904	40096	5407	42291	49.124
15.8333	2.246136634	14301	32562	59709	6215	37467	49.716
54.3333	NA	24744	12266	15859	31753	40909	48.164
50	NA	26035	7404	8504	37422	50096	48.032
71.6667	NA	6726	5938	8188	43985	41398	46.496
52.8333	NA	839	5669	7589	41465	43797	47.128
56.8333	NA	15405	6671	8000	42984	44210	46.544
48.3333	10.00853485	1406	6320	8144	32852	40225	46.484
38	NA	58783	38673	52329	5987	37261	49.216
37	NA	33050	24147	23442	5332	34385	49.068
12.1667	NA	10214	47244	39476	5244	30721	48.844
24.1667	1.602669564	6443	22683	26441	4787	35894	48.06
58.5	2.413394216	3285	21548	18411	4812	37842	47.88
23.5	1.784912492	8285	23223	23895	5321	41606	48.34
6.66667	NA	15148	43717	46020	4585	36982	49.764
15	NA	7578	24298	28184	5285	29819	49.316
23.5	NA	27450	23497	43043	5184	35470	49.324
11.5	2.491853911	12951	37124	41359	5137	30821	48.34
11.6667	NA	171886	20171	30927	5034	35862	49.024
12.5	2.482598608	6896	22925	30177	14117	30527	48.28
12	NA	13863	18952	19851	24245	39534	47.28
3.66667	2.441967013	6548	34863	32039	20689	35849	47.896
8.5	5.136433994	13567	39197	36964	4945	34175	49.296
9	1.707997853	5589	18832	23648	4844	35637	48.868
5.66667	NA	68939	30162	38596	4964	36867	49.116
4.33333	NA	12505	21964	28554	4910	27471	48.88
3.66667	2.446467218	15710	34207	48327	5243	34594	48.948
4.33333	2.80185339	22877	57653	53488	5518	30570	48.112
3.66667	3.136147493	23974	17322	15357	4985	39932	49.216
8.83333	3.107249719	72858	49050	55070	4936	31723	49.36
4.66667	NA	13637	47285	46025	5313	32490	47.828
4	1.936504916	31530	42687	63134	4476	36715	50.868
8.33333	3.132302796	17596	48229	43240	5116	36335	48.992
4.66667	NA	106002	46372	54339	5005	36997	49.008
6.83333	NA	149370	25873	17242	4972	37967	49.108
8.33333	NA	17252	39390	44843	4994	36737	50.172
8.83333	2.010847185	19913	24899	21093	5023	39431	48.552
21.5	NA	6769	28365	23994	4960	39607	48.096
6.33333	NA	12943	24472	32458	4685	43567	49.28
7.83333	1.784861639	7372	40500	36652	4880	35799	48.752
5.16667	NA	29180	54433	47564	5043	37199	49.288
2.5	NA	76333	48697	33523	5164	33442	49.476
3.83333	NA	9177	25090	20453	5195	35203	48.112
1.66667	NA	7701	27381	25888	4901	30434	48.336
6.66667	NA	8121	31868	27497	5292	33983	48.3
4.16667	NA	9504	18143	12912	5185	19611	48.576
2.83333	1.92435565	13114	37690	43710	4658	45121	50.156
6.16667	1.927357513	19300	38536	40899	5453	26632	49.08
3.16667	NA	21093	31772	50845	5061	31790	49.18
2	1.658174098	11304	39130	49807	4847	34712	48.648
3.16667	2.68617466	13157	37919	29452	5292	35798	49.024
5.33333	NA	16343	36357	36319	5012	32837	49.476
5.83333	NA	11615	40066	30849	5075	34598	48.776
6.66667	NA	15780	39227	50354	5102	33889	48.26
11.6667	NA	34928	30483	43862	5217	36551	48.396
11.5	NA	12720	45105	52370	5265	27020	49.304
16	NA	22985	17290	14981	4574	38393	48.3
11.6667	NA	11741	20746	19591	4891	38083	49.144
6.66667	2.701806589	14115	27272	39061	4493	41201	49.46
9.83333	NA	115290	53060	60742	5094	33183	49.176
5.5	2.531510562	33941	57623	59485	5323	35448	49.344
5.66667	1.510622612	14921	59027	53652	5268	39247	49.504
6.5	5.640536723	16992	29420	38047	4731	34985	49.86
12.3333	2.06071076	8104	41906	37261	5423	33263	48.672
22	NA	9216	29332	20715	5037	36803	49.064
21.8333	1.877150276	12324	35389	36871	5161	38841	49.356
20	2.022795217	16056	41421	39737	4838	39976	49.52
12.5	NA	19935	20471	23415	4858	37954	49.212
5.33333	NA	95734	30945	23171	5124	38128	49.052
8.66667	NA	16201	37759	28126	4893	33964	48.536
8	NA	11615	51263	48667	4595	35952	50.144
5.5	NA	17659	25253	22138	4720	23678	49.828
7.66667	NA	15591	44454	35660	5107	35693	48.648
9.66667	NA	84978	32890	33305	5382	25184	48.9
15	NA	24354	49069	45982	5411	35996	49.384
11	NA	12401	32471	31955	9679	34031	48.424
5.33333	1.802418668	17613	57764	68936	5045	35929	49.228
12.5	2.228637902	9456	17136	17605	5325	32710	48.348
9.5	4.448077773	18104	48709	42851	5206	32647	48.072
7	NA	17511	35266	32025	5348	36628	48.384
6.5	NA	15775	39657	33317	4888	36532	48.116
143.167	NA	175	1803	1238	3207	645	11.424
112.5	NA	164	2361	1710	3928	954	13.884
13.5	NA	8493	26261	26182	4806	35916	40.62
4.66667	2.02146107	11649	50037	42276	4951	44889	49.452
5.5	2.61192042	24026	41141	51882	5218	35746	49.276
6.33333	NA	93135	55107	55959	5480	32320	48.588
6	1.868427184	12875	33970	34181	4753	37078	49.448
7.66667	NA	43385	20334	14435	5518	29157	47.992
4.66667	NA	40026	21896	16285	5063	28288	49.316
4.5	NA	5083	34159	25228	5069	29630	49.552
9	NA	61237	33011	51582	19486	35773	48.288
5	NA	44778	42695	43071	5747	30139	48.696
4	NA	19146	50893	52944	5142	39102	49.688
6.66667	NA	8404	22204	24930	5237	28007	48.66
4.16667	NA	41122	31496	39896	5008	26365	48.692
8.16667	NA	34485	35518	48846	5536	31444	49.264
7	2.107926294	6838	21986	22693	4839	37356	48.792
6.33333	4.239680913	27328	46316	41986	4954	37778	49.772
11	1.576907908	20284	33225	37611	5318	21150	48.02
5.83333	NA	7379	31967	36283	4744	34080	49.712
6.66667	3.433180311	15684	38187	31310	5123	34661	49.024
6	NA	99663	35524	34585	5504	28024	48.992
5.66667	NA	20208	57924	55730	5062	40045	49.804
9.33333	NA	20966	29789	34432	5359	29969	48.496
5.83333	2.360618895	11569	58832	42696	5437	29059	48.508
5.66667	NA	16760	26350	27443	5471	24476	48.552
4.5	NA	8505	21544	26675	5895	35296	47.636
4.33333	NA	14617	39063	33423	5110	32131	49.252
3.33333	NA	162316	47348	51724	5068	39921	50.344
14	NA	4686	10554	13154	5140	39797	48.3
19.5	NA	12272	21391	20754	5110	34735	48.228
16.5	NA	6964	37675	37393	5206	33810	47.792
7.83333	5.97692953	23840	25721	29160	5283	39810	49.316
14.3333	NA	7651	32757	28048	12914	39365	48.868
21.3333	NA	26189	22818	27114	23526	35687	47.668
19.8333	NA	44816	39654	38931	6533	31363	49.236
21.3333	NA	24540	10914	16281	24982	38033	48.332
53.6667	NA	425	4681	6624	19148	46051	49.76
32.6667	4.514285714	35	4176	6226	11068	46856	51.468
52.6667	2.358239509	977	4895	6835	37302	45139	48.076
96.5	NA	10119	5948	6752	40043	45203	46.384
50	5.144089733	1159	7025	7213	39034	42264	46.932
47.1667	NA	88118	10864	11666	40030	43555	46.24
52.1667	NA	19412	5714	7023	25381	48362	50.356
78	8.696969697	1188	4827	6519	36413	43225	47.716
59.6667	2.294487793	3973	6364	6653	40136	39362	46.852
191.667	5.912778905	3944	11246	10189	39690	45427	47.452
163.333	NA	18711	9482	14390	36593	44816	47.828
125.333	NA	3695	12317	9782	38679	45386	47.584
120.833	NA	2925	5220	6619	40764	45032	47.492
149.833	NA	3360	5267	6908	34993	37474	47.916
85.6667	31.87254902	408	5560	6895	40606	47029	47.38
81.1667	NA	21939	5563	8051	37923	42319	47.072
72.8333	NA	27354	5282	6792	35669	40173	46.968
157.667	NA	8820	6550	7222	39045	45766	47.384
96.1667	4.244991941	4343	5004	7195	39922	45565	47.76
140	NA	1878	9986	15294	35032	35483	48.176
295.167	NA	75081	5711	7339	43300	39914	45.96
303.5	NA	11208	5272	7303	41303	44182	47.324
395.833	7.375866852	2884	5498	7068	43628	46112	46.54
241.667	3.280089989	2667	4858	6710	40231	43033	47.776
196.5	NA	18483	8558	9990	35263	33157	47.624
158	NA	4753	5067	6742	35738	41206	48.252
157.667	NA	3733	5361	7113	41876	43174	46.696
235.5	NA	4152	5093	7331	41303	46676	47.804
449.667	NA	21436	5387	7559	42782	40277	46.8
290.833	1.623318386	669	4549	4975	28928	24496	31.74
206	NA	837	5296	6850	43750	41454	44.328
327.833	NA	198256	11657	10180	36902	37220	46.748
290.333	4.105691057	1968	5072	7533	43189	43059	47.252
206.833	NA	5337	5955	7340	42171	46657	47.888
210	NA	1027	4917	7479	38856	48701	48.316
334.833	NA	10113	12997	28351	32122	42785	47.864
308.167	1.880761523	1996	6211	7479	36071	39116	47.656
63.3333	28.14872192	1291	6733	9112	37131	45327	48.448
128.167	4.305020763	2649	5141	6882	34572	41993	48.66
84.1667	NA	1066	5483	7069	37990	36872	47.348
109.333	NA	2666	5250	7418	41075	45553	48.2
165.833	NA	4143	5417	7095	40685	40733	47.156
211.833	9.783018868	212	5028	6833	39578	40669	47.216
265.833	3.025341131	3591	7634	7359	43258	44413	46.652
123.167	55.11144578	1992	5366	7091	44561	47562	46.412
411	NA	7215	5494	7103	41252	43436	46.648
283.833	NA	1978	5322	7139	41778	45058	47.416
227.5	10.19211823	406	5497	7039	38652	46311	48.12
318.833	NA	3660	7758	7858	43146	45826	46.916
294.667	1.565725414	5135	5698	6724	42096	43449	46.804
399.167	3.990759076	1515	5179	6686	37534	46019	49.536
511.667	14.74871795	390	5213	6977	45366	43694	45.748
488.667	6.232938292	2447	10560	15625	41962	45381	47.168
200.833	40.5494186	688	5936	7276	47644	45484	45.4
263.167	NA	12362	6544	7966	44748	43366	46.92
129.667	NA	33843	11158	11147	41510	42951	47.488
217.167	5.749103943	837	5671	7767	44705	43634	47.184
269.333	35.96899225	129	5092	6521	47583	45118	45.72
130.333	7.042016807	238	5417	7146	44737	42384	46.18
192.5	NA	8760	4935	6504	42838	41979	42.752
154.5	2896	0	3226	3312	20176	8831	25.38585836
33.8333	1.58847981	3368	8055	10973	34095	31868	34.964
115.167	NA	386	5305	6513	42041	39811	42.976
101.333	5.24822695	423	9190	7934	46945	41392	44.892
119.167	26.74534161	161	4724	6624	43772	46466	47.736
97.8333	31.79176755	413	7611	9927	35139	44459	48.804
219	10.6744186	430	6312	8099	49573	44993	45
196.333	NA	22443	17482	35760	33116	39982	48.072
210.833	NA	7889	11220	15887	46742	49263	46.464
312.5	NA	1109	5849	8852	54912	57656	45.2
80.1667	NA	37303	23771	56614	5937	25819	49.956
164.5	NA	10078	19856	27314	5542	28927	48.94
154.667	NA	33004	22717	17376	5141	35676	49.552
90.3333	2.78248974	3655	16598	19081	5260	36209	48.232
67	NA	16956	49157	62416	4883	35613	49.908
89.6667	NA	10487	28064	34350	5074	35893	48.704
55.3333	NA	8559	7738	12085	4966	32306	48.204
146	NA	16630	13372	15313	4888	31250	47.924
62.6667	NA	43664	14254	12448	4581	35534	49.128
52.8333	NA	5759	16576	18945	7375	30927	48.328
41.8333	1.864156111	14605	41969	54058	5048	40776	51.348
46.6667	3.420236563	16317	45292	58319	5138	38861	50.004
24.5	NA	15246	21160	15129	5226	36863	48.908
32.6667	NA	47348	16749	21310	22527	42107	48.052
36.6667	NA	11916	15131	16429	27775	40866	48.136
21.5	NA	12696	15323	14864	5102	32925	48.692
24.1667	1.653374233	7824	35856	41648	4827	32337	49.236
11.3333	NA	18483	29342	25241	5294	41105	50.02
8.66667	NA	11168	41970	52608	4668	37159	49.656
10.1667	NA	27622	39576	57189	4865	32792	49.384
17.5	1.959524574	3113	17900	22336	5403	17717	48.616
11.8333	6.114934006	13486	35493	36450	5248	32631	49.08
8.66667	NA	21034	35950	42740	4934	38796	49.848
8	3.173053748	16596	29205	35654	5186	32599	48.952
7	NA	101819	44929	52858	5251	30954	49.564
10.1667	NA	19016	48468	33873	4743	31564	48.76
14.5	NA	385181	23646	20359	5212	41259	48.992
13.1667	2.149312708	23789	38393	38160	4704	32928	50.74
7	NA	41716	44024	42266	5663	27653	49.156
9.83333	NA	32577	24602	35436	4805	33837	48.64
21	NA	19079	34079	46853	4941	29624	48.94
38	NA	9434	20504	15847	5260	37818	47.744
14.8333	NA	37906	32731	36247	5390	23198	48.488
18.8333	NA	21913	45352	41533	5357	34189	48.324
13.3333	1.897091723	3129	12319	11217	5331	34632	47.84
7.16667	4.062511325	11038	44544	42098	4923	38120	49.384
11.1667	NA	12477	21973	23397	4979	26835	48.476
13.6667	1.51752544	12382	49617	45221	5286	36302	49.32
20.8333	NA	6604	27655	21038	5369	28858	48.128
22.8333	2.773314541	4257	23449	21950	5139	28421	48.408
15.6667	2.135443038	4740	30849	34212	5012	36856	48.764
12.6667	NA	17300	36683	44993	4793	36268	49.188
12.3333	2.004583652	30107	43209	54935	5134	35734	49.668
18.5	NA	9849	31704	41150	5115	28023	48.796
11	1.716703297	9100	24226	18934	5267	37123	47.956
8.66667	NA	89624	48357	43774	4721	35488	49.744
10.5	NA	88601	24309	21180	4964	36689	48.696
13.1667	NA	104024	52460	68517	5572	36581	49.072
25.5	1.661266139	48020	51935	57189	5276	38621	49.592
24.1667	2.048550423	21627	60537	51275	5437	36289	49.152
18	NA	10244	36900	44534	4902	33127	49.376
17	NA	31961	35924	42650	5089	26046	49.788
16.1667	NA	35548	51626	53217	5070	38319	48.516
26	NA	29848	29940	47421	5319	39920	48.984
31	NA	37089	25300	19938	4762	29518	49.028
50.6667	2.284489329	41984	39666	47351	6751	30683	48.228
19.8333	NA	10353	39412	31566	5126	37373	48.608
15.3333	NA	15480	36291	52265	5001	35015	49.352
22.5	NA	41666	38495	46788	5581	31883	48.964
35.5	5.181915903	15815	40211	43368	5269	39638	48.42
20.3333	3.002985788	33492	54331	70233	4991	31435	49.288
11.8333	NA	18950	53012	56949	5310	32100	49.08
13.6667	NA	14946	42606	42478	4821	36094	49.62
13.8333	1.952041221	15138	45149	41830	4843	39545	49.48
16.6667	NA	11374	37095	50679	4525	37843	50.968
24.6667	1.544926484	11018	44129	36978	5079	32018	48.98
13.1667	NA	7661	32386	46559	5225	39003	49.116
17.5	NA	8487	32503	43253	5068	26800	48.9
20	2.781316348	2826	21641	18477	5242	35554	47.972
19.1667	NA	6906	18052	26530	5081	33204	48.316
14.6667	NA	17124	29259	35573	5102	39764	49.012
16.8333	NA	27515	38629	46383	5030	32165	50.388
17.8333	NA	14839	39092	38694	5039	35428	49.172
14	2.483444907	5527	32738	28077	4793	29825	49.164
17.1667	NA	16593	39222	31911	5052	30278	49.28
15	NA	43327	31328	30512	8458	28336	48.672
17	4.079600387	12412	38108	44926	5124	32126	48.844
15.5	NA	13838	15409	17915	5044	26435	49.728
16.6667	NA	36621	37853	30321	4855	34694	48.988
19.8333	NA	11648	31327	25666	5436	27096	48.744
55.6667	NA	53045	48495	35684	5582	26741	48.112
38.1667	2.000537259	18613	28478	23513	4876	31285	50.188
16.1667	NA	12509	34633	23145	5121	39982	48.644
19	1.73932424	11217	34040	29165	5421	30112	48.356
23.5	NA	15914	38350	37569	5151	30031	49.124
16	NA	8682	44368	38464	4577	42585	50.08
18.3333	NA	15072	36893	39507	4897	40295	49.348
28.1667	NA	67862	19854	24168	5038	29225	48.984
19.6667	NA	20113	37972	56271	5149	36438	48.876
19.3333	NA	39694	47750	37980	5043	34072	49.312
25	1.525717827	4841	43114	37036	5054	25770	48.948
21.8333	2.445716581	9957	33927	35133	4804	39188	49.22
24.3333	3.905127228	76123	23789	17658	5258	19472	48.12
14	1.929847353	3079	16800	16802	4800	28649	49.92
36	NA	58947	18930	15077	5042	36604	48.044
18.3333	1.547908473	11188	49134	61860	5071	35089	48.948
15.8333	1.598290598	5148	34232	30232	5509	23620	48.448
18.5	4.365561461	23706	36654	49665	5261	34593	48.404
18.1667	NA	11626	23758	29218	5055	28876	49.056
9.33333	NA	11598	36574	32256	4919	38893	49.428
73.3333	NA	20566	40701	33465	5847	33402	48.192
78.3333	NA	18516	34968	32874	4827	35348	48.912
28.6667	NA	11049	28913	34084	5354	29277	47.796
49	2.579150579	3885	28780	35437	4685	37049	48.836
19.6667	NA	22851	43931	62831	5361	31302	48.888
15.8333	1.637406512	17783	29540	44804	4817	38507	50.316
39	2.176396553	10329	54237	41374	4786	30474	49.372
22.3333	NA	14176	38524	27786	5132	35157	48.74
16.6667	NA	5928	19606	19207	4488	43629	49.928
16.3333	NA	8418	19469	22974	4959	40210	49.216
27	NA	15771	28440	28093	5113	26335	48.768
29	1.52195122	13120	46911	58520	5122	39220	48.812
15.1667	4.638195547	20793	52421	52914	5224	37423	49.552
18.3333	2.030636109	8552	34156	36246	6396	27068	47.808
20	NA	27923	50817	59809	4978	36801	49.468
12.1667	NA	12862	43190	36491	5297	34961	49.252
10.8333	NA	14990	51936	41490	4795	38589	49.116
16.8333	NA	21003	40472	53979	5628	29865	48.8
10	2.311010798	38989	31869	33098	5185	24704	49.092
17.6667	NA	4707	30554	24771	5089	30599	49.4
40.8333	NA	18037	30124	35667	5298	34830	47.948
56	NA	3540	13380	13089	5244	33803	46.48
24.5	NA	40019	38419	42438	5689	33400	47.836
24	NA	18368	32133	28892	5385	23128	49.144
18.3333	4.818944425	5722	26861	21072	4921	37113	48.544
24.3333	2.024783348	12347	39929	35348	5143	38502	48.16
19.6667	4.60478933	16495	34846	23893	7088	32299	46.948
21.6667	4.216714583	10087	38520	37088	5316	34908	48.664
17.3333	NA	12134	52004	46338	5382	32998	48.276
8.33333	NA	31104	48209	39437	5174	33128	47.92
12.1667	NA	15738	40613	28826	5248	37384	48.7
7.83333	NA	15582	35757	46653	4919	33319	49.988
7.66667	1.681758596	29751	55295	58927	5165	31832	49.42
10.6667	NA	23177	33931	27129	5033	34805	48.864
18	NA	8296	33097	35940	4879	36952	48.8
4.16667	2.020862834	21186	41341	58662	5056	43298	49.288
12.5	4.050195465	25580	44070	49510	5645	35420	49.24
13.8333	NA	101342	23945	25895	5595	33559	48.104
12.8333	NA	9896	23796	16583	5155	37495	48.568
18.8333	NA	10563	18033	23615	10184	40014	48.86
17.3333	1.650323544	8036	13514	14777	5213	36166	48.484
18.8333	NA	26431	32179	40950	5329	39409	50
56.6667	NA	253928	24312	36740	19860	38880	47.812
36.3333	1.641817909	20001	37192	47585	11248	34056	49.268
57.6667	3.453748006	2508	9838	19080	4983	39194	49.584
128	NA	30333	20109	13170	27333	38111	48.072
123	NA	20052	5990	7695	37044	42193	47.712
128.833	1.598692625	7037	5779	7420	41591	44366	46.608
125.333	NA	13303	4965	7220	38978	41714	47.348
110.167	6.72801951	7791	5390	7318	39157	46137	48.156
152.5	NA	6327	6709	7359	42422	42233	46.864
114.833	NA	14226	5902	7330	40641	47264	48.084
104.833	4.508130081	2460	12285	23403	35035	43235	48.044
171.833	NA	2734	6395	7938	39560	44751	47.484
185.5	58.75594714	1135	5836	7177	38809	43663	46.996
203.667	NA	9769	5442	7184	43205	44832	46.892
239.833	4.217009994	4903	5464	7259	39226	43505	48.076
138	NA	25561	6170	7830	38740	37755	46.9
77.1667	NA	11077	5397	7943	37295	44519	47.408
106.5	NA	5453	10522	13041	36189	45792	48.196
129.167	1.796784279	4478	6924	7455	43101	45465	46.48
132.5	NA	2842	12893	18844	34547	40162	46.764
231	NA	1094	5156	6970	43848	44414	45.988
200.167	NA	287	5262	6664	43505	47007	46.056
79.1667	NA	962	5086	6614	41175	46002	46.14
107.5	52.56279962	2086	5339	6854	43284	47578	46.136
191.5	NA	1283	5270	6652	44052	42661	45.248
185.833	2.076923077	182	5401	7178	43102	38179	45.152
218.333	2.337860781	7068	11450	23252	38774	42970	47.248
82.1667	4.06463642	1609	5260	7535	42269	42831	46.656
118	NA	4268	7697	8925	39434	40125	47.076
90.8333	3.987129987	3885	5356	7112	39971	43114	46.78
59.8333	2.873469388	245	4547	6662	35724	46021	48.892
101.167	69.79452055	146	5108	7039	39147	41505	46.02
180	NA	9115	5253	7002	40580	40202	46.008
87	NA	230963	6013	8953	38252	44432	48.652
54	NA	31314	15316	21647	31780	38746	48.26
33.8333	NA	5349	6078	7960	39849	43600	46.396
15.3333	NA	21135	27807	27997	14044	45536	48.312
13.3333	3.839949205	42524	31644	28414	5634	34712	48.612
14.1667	NA	42475	39208	77197	4848	33825	49.968
12.6667	NA	18115	17174	25925	24996	37570	47.524
6.66667	NA	14784	27958	28090	19080	37789	48.664
10.6667	2.397568519	9377	15333	14849	36409	40972	47.324
7	21.1946447	2913	11815	17896	34054	43544	47.856
5.16667	NA	38796	14186	14442	26767	39036	47.628
4	NA	83955	37440	50009	5500	37213	49.684
3.16667	NA	14499	22326	30471	5207	35389	49.592
1.83333	1.597860082	12150	33173	37087	4939	40428	50.12
2.5	NA	19078	40119	41398	5415	41275	48.592
4.5	NA	29770	55840	50307	5813	38650	48.968
7.16667	1.967658328	17748	57825	50301	5361	38224	48.004
35	NA	17331	32603	26634	4616	29287	40.376
152	NA	80	2108	1311	3966	560	12.056
108.833	NA	6	2043	1217	3813	575	11.608
12.3333	NA	45851	61752	49080	5326	30893	42.108
3	NA	15977	58678	44726	5758	35126	49.336
4	NA	34499	44509	53246	5534	35277	49.504
3.83333	NA	92255	35960	28014	5921	34766	48.292
3.66667	NA	24527	16054	12994	21013	37216	47.596
3.66667	2.44709643	9385	39930	38926	13487	39148	47.256
3	NA	11082	36082	36656	4786	32745	49.312
5	NA	6963	21770	19260	4787	39824	49.536
6	NA	26053	43910	33404	5519	32558	48.996
4.83333	NA	22345	28326	39003	4806	42443	48.996
4.83333	2.000816077	9803	36020	39808	4818	43662	49.832
6.5	1.716488925	12190	50218	49531	5002	34457	49.112
5.83333	NA	6683	33797	35256	4786	38751	49.264
6.66667	NA	5603	23822	21331	5207	32376	48.42
5.5	NA	14219	35367	32819	5124	33650	49.004
12	7.375389782	8338	28782	28543	14260	29827	48.696
9	NA	42786	34675	34695	5321	35788	48.82
10.3333	NA	29741	29273	37360	6295	33242	48.896
14	NA	12069	26094	25365	7418	27473	49.436
19	NA	25174	23856	28061	5483	21195	48.936
27.1667	NA	40795	23189	25886	7718	29664	48.536
15.8333	NA	4261	11257	12146	4890	37590	49.192
19.6667	NA	32189	29100	29457	8424	36810	47.744
12.8333	2.547960364	39762	37782	26507	5276	31819	48.04
15.1667	1.853419256	10397	28333	36461	4960	37040	48.684
18.6667	NA	13493	33195	36482	5160	33465	48.004
15.5	NA	30870	67786	64867	5125	42592	49.848
28.1667	NA	13414	32033	28199	5614	27970	47.636
87.1667	1.551861944	11010	28451	22247	4898	34569	48.84
37.5	NA	15832	38115	34701	4957	38687	50.084
21.1667	2.262358862	23647	45760	31182	4781	30940	49.668
12.3333	NA	8775	44149	45761	5222	31103	48.14
7.33333	NA	30041	35144	32318	5247	33493	48.2
9.83333	NA	68226	31502	20477	5410	44249	49.016
17	NA	14139	52275	45850	4655	33738	49.88
10.6667	NA	5981	29306	28308	5440	28155	48.36
13.5	NA	35452	58120	61904	4891	33726	49.904
9.5	NA	24188	47933	40316	5169	39113	49.664
6.5	2.607293903	61476	46613	52085	5019	45039	49.62
8.33333	2.153527544	14486	29220	26686	6322	34939	48.716
9.33333	NA	12347	30734	23434	5105	30280	49.36
13.1667	NA	179701	51249	55672	4887	32002	49.976
14.5	NA	18004	37127	29315	5065	30506	49.172
14.5	NA	37366	36973	35147	4977	37163	49.048
21.6667	1.817822062	14151	37768	40534	4693	32032	49.552
12.8333	NA	50216	22911	18783	4645	30540	49.52
20	NA	17326	39060	34849	5133	33308	48.452
12.5	NA	20403	36470	37618	5134	39611	49.46
22	NA	24963	33802	39155	5091	30626	48.2
24.1667	NA	21415	33372	35579	4972	28539	50
16.5	NA	20063	40944	36253	4695	30991	49.668
18	1.738470128	8955	27949	36423	5342	33851	48.548
38.1667	4.876548079	12677	23668	26258	4859	39800	47.828
25.1667	4.887767121	5943	11361	15057	5181	24509	47.172
15.8333	NA	32043	31278	48657	5287	32420	50.172
29.1667	NA	6538	18909	18865	11590	38766	48.536
13.5	2.59275266	6016	22503	28944	8728	34983	48.56
74.5	NA	1728	4907	8195	8477	50354	51.184
17.3333	1.523193449	24425	48897	65939	14150	31279	47.56
43.6667	NA	24077	50207	37935	5010	27644	49.204
120.167	NA	8725	34529	30551	4837	34647	49.132
72.6667	NA	9935	14439	12017	9297	28769	48.168
25	NA	3991	29856	36328	5406	37770	48.4
28.5	NA	26137	46590	36278	5097	28018	48.312
47.1667	1.783124005	5653	22189	25197	4797	42218	49.296
35.3333	2.407560728	12803	31224	53126	8724	35159	48.5
48.3333	NA	107705	19223	20739	9065	31304	48.156
46.8333	1.529273379	37406	18623	20250	21202	34332	48.66
46.6667	NA	15011	24030	29409	28760	36355	47.076
79.6667	NA	20187	6283	8423	40920	49626	46.796
31.8333	NA	29597	39738	38063	5483	33779	49.564
44.8333	NA	30000	13942	13472	28222	38607	47
29.8333	NA	21360	31980	44154	7884	36323	48.152
14.1667	2.11158377	12224	37511	35647	4806	32665	49.896
44	NA	14466	50746	47877	5091	33228	48.532
25.8333	NA	18799	22749	26339	4899	39533	49.576
23.3333	NA	11465	31400	34848	5492	31053	48.564
41.6667	NA	47254	13623	15751	5615	34844	47.356
19.5	NA	24912	42292	44826	4917	25224	49.588
7.66667	NA	12035	42670	46541	5160	25082	49.644
19.6667	NA	67471	38850	50865	5285	32348	48.664
68.6667	1.995245104	8833	44999	30298	4830	33415	48.856
29.8333	NA	17962	25291	31767	5706	37525	48.18
41.1667	NA	11606	36665	41977	4743	41962	50.168
38	2.036967419	12768	37313	59647	4846	32954	49.496
64	NA	14074	25790	34748	9948	39795	49.528
52.1667	NA	18173	35257	34272	5981	31350	48.048
64.1667	NA	113856	26002	24611	20102	39024	48.312
50.5	NA	17096	28975	34274	6150	38774	48.508
170.167	1.581738529	4337	6660	8516	36220	41129	46.564
146.833	NA	13722	16168	23490	7156	40775	49.372
77.3333	NA	7333	10779	13500	36803	36791	46.388
139.5	NA	12862	36857	44286	6070	38729	49.076
178.833	NA	150843	24958	37896	25231	42153	48.292
235.5	NA	5409	7378	7789	38663	45252	47.412
386.5	NA	3103	11023	12118	39846	44096	46.9
271	NA	3018	5295	6935	41946	44594	46.584
256	NA	2598	5613	6940	42742	44920	46.712
363.667	NA	310	5161	6720	42859	44592	45.964
240.333	NA	2656	5615	6634	44391	42402	46.696
284.667	1.888187556	1109	5071	6764	42886	39443	46.256
263.333	NA	9844	4801	6893	40456	41937	47.552
330.333	50.27992048	2515	5205	7095	39720	36952	45.696
210.5	NA	3803	5518	8040	43265	41642	45.88
230.333	4.442748092	1572	9524	15492	42333	44869	46.308
190.833	1.565194601	22893	34713	39437	27106	38915	48.256
257.833	4.594095941	2710	10445	14690	23875	34762	47.152
84.6667	NA	6761	21295	24207	4844	38379	48.788
96	NA	18725	35775	33992	5048	30766	49.692
95.6667	NA	28390	30905	45348	5204	37862	48.292
34.8333	NA	17873	58492	56655	6614	36138	49.136
121.167	NA	10454	33689	32257	4790	34853	49.228
69.5	NA	33381	35711	35129	5496	33183	48.628
98.1667	NA	15024	52006	54194	5769	29746	47.656
303.167	2.487280771	6329	19732	25211	5044	35359	49.256
342.167	NA	6737	17288	14183	5275	32913	48.984
244.833	NA	6654	12395	6895	4672	22868	50.628
14.6667	NA	0	1644	3096	4169	8086	52.212
15	NA	0	1625	3001	4360	8022	52.332
15.1667	NA	0	1644	2988	4388	8081	52.12
15	NA	0	1650	2977	4362	8187	52.016
13.8333	NA	0	1658	2948	4310	7902	52.116
22	NA	0	1644	3005	4213	7823	52.384
15.5	NA	0	1632	3036	4317	8077	52.108
15.1667	NA	0	1650	2928	4229	8038	51.968
16.5	NA	0	1685	3024	4286	7895	51.88
19.3333	NA	0	1653	3049	4287	7751	52.5
14.3333	NA	0	1657	2964	4304	8012	52.148
11.3333	NA	0	1664	3078	4250	8261	52.088
15	NA	0	1699	3001	4185	8183	51.952
21	NA	0	1546	3018	4377	7856	52.264
15.3333	NA	0	1645	3072	4238	7882	52.256
13.5	NA	0	1629	3109	4342	8018	52.168
16.5	NA	0	1641	2986	4233	7930	51.98
13.5	NA	0	1588	3088	4172	7647	52.092
18	NA	0	1641	3014	4380	7847	52.412
15.5	NA	0	1573	2999	4291	7988	52.12
14.5	NA	0	1607	3061	4215	8102	51.968
14.1667	NA	0	1717	3001	4156	8015	51.976
19.6667	NA	0	1636	3064	4152	7782	52.464
13.6667	NA	0	1663	3142	4234	7958	52.112
14.3333	NA	0	1601	3007	4334	8329	52.06
17	NA	0	1622	3087	4109	8026	51.944
18.3333	NA	0	1644	3004	4249	7717	52.308
15.8333	NA	0	1570	3128	4245	7984	52.192
18.6667	NA	0	1591	3001	4189	8113	52.156
15.1667	NA	0	1702	2960	4262	8039	51.928
15.5	NA	0	1595	2944	4060	7893	52.22
17.8333	NA	0	1618	3058	4418	7931	52.344
14.6667	NA	0	1656	3063	4351	7936	52.076
15.5	NA	0	1635	3059	4252	8166	52.052
12.8333	NA	0	1579	3074	4154	7939	52.056
20.5	NA	0	1660	3151	4349	7733	52.4
15	NA	0	1576	3073	4222	8034	52.08
15.3333	NA	0	1696	3141	4199	8146	51.988
15.5	NA	0	1673	2935	4315	7970	51.912
19.5	NA	0	1579	2961	4340	7869	52.488
16.1667	NA	0	1699	3072	4302	8021	52.172
15.5	NA	0	1613	2952	4214	8257	52.076
15.8333	NA	0	1686	3036	4243	8043	51.964
18.8333	NA	0	1610	3001	4241	7831	52.204
17.6667	NA	0	1658	3026	4311	7980	52.324
14.5	NA	0	1647	3042	4250	8174	52.12
15.1667	NA	0	1597	3030	4242	7919	52.004
16.5	NA	0	1653	3005	4174	7974	52.084
16	NA	0	1644	3058	4210	7875	52.428
12.5	NA	0	1619	3033	4297	8049	52.108
14.5	NA	0	1659	2989	4267	8000	51.968
14.5	NA	0	1591	3029	4302	7951	51.912
18.1667	NA	0	1712	3088	4198	7947	52.504
15.5	NA	0	1598	3059	4303	7953	52.124
15.5	1.625	80	1807	3257	4799	8089	51.604
3.66667	NA	11	468	902	1153	2289	51.47313692
