GC content	Induction>1.5	Variants	M.H3K27me3	M.H3K4me2	M.H3K4me3
29.888	2.265060241	89.1667	32683	4291	4679
44.04	1.797101449	89.3333	41717	5128	6334
44.076	26.25862069	138.833	42469	5058	6475
45.9	9.311163895	134	44584	5042	6660
46.332	NA	170.667	44933	5175	6872
47.26	1.721518987	161.333	40147	4851	6611
48.204	2.096676737	165	40847	4847	6643
48.684	1.975	127.833	36619	4524	6794
45.972	11.25139665	199	40575	4644	6205
46.628	1.907120743	158.5	43727	5228	6991
45.404	6.994923858	324.167	41757	8905	11867
47.392	1.830712185	221.167	39651	5945	7705
47.516	2.507142857	237.667	40343	4639	7037
47.532	84.72483221	514.167	43174	4611	7020
46.812	5.00390117	198	40744	5343	6914
45.392	9.107784431	137	44594	5151	6711
47.036	NA	219.667	42827	7884	8433
45.832	2.404907975	260.167	43019	5247	7027
48.616	NA	118.167	27664	5052	7300
44.924	NA	116	35473	4634	7003
46.296	6.797856795	209.667	35930	11265	17017
46.524	NA	372	27462	5474	7671
48.936	2.156889809	109.5	5426	28956	35128
48.736	3.017516543	63.1667	5601	33327	34380
50.104	1.543377189	57.1667	5403	36738	45278
48.164	1.555047728	80.1667	23927	14478	17023
45.86	NA	315.5	41765	5701	7656
47.096	NA	58.1667	37478	11986	9788
46.764	NA	31.1667	44042	5821	7769
46.024	8.161977835	102.333	41665	5312	7491
48.044	NA	53.6667	26185	13920	23846
49.104	NA	52.6667	6025	23400	40488
47.856	NA	61.1667	5662	22192	19244
49.036	NA	23.5	5122	29757	30508
48.044	NA	16	5217	43342	55192
49.164	NA	16.5	5150	40449	31717
49.58	NA	12	4779	33349	30455
49.868	NA	27.3333	4971	47599	54088
50.028	1.62120068	28	4867	47950	55739
47.624	NA	29.1667	5461	17804	20044
50.724	2.074582083	25.6667	4429	13552	17437
48.092	1.874632316	30	5254	34519	27809
50.176	NA	16.6667	5116	38622	43148
48.96	NA	20.3333	6952	21106	16115
48.544	1.960020608	18.3333	13332	20314	21357
47.66	1.787153652	26.5	5347	22483	20546
48.388	NA	22	5224	36889	31877
49.74	NA	19.8333	5057	46327	44141
49.784	NA	17.1667	5042	55830	64973
49.372	NA	19.3333	4749	35717	33544
48.492	2.251519692	26.6667	5118	34766	37462
49.508	NA	10.5	6448	43294	43715
49.132	NA	10.5	6622	28432	27653
48.288	NA	20.8333	7172	23287	17669
48.592	2.328221606	36.3333	5163	50238	35962
50.104	NA	43.3333	4426	30704	30645
48.796	NA	35.5	5569	43734	40727
48.92	NA	52.6667	5303	44398	37720
48.472	NA	24.5	5149	50895	47752
49.68	NA	9	5074	50587	52804
48.684	2.444444444	11.8333	5370	43526	44572
49.404	NA	15.5	5033	22882	26574
49.648	NA	9.33333	5193	58784	48053
50.244	NA	7.33333	4756	52646	51605
49.328	NA	8.83333	4849	31094	43568
48.784	NA	12	5176	26735	29333
48.72	NA	8	5181	27866	32392
49.36	NA	12.1667	4883	25484	35603
49.396	NA	6.5	7326	23523	20581
49.7	NA	10.5	4544	29911	20952
49.524	2.108478538	7.33333	5099	49786	61351
48.472	2.811480757	12	5249	30356	48358
50.02	NA	7.83333	4406	25692	17600
48.516	1.880526577	16.6667	4804	21513	23239
48.692	NA	12	5041	32881	21810
49.38	NA	11.6667	5328	38186	45052
47.496	NA	13.5	5270	23509	27443
49.24	NA	8.5	5098	51394	53835
49.328	NA	8.5	5187	38047	30623
49.064	NA	12	4968	28402	27761
49.028	4.737653754	8.16667	4542	36178	49370
49.892	2.614582679	13.1667	4689	40495	49285
50.768	1.983032783	18	5069	45367	58365
50.228	NA	8	4849	38113	32343
49.012	1.726132903	16.3333	11636	29913	34197
49.36	NA	21	7346	35896	34573
48.324	4.41796875	16.8333	5251	39675	51164
49.436	NA	18.1667	4464	27289	24898
48.844	NA	19.1667	4859	29232	44444
48.588	NA	16.6667	5543	17155	11726
49.868	NA	12.5	5248	39268	37443
47.728	NA	21.1667	5663	22531	15255
48.948	NA	26.5	5097	44206	49004
48.856	NA	14	5131	37077	36542
49.536	NA	17.5	4982	35221	41137
49.372	1.647108131	19.3333	4980	34571	45530
49.288	NA	26.1667	5164	25908	28996
48.892	NA	17.5	5218	28525	29614
48.876	NA	17.5	5023	40728	40950
47.492	NA	34.5	10880	33408	22739
49.056	NA	26.3333	19409	21614	26968
48.872	2.049973972	28	5158	56308	58837
48.212	NA	26.5	5551	22622	37256
49.168	4.238035694	30.3333	5306	19521	27702
49.636	NA	33.1667	4498	16335	27741
48.996	NA	28.6667	5262	29701	40558
48.38	NA	13.3333	5082	33213	39313
48.788	1.914788274	19	5142	29192	34910
49.42	1.582546306	34.3333	4676	33217	22683
49.684	NA	28.1667	4959	34941	32960
48.908	2.459022833	15	4604	19715	20215
48.592	NA	23.6667	4956	38885	34907
49.332	NA	12.3333	5203	24729	34041
49.012	NA	34.1667	6148	49782	57166
49.828	1.853372434	19.5	4768	46058	48074
48.636	NA	7.83333	4960	26824	32447
48.388	NA	17.1667	5124	23247	40737
48.848	NA	14.3333	4776	37133	32470
49.5	NA	13	6653	44999	36279
48.64	NA	11.5	5267	57128	49526
47.844	NA	10.6667	5141	22851	25853
47.768	4.366083056	24.8333	5167	19287	20475
48.128	2.030371793	14	5414	33280	35458
47.684	NA	17.8333	5773	30322	33617
47.524	NA	26.6667	5284	30911	28581
48.092	NA	70.1667	5086	37073	42103
49.736	3.168170632	22.5	4516	39431	37247
48.196	NA	31.1667	5144	22369	31238
48.044	NA	30	4849	27163	27960
48.144	1.62740091	36.3333	4904	9391	10236
48.44	NA	31.1667	4454	12686	19569
49.364	NA	23	4989	44471	34600
49.204	1.594769131	14.3333	4744	29216	30485
49.932	3.348418256	14.5	4843	53098	66042
48.336	NA	12.3333	5198	39709	41443
49.14	NA	18.3333	5132	56373	40543
48.628	NA	21.8333	4812	29146	33156
48.688	NA	14.1667	5274	19398	17286
51.96	NA	39.8333	3843	19186	16631
49.684	NA	16.8333	4728	51582	48644
47.916	NA	16.8333	5303	36821	32758
49.364	NA	26.8333	4749	28081	34844
47.92	2.318238722	66	5168	34536	48697
46.708	3.226806582	26.8333	5407	25099	27563
48.044	NA	35.8333	5006	26323	26715
49.112	2.098347394	29.6667	4950	57745	59379
49.416	1.611737921	11.8333	4769	41827	51163
49.108	NA	15.6667	5005	50193	50576
49.388	2.379576279	25	4713	48148	41222
49.456	NA	14.3333	4774	37929	38451
49.416	2.739984111	22.3333	4640	23437	24303
48.82	2.692233181	25.1667	10496	43523	37450
48.956	NA	19	5581	30075	43991
49.62	NA	19	4757	34609	52169
49.404	NA	19.8333	5305	50176	49088
49.068	NA	32.6667	5014	23490	26617
49.148	NA	22.1667	5274	43059	58292
49.164	1.810934812	20.3333	4961	32248	41238
49.752	NA	15.3333	5663	50679	58694
49.144	NA	13.3333	4795	31389	34333
48.3	1.726263872	15.8333	5376	40762	35969
48.48	1.974506625	8.16667	5433	48996	54639
49.616	1.628436019	12	4908	41236	59729
49.368	2.120947933	8.33333	5012	50459	54481
49.284	NA	15.5	5061	43104	45708
48.784	NA	16.3333	5719	23211	30700
48.884	3.273081694	9.16667	5193	35159	37123
48.192	1.994314144	6	5068	36902	31785
48.096	1.516262915	8.16667	5457	36685	47862
49.448	NA	6	4836	45923	41698
49.356	NA	14.3333	4918	56979	48708
50.02	NA	11.5	5336	30028	33659
49.344	NA	12	4969	32749	41064
50.392	NA	7.66667	4529	14815	14956
50.24	2.326439578	9.66667	4746	40259	55098
49.94	NA	12	4839	46803	69106
48.88	3.128954177	4.5	5076	45121	40110
51.66	NA	9.16667	4201	33872	39435
48.68	1.765763733	9.83333	5424	45798	44491
48.876	NA	8	5539	28963	32886
48.504	NA	5.83333	5262	36764	43062
48.684	NA	7.66667	5357	48790	49374
49.524	NA	11	16048	28579	35543
47.972	1.804031275	7.66667	7970	45819	39476
48.748	1.659222121	10.6667	5342	54474	51536
48.968	1.568662063	6.83333	5099	33910	19390
50.068	NA	7.33333	4843	48658	45056
48.976	1.733003808	11	5234	32190	38717
48.78	NA	11.3333	5390	15934	16111
49.268	NA	14.8333	4700	28589	28891
50.104	2.334938167	22.5	4944	48572	43205
48.692	NA	19.1667	5323	30380	41335
49.02	NA	28.1667	5449	40067	30299
48.472	NA	9.5	5004	31917	22341
49.824	2.052874163	10.3333	4730	34256	34012
48.892	NA	12.6667	5587	22478	25935
48.276	1.520323151	10.1667	5370	21320	23028
49.116	1.583887156	9.33333	4716	28415	21365
48.724	NA	10.6667	4868	36997	34802
49.616	3.608449667	13.5	5056	43562	53522
47.752	7.433918897	35.8333	9237	18426	20143
48	NA	14.1667	4973	22930	21379
48.872	NA	14	5061	42300	39154
49.076	2.181281236	15.1667	8479	39855	50911
49.988	NA	12.3333	5077	41328	38768
49.636	NA	13.5	5094	25767	42430
49.612	NA	20.5	4843	12778	13370
48.74	1.826152005	13.8333	5039	26270	32689
49.408	NA	21.6667	5401	24351	28466
47.756	NA	17	4779	9954	10763
47.816	NA	21.1667	5305	11985	12493
47.884	NA	18.5	10204	18234	20854
47.936	2.959157895	32	12393	19133	20035
49.236	NA	26.6667	5048	28165	27592
49.172	NA	34.1667	4873	31783	40331
48.076	NA	61.1667	5481	41679	39917
47.8	1.829507413	18.8333	4927	21995	29107
49.688	1.52	25.8333	4818	36320	40957
50.216	NA	19.6667	4752	24866	48487
49.748	NA	51.6667	4752	29901	34551
49.216	NA	59.1667	4816	34394	36790
48.532	NA	77	5009	31840	34213
47.216	NA	195.333	5519	14549	14197
49.54	NA	129.833	4580	4722	7327
48.604	NA	63.6667	4775	21477	17454
50.6	NA	76.6667	4583	31339	31922
48.796	NA	105.5	5224	14980	14463
47.756	3.716341213	153.5	9799	6306	6955
46.884	NA	151.333	34205	5560	7449
48.132	NA	257.5	25337	6889	7417
46.884	NA	300.667	41005	5349	7102
47.064	1.707168277	164.833	37823	10519	12577
49.412	30.07624234	183	37199	4432	7093
47.864	NA	141.5	36521	5472	7587
46.3	NA	138.667	40053	5147	6746
47.884	NA	137.5	37632	5001	6726
46.616	NA	212	38853	6185	7023
47.784	9.367219917	114.667	39243	5392	7566
46.3	3.152066743	99.5	40677	7231	7954
46.452	8.177057357	105.333	43173	5770	7644
48.44	NA	71.5	13739	19344	19281
49.524	NA	71.6667	6501	31840	47493
49.624	NA	33.6667	5187	27844	34353
50.024	NA	26.6667	4978	36114	47890
48.892	2.094842916	43.8333	5383	27180	24554
48.496	NA	50.6667	4835	25993	30642
48.804	2.067988283	45.1667	5212	42783	45963
48.704	NA	32.6667	5415	23523	28635
49.536	NA	15.6667	4995	42684	31790
49.312	NA	14.6667	5246	67252	68429
49.848	NA	30.5	4718	49929	59790
49.516	NA	28.5	4908	33411	33236
49.796	1.685401381	30.1667	4858	37307	37422
49.668	NA	24.8333	4927	49582	37256
49.164	NA	29.8333	5243	48402	54771
49.344	1.749876071	33	5140	45966	55650
48.896	NA	34.5	5061	33963	35270
49.012	2.372155078	15.5	5099	25753	30045
48.792	2.977909674	15	5652	60052	58655
49.88	NA	6.33333	5527	35647	54801
49.956	NA	6.16667	6580	42098	42837
47.884	NA	41.5	26990	19550	23536
47.052	NA	20	39653	6207	7843
47.364	NA	25.6667	41582	6278	8517
48.952	NA	38.8333	6204	23015	38779
48.22	NA	59.6667	5470	38997	41140
48.188	NA	79.3333	5095	17509	15697
49.572	NA	46	5402	33011	45862
47.228	NA	21.6667	21861	33183	35385
48.344	NA	29.5	15083	29235	36696
49.868	NA	22.6667	4967	36307	43863
48.108	1.898584071	33.3333	4851	34573	27970
49.188	NA	29.6667	5041	21145	19597
48.708	NA	44.6667	5414	32608	27895
48.252	NA	30	12204	21696	24793
49.352	2.255870303	24.6667	5929	49590	59470
48.916	3.935083105	52.5	13024	23930	38011
47.552	15.99185336	96.8333	31696	6491	9525
48.98	NA	96.6667	27375	20667	27621
47.472	NA	81.3333	38039	5372	7628
48.72	NA	105.167	21890	18371	22416
46.716	NA	99	35983	10617	12615
47.932	3.288241011	79.1667	31502	14031	10368
46.684	NA	184	40979	5504	7754
46.216	1.945736434	138	42546	5278	7502
47.832	NA	81.3333	27121	24577	30455
47.532	1.620209059	182	30650	8637	14974
46.42	2.785772029	134	43059	6150	9809
46.664	NA	177.167	37046	5592	7736
49.808	4.343634597	92	8592	31909	28340
49.94	NA	83.3333	5376	25094	53582
48.836	2.400466563	201.333	6001	18501	24563
47.94	NA	167.333	31128	6440	7690
47.652	NA	106.667	37596	7505	9769
48.024	NA	195.333	33422	13292	15712
47.244	NA	284	40452	6364	8618
48.252	NA	129.667	38296	5379	6982
46.696	3.921450151	151.667	41662	5117	7047
47.584	NA	110	37448	5682	7138
50.22	124.75	133.667	11508	4374	6664
49.176	NA	152.5	25692	8926	22703
47.76	NA	101.833	29799	5792	7840
46.936	10.86906475	205.667	37714	4855	6897
48.76	2.095430108	458.5	39158	4576	7039
47.428	3.034738617	208.5	38318	5233	7053
45.784	2.45	286.833	42753	5262	6656
46.172	NA	86	40520	5780	7049
46.804	3.872131148	121.333	38611	5045	6896
47.852	5.305502846	120	40024	4889	6674
47.952	NA	36.1667	36471	8198	8741
46.964	NA	65.6667	35500	13716	15880
46.32	NA	178.333	41166	10887	12066
47.092	NA	49.6667	37240	6086	7685
48.5	5.308765653	66.5	24650	21745	19618
48.212	NA	40.1667	30202	26286	26056
48.004	NA	45	26591	35965	48174
49.26	1.840947111	23.8333	5447	30609	41028
49.616	NA	9.33333	4777	22978	22813
49.036	NA	18.3333	6927	40370	41558
50.132	NA	5.5	5010	51167	42691
48.248	NA	12.8333	5412	28817	31448
49.372	1.973758608	10.1667	5257	62771	66803
48.676	NA	5.66667	5364	55223	49832
49.756	NA	16.5	7613	40712	30788
49.204	NA	8.5	5678	51179	49806
48.884	NA	10.6667	5191	33831	37594
48.312	1.818113632	14.1667	5376	35770	33021
49.092	4.764372148	8.16667	4976	35805	35107
47.988	NA	17.3333	5203	22198	22616
49.4	NA	11	5202	45662	38848
49.268	NA	14.6667	5178	23716	32869
48.268	NA	8.16667	8768	22375	24241
48.324	NA	15.6667	5420	20148	26321
50.004	NA	19.6667	4618	18352	24040
48.704	NA	14.5	5602	47403	36809
47.916	2.074884108	26.1667	11737	37988	33967
47.4	NA	52.3333	39943	17132	18051
47.716	2.899447061	33.8333	11807	27687	34990
50.216	5.963011889	17.3333	4949	9887	12070
49.244	NA	18.8333	5133	31828	27161
48.748	1.888562142	31.6667	5149	21365	20590
49.076	NA	29.6667	5344	48223	41683
49.572	NA	10.6667	8057	55091	57014
48.712	2.321427149	16.1667	20137	12603	15764
47.156	NA	25	39069	7720	9405
48.004	NA	23.8333	19526	17371	24804
49.252	1.651187727	22.1667	5690	47669	52876
48.764	NA	35.6667	7885	33780	49337
48.784	NA	20.8333	5266	29801	29246
48.5	NA	25.6667	5274	38234	33441
48.664	NA	20.5	5248	27799	34749
49.628	NA	8.66667	5126	33180	20454
47.664	NA	18.6667	5587	13818	32467
48.304	NA	15	5264	19043	25419
48.508	2.0015675	10.1667	8244	33276	42331
49.428	4.716995448	13.3333	4768	36600	43091
49.188	NA	11.5	5435	54167	51068
48.328	NA	7.66667	5491	42475	52300
31.084	2.913484487	89.1667	4514	29277	22713
13.052	NA	161.5	4179	2351	1544
21.16	1.732	159	4223	12258	8416
48.98	3.976055566	6.33333	5081	54151	59506
49.556	3.12588789	9.5	5068	39336	43544
48.704	6.587284627	15.5	4907	23845	34148
49.532	NA	13	4856	36505	35996
49.336	2.752325413	5.16667	5247	50303	46682
49.148	NA	5.33333	5393	56165	45529
48.716	NA	10.1667	5351	43556	36988
49.368	NA	7	4802	28185	29646
49.648	NA	7.5	4789	52527	47935
49.644	2.605185985	4.66667	5088	49485	44354
48.804	NA	4.83333	5156	21751	18865
48.068	NA	4.16667	5453	46026	41583
49.124	NA	5.66667	5071	39031	43761
48.984	2.279449788	4.5	5269	31999	38466
49.048	5.143594557	7.5	5248	32000	40678
49.34	NA	5.66667	4798	46053	39795
48.444	NA	2.83333	5302	33805	51879
49.74	2.694269663	4.66667	4804	17558	24678
50.02	1.891868331	6.16667	5020	57524	69425
48.66	NA	7.16667	5410	36168	46992
48.312	NA	5.33333	5537	25497	25385
50.084	NA	7	4758	38534	43934
47.976	NA	10.1667	5077	24888	28055
49.712	NA	7.66667	5040	19750	17819
48.524	NA	10.8333	5377	59610	60618
48.508	NA	4.83333	5055	28312	35124
48.904	2.502346038	5.16667	5318	14764	15730
49.508	NA	7.66667	4888	27984	27922
49.292	NA	7.83333	4772	32865	34798
49.6	NA	9.66667	5009	40584	60110
50.192	2.314155251	15.5	4174	6293	8551
49.096	NA	9	5178	46554	48314
49.244	NA	10	5108	24584	25747
47.824	NA	16.6667	4848	32876	35169
48.84	NA	11.8333	5112	27525	34967
48.84	NA	11.5	5620	39486	48743
48.78	NA	11.1667	5143	20500	16769
49.236	NA	23.8333	5117	38655	39732
49.732	NA	20.8333	4869	55312	71032
48.792	NA	17.8333	5359	34857	40124
48.608	NA	16.6667	5115	37226	35452
49.228	NA	23	4619	17942	27709
49.04	NA	52.8333	5275	45410	33213
48.124	2.342337359	29.3333	5248	32699	36562
48.768	NA	9.5	5106	19913	23092
49.06	NA	13.8333	4846	28514	23462
48.932	NA	15.5	5006	24349	18166
47.276	NA	12.8333	4971	34526	32720
48.384	NA	7.83333	5528	34718	36490
50.256	2.004299481	6.16667	4910	38273	49898
49.76	NA	14.1667	4942	41628	47978
49.292	6.056038057	14.8333	5171	43505	51685
47.9	NA	19	5346	44920	43498
48.704	NA	13.5	5068	30759	28960
49.34	NA	16.1667	5288	56802	64595
47.88	NA	19.1667	5824	32594	40030
48.56	1.654837404	8.66667	11120	13441	17260
49.664	1.572321222	10.8333	4604	34705	50648
49.064	NA	25.8333	5221	51659	66917
48.936	NA	28	5444	40657	60655
48.276	NA	15.3333	19005	15463	15678
46.832	NA	46.8333	26464	9163	9864
49.308	2.447863248	40	8550	25100	23090
49.44	1.777200316	21	5026	28017	36176
49.036	NA	15.3333	5127	27665	47419
48.528	2.921845906	22.6667	5004	43735	51655
48.156	2.249410786	40.6667	5003	44354	50691
48.968	NA	22.6667	5421	27570	36961
49.588	NA	21.5	5346	47102	47741
46.8	NA	69.3333	5483	19489	19026
48.628	1.556492411	78.6667	4882	16185	26227
48.248	2.796638655	105.333	5285	10985	16171
48.56	2.228810736	39.1667	5769	30905	41674
47.24	NA	50.5	33513	5422	7817
47.2	NA	100.833	38867	5728	7509
46.812	NA	141	37626	4837	6877
47.028	NA	53	37231	5118	6990
46.848	NA	89.8333	36220	5893	7231
46.98	4.017353579	126.333	30906	5007	6815
49.124	4.001416431	94.8333	5208	11168	11149
47.44	NA	148.167	6324	20288	26548
47.944	NA	149.5	5319	20657	25209
49.524	NA	340.667	25283	26106	34620
49.244	NA	65.5	7515	35812	50556
48.22	NA	67.3333	5688	14817	41805
49.932	NA	49.1667	5347	30678	41933
50.436	NA	76.5	5969	28168	38652
45.432	NA	144.167	44866	6262	8128
47.624	NA	112.333	42587	6311	7178
47.672	NA	102.5	46201	5583	7089
45.48	NA	140.167	44598	6107	7331
47.92	NA	176.167	40570	4887	6675
46.732	NA	105.5	43300	5033	7047
46.832	4.769784173	229.5	40340	7168	7189
46.128	NA	245	42053	4967	6828
47.38	2.665132336	182.667	40690	4864	6872
46.284	NA	499.167	44160	5191	7048
47.336	NA	48.3333	39691	4595	6740
46.44	NA	196.5	42058	5350	6724
46.768	NA	239.5	41438	4826	6978
45.956	14.75517791	355.167	45373	5270	6995
47.192	1.966666667	185.5	40320	4564	6681
46.792	NA	239.833	41965	4898	7300
46.048	3.504116223	292.833	44624	6027	7011
47.06	16.17837976	227	44905	5086	7035
46.352	NA	110.333	39541	4773	6370
45.672	19.90871369	83.6667	41746	5003	6206
46.852	4.087649402	66.3333	44130	4972	6417
40.072	11.875	42.8333	38750	4582	5906
25.12328767	NA	106.5	14982	2263	2198
26.652	NA	213	25583	4022	4320
44.872	NA	121.833	40765	7834	8710
45.692	29.45945946	88.3333	45225	5117	6487
45.848	25.98175476	91	43324	4983	6597
43.036	4.887323944	68.3333	40304	4810	6287
46.98	4.842042042	161.167	43514	5087	6866
46.52	NA	146	44791	5626	7188
47.036	NA	251.667	44498	4869	7269
45.068	1.548514851	222.5	43148	5183	6939
47.212	12.95760945	178.5	42131	8479	11449
47.156	7.689768977	66.8333	41274	4973	6717
46.836	9.240998105	171.667	39461	9628	9082
45.84	NA	57.3333	42804	5225	7001
46.212	113.978746	122.667	41434	5266	7238
44.836	2.864632984	185.167	41822	5000	6684
45.776	NA	135.167	44616	5305	7188
45.496	1.747885402	46.3333	45595	9076	10371
46.54	1.646851762	147.833	42449	5995	8054
49.036	NA	170.333	8029	28926	46289
49.688	NA	119.5	9718	27066	30989
47.148	NA	274.167	36279	5714	7786
45.964	1.64124057	365.667	42755	5553	7463
47.292	NA	164.833	38504	10045	14402
47.736	NA	181.833	36553	19342	15653
48.7	3.637747336	139.833	33130	9538	15885
47.388	NA	222.333	41420	5820	7338
45.768	NA	196.667	43170	5736	7386
49.128	NA	87.8333	39295	8248	8323
47.44	NA	119.333	42632	5688	7530
45.216	NA	192.833	39927	15910	13449
45.96	NA	78.5	45414	7012	8360
46.34	NA	118.333	42783	5903	7939
46.836	3.224016145	214.167	39741	5080	7255
47.052	2.61951539	193	39242	5450	7378
48.368	NA	87.5	15739	22094	23434
48.328	NA	62.6667	20275	18883	27643
47.78	NA	62.8333	23728	17056	19849
47.992	NA	61.8333	5937	19807	26890
48.88	NA	16.6667	4973	14643	26167
48.712	NA	15.1667	5134	11106	9401
49.416	NA	20.6667	4825	36279	42919
48.236	1.514196118	45.5	4946	18811	14556
48.572	6.483820576	47.8333	5127	28371	45266
49.636	1.773485514	49.1667	5124	42312	49079
48.872	3.19311103	56.5	5171	7361	7793
47.852	NA	21.3333	7632	28306	18225
47.516	4.575854285	46.8333	4988	20394	19594
47.76	NA	27.5	5343	10503	8707
49.472	1.971448631	16.1667	4893	32556	25374
48.192	NA	13.5	5360	36192	26335
49.652	NA	12.5	5122	20431	24636
49.868	NA	13.5	5450	42282	43160
47.124	2.644752018	10	5179	6392	8319
49.096	1.713402684	7.33333	4975	28137	36017
48.956	NA	14.8333	5543	59485	67196
49.488	NA	19.6667	4782	13681	12655
49.432	NA	17.1667	4583	45091	49336
48.336	NA	19.3333	5512	52488	46000
48.892	NA	18.8333	5258	28522	29271
49.44	NA	21.8333	9697	26553	19365
48.412	NA	17	6028	13004	14481
50.556	NA	16.3333	4654	44859	40133
49.016	3.053930055	14.1667	5313	50306	53306
50.032	NA	9	4937	39651	44848
49.632	NA	15.3333	4992	48857	53445
47.128	NA	22	5535	22610	32136
48.684	NA	17.3333	4715	16929	17987
49.532	NA	12.1667	4920	39383	47081
48.788	1.897757608	12.8333	5203	35137	35684
49.104	NA	13.5	5003	30049	35221
48.092	NA	11.1667	5213	24312	24006
49.38	NA	11.3333	4984	37303	38507
48.208	NA	14.3333	5395	32333	42878
48.448	3.721834937	15.8333	5212	36523	49884
49.24	2.44100656	9.5	4552	30441	39770
48.964	NA	15.6667	4895	45646	51349
48.844	NA	19.1667	4876	17759	25696
49.02	NA	18.5	5040	28643	30992
49.672	NA	13	4783	35712	47413
49.312	NA	15.8333	4868	28852	33888
47.948	NA	20	5028	25136	27759
49.32	NA	11.5	5176	42287	49000
47.584	NA	15.1667	5182	24818	28902
48.832	NA	9.66667	8038	45215	52211
48.664	NA	14	5135	29103	39564
48.68	NA	26.5	4868	40704	32503
49.768	3.037202918	8.33333	5027	39874	44694
48.844	1.50851111	7.66667	5528	42126	55272
48.084	NA	14	5664	29993	50189
49.408	5.43159052	16.1667	5382	34694	41504
48.984	2.498000511	12	5015	15793	14195
48.724	NA	16.1667	5362	38730	44477
47.464	NA	29.8333	5236	14562	11719
48.828	2.184895996	11.6667	7163	26593	28821
48.404	NA	13.1667	5177	26564	23602
49.468	2.216578223	17.8333	4854	32297	33293
49.016	3.892461468	15.5	5168	59964	42087
49.172	NA	23.5	5364	51498	66318
50.236	NA	19.6667	5063	25976	30719
49.776	NA	14.5	5328	39176	38930
49.496	NA	23.3333	5186	25853	24206
48.156	NA	35.3333	7199	27923	23287
49.048	NA	31	5295	53929	59613
48.216	NA	35.5	5335	20539	31687
49.116	NA	30	4998	43727	44219
49.5	NA	41	5243	36852	50777
49.068	NA	36.6667	5225	22103	19976
48.3	2.11476952	16.1667	5323	6109	8288
48.384	NA	29.1667	5077	36811	32346
49.54	4.234052749	38.3333	5122	46511	42645
48.9	NA	25	5240	18844	18918
47.644	NA	40.3333	28779	11701	22903
47.476	4.434399118	70.5	42383	7099	8139
45.8	NA	99.3333	42566	5748	7482
49.028	NA	114.167	10025	24733	37858
49.084	NA	95.3333	6690	20483	25029
47.068	NA	136.833	6961	31693	32298
48.476	NA	45.5	5137	44794	51190
49.588	NA	27.3333	5176	37414	47650
48.336	NA	19.1667	17111	27416	32617
48.868	NA	35.8333	9119	22198	28143
48.896	6.450015065	15.6667	5379	43837	47160
50.448	NA	27.6667	4754	28786	35739
47.976	1.906560971	32.6667	5357	17871	24754
48.216	NA	18.6667	6747	29365	45664
49.196	2.297834733	17	5465	18011	19414
49.444	NA	23.5	10399	25120	27501
49.744	1.821326635	33	5284	58442	62738
49.82	NA	25.8333	9632	32001	47779
49.12	2.805007942	26.6667	5083	35097	29567
39.924	NA	64.6667	4971	16771	9495
13.336	NA	345.667	4111	2589	1530
14.86	NA	225.833	4573	2747	2124
35.6	1.52951348	82.6667	4644	24354	21222
49.748	2.054297432	30.1667	5350	51937	52799
49.652	2.353452964	26	5077	20470	16933
49	NA	25.3333	4962	44013	47580
50.192	NA	30.6667	4886	27317	26729
48.832	NA	39.3333	6570	38474	57855
47.856	NA	55	26903	12935	17492
46.4	NA	77.1667	42180	7867	8340
48.436	NA	77.3333	38897	5551	7622
47.22	1.629322268	123.667	35055	7095	7537
46.972	NA	84.8333	40742	7915	9283
49.284	2.19757951	37	23059	18154	28840
47.496	NA	24.5	35484	5062	7341
47.22	NA	54.1667	38821	6029	8608
48.296	1.961601755	154	38202	5349	7282
47.788	NA	83.3333	36389	23015	22952
46.412	9.611089719	141.5	39822	7556	8433
49.364	NA	101.333	37830	6918	7627
46.396	NA	116.833	46033	6784	8067
47.448	2.377081569	159.333	43126	5238	7232
48.108	2.114674993	139.333	33950	11228	12639
47.772	NA	145.5	41004	12143	10018
49.364	2.728790816	114.5	31124	16065	23503
46.704	NA	123.167	33939	13094	10257
48.4	NA	146.333	35598	7375	8178
47.528	5.501466276	167.333	43789	5297	7203
46.132	NA	126.167	39920	14798	16195
46.624	1.666076994	125	44654	10801	10842
48.072	NA	159.5	39080	14517	19654
46.144	1.581920904	181.167	43078	5380	7332
47.392	NA	127.333	43644	5161	7299
47.3	NA	192.833	42469	7591	8409
47.772	NA	263	36828	4941	7372
49.436	NA	268.333	34533	9660	12005
46.624	NA	177.333	40652	6358	7876
47.536	NA	178.333	39073	5468	7541
47.24	2.019496344	245.667	32510	12812	21225
46.764	NA	107	38128	5544	7579
48.308	NA	67	34743	8065	8171
46.276	NA	132	41325	9309	15550
48.264	2.530571992	126.167	39271	4550	7108
47.992	NA	42.1667	43097	4874	7459
46.86	NA	124.667	40260	5042	7487
47.668	NA	122	40756	5261	7158
47.992	3.436124851	59.1667	33386	12040	19789
48.148	5.9669967	125.167	38041	7228	7783
47.12	1.603760323	179.167	39999	5386	7647
47.556	2.322926522	98.8333	38947	5116	7849
48.488	1.527352298	126	30539	15981	25302
48.152	NA	90.3333	30479	17190	25262
47.92	NA	133.833	37486	9312	8620
47.66	NA	111.333	32609	8786	22636
49.748	NA	180.833	31379	17367	19183
47.716	9.78556701	77.3333	39084	5603	7987
48.248	2.01367321	148.667	40224	7370	9141
47.76	NA	178.167	35369	7165	8277
46.976	NA	123.667	36125	14425	10795
47.924	NA	141.833	32893	21350	47146
47.996	1.728140376	101.667	32867	6442	7970
48.32	NA	113	26624	13553	27831
48.252	NA	102	32057	5596	7776
47.156	NA	145.167	40911	5972	7729
50.036	NA	55.8333	23380	12207	20132
47.172	3.42140362	106.833	38755	6498	8352
47.492	NA	101.5	43205	5928	7606
47.2	NA	139.167	41524	5243	7500
47.732	2.411644303	162.5	36196	8162	7592
47.4	NA	61.5	41183	5110	7384
47.98	2.072299169	92.6667	34837	11955	18147
47.424	NA	57.3333	41143	5148	7510
49.08	5.773584906	60.5	28739	6291	13774
47.78	NA	123.5	33974	9867	22781
48.096	NA	99.1667	33812	14385	22075
47.756	NA	75.5	38806	10451	15491
47.336	NA	91.1667	37565	11219	17788
48.324	NA	109.667	33995	7590	9531
46.656	8.098325615	135.5	42715	5827	7395
47.92	NA	123.5	36643	9237	8286
47.992	NA	122	39341	4838	7136
46.24	NA	52	38931	7850	10348
47.64	1.68	80	36959	8991	14997
48.196	3.057403509	80	36930	5850	7662
46.964	1.639190018	142.667	41973	6778	7745
46.732	4.436811406	154.5	41955	4920	7197
47.852	NA	44.3333	44045	5336	7382
47.396	NA	39.3333	44912	6701	7882
47.648	NA	50.8333	40220	5564	7425
47.284	NA	63.8333	34535	8698	11364
47.732	3.802809706	78.1667	37906	4828	7113
47.264	9.19453274	96.3333	36723	6664	6969
47.696	NA	119.333	39550	4769	6670
47.604	NA	61.1667	40113	4638	6857
47.452	NA	60.6667	39092	5957	6832
47.716	6.653154496	80.8333	35782	8795	7780
47.768	4.442901235	78.3333	38846	4731	7107
48.22	4.077790304	100.333	34013	4653	7394
47.58	NA	120.667	40013	10546	12558
48.54	NA	95.6667	37364	6162	7797
48.764	NA	116.333	30414	5476	7639
47.784	NA	100.333	38562	11864	10648
47.816	10.42521368	82.3333	37874	14927	15432
47.236	4.261077844	84.5	39505	5296	7776
47.724	NA	90.5	38667	6414	9549
48.64	NA	61.5	30701	10543	9749
47.912	NA	98	38451	4934	7206
50.444	NA	136.167	15265	12995	10063
48.028	NA	79.1667	39995	8087	7864
46.992	1.677308294	129.833	42141	6048	8236
48.888	2.295152722	117.333	32438	15851	35657
47.072	NA	114.667	42556	7412	8055
48.504	NA	125	29042	24419	36706
47.44	1.522280552	234.5	35978	10264	11763
46.796	NA	185	38604	5802	7628
48.608	NA	128.333	34230	9666	20398
46.624	8.790688652	137.333	43666	5327	7740
48.5	NA	78	39809	7367	9735
47.732	NA	87.8333	36458	6263	7872
47.424	2.437763713	254.667	34081	9899	16465
47.584	NA	143.833	41490	6380	7722
47.484	NA	198.167	41876	6032	7652
47.06	NA	187.333	40895	4663	6790
46.708	NA	77.8333	40323	5872	7469
47.368	NA	69.6667	39026	5369	6951
48.244	NA	96	38274	5094	7231
47.812	NA	87.8333	31828	6825	7776
46.52	1.65637776	178.833	40871	5340	7231
47.352	NA	80.8333	39014	9827	10258
47.072	NA	84.3333	36595	7949	8579
47.512	1.658770394	80.1667	35697	10386	15605
49.696	NA	67.5	18143	26033	31027
46.492	6.709623028	66.5	37419	6919	8383
48.628	NA	41.3333	13057	42884	45482
48.668	2.43855771	102.333	11763	32516	30153
47.076	NA	91.5	40726	5905	8154
48.172	NA	48.8333	17019	28075	19319
49.696	NA	22.5	4888	37329	36442
49.312	NA	20.3333	4776	43466	43836
49.472	NA	36.5	5410	29338	27159
48.524	NA	26.8333	5535	11949	9169
47.796	NA	81.1667	22657	15526	23089
49.16	2.439031239	40.5	18644	23373	44112
47.272	NA	37	36869	5965	8292
48.124	NA	24.1667	16118	23015	22556
47.668	NA	24.8333	13892	26688	25164
49.036	NA	15.1667	5384	46687	56161
48.104	NA	19.3333	5599	39129	52127
49.836	NA	9.16667	5228	52440	61958
49.764	NA	19.1667	4960	37302	35900
48.436	NA	13.6667	5987	36751	36874
49.544	NA	14.3333	5264	30223	29403
48.696	2.738947368	25.5	5329	27016	30310
47.828	5.273155584	14.6667	5131	30060	38081
48	NA	14.5	5130	20712	19675
49.6	2.914592659	10.5	4702	39139	50940
47.712	2.076079427	13.8333	5393	13947	13235
49.224	NA	18.6667	5560	14861	15650
49.996	NA	4.16667	4712	27017	30437
48.416	2.105168808	7	5249	20223	19340
47.984	NA	3.66667	8051	20644	15503
47.948	NA	7.66667	7882	36749	31510
47.06	11.79698958	14.1667	5263	9419	8806
49.324	NA	4.33333	5157	30198	25792
48.164	NA	8.33333	8225	18746	16386
47.256	3.155809524	15	14735	28856	16918
49.104	1.585058215	8.33333	4785	37038	40341
48.56	1.738961039	11.1667	5253	37569	40601
48.812	NA	5.5	5219	49553	38474
49.26	NA	15.3333	5516	33363	21129
48.684	NA	11.5	5058	36709	27080
49.072	NA	12.5	5108	24741	29174
49.156	NA	6.33333	4931	30382	46507
48.668	2.590415335	55.8333	6422	47377	45414
48.076	NA	10.8333	15140	37872	35842
48.936	NA	10	10273	24812	25922
47.976	NA	18.5	12473	14416	11406
48.852	NA	17.3333	5000	44257	52619
48.948	NA	9.16667	5063	31250	32006
48.256	NA	9	14803	35409	47288
49.18	NA	14.8333	4895	33105	45401
47.536	NA	39.5	8528	26992	25375
48.16	NA	134.167	5125	14044	23925
49.476	2.218376597	106	4813	36270	31609
48.232	2.149385657	19.8333	5379	43487	57576
48.78	3.183801511	22.1667	5097	50807	50085
49.328	1.782879777	12.3333	5193	37372	45840
49.912	NA	11.8333	5000	31540	45015
48.764	NA	12.5	6104	12042	19124
46.38	NA	40.6667	34688	8500	8045
48.892	NA	43.1667	14261	5736	7602
48.896	NA	39	13427	25732	20307
49.704	NA	47.6667	5099	23634	19269
47.796	NA	56	5035	7202	7856
47.636	2.943849121	109.167	5457	13117	16990
48.88	2.202316763	35.3333	5016	29792	47398
50.224	NA	32.1667	5620	32608	46185
47.26	NA	249	34855	13896	17436
46.82	NA	182.167	40840	6948	7489
46.888	5.495596007	184.833	38276	5414	7637
48.16	70.25411335	411.5	34146	10210	15561
46.152	NA	409.5	41212	5437	7340
45.776	NA	243	38388	5525	7293
47.08	NA	269.167	36634	8361	13951
47.608	NA	213.833	25475	24829	34775
48.164	NA	199	15139	14704	24060
49.944	NA	156.833	15488	11462	10311
49.632	3.799928851	128.167	14126	23800	47453
48.284	NA	108.667	33988	5269	7722
46.38	NA	143.667	40841	5114	6864
47.012	13.17840127	211.333	39157	5156	6956
45.364	NA	377.833	44885	5410	6922
46.18	6.648132059	298.333	43254	5250	6818
46.932	NA	317.333	37384	9294	7788
47.284	NA	206.333	37950	4908	6910
47.76	9.652542373	262.5	38561	4777	6908
46.968	11.6364049	240.167	40239	5308	6881
46.316	3.12293578	253.333	41551	4969	6978
41.924	NA	154	42157	4945	6358
47.148	NA	80.8333	42527	4919	6579
34.644	NA	149.667	29750	4192	5051
46.772	1.913347921	181.667	43965	8769	9149
47.992	NA	167.5	42116	4854	6544
43.796	2.912217195	132	38293	4618	6221
46.636	NA	112.5	45464	5342	6649
46.164	4.099337748	163.5	43761	5913	6805
46.18	NA	70.1667	44967	5473	6815
45.128	3.824120603	51	48025	5051	6580
32.43195319	68	59.5	27911	3884	4455
42.064	NA	92	42333	5039	6250
44.48	4.508196721	80.6667	42042	4657	6467
45.328	89.89189189	117.5	42097	4852	6426
45.64	NA	225.833	46710	5511	7041
43.72	NA	143.5	38744	4483	6431
47.108	NA	15.6667	41207	5932	7698
46.556	NA	100.667	45232	5998	8164
46.144	8.681081081	110.333	43124	5521	7075
46.584	NA	271	42945	7375	7893
46.472	NA	198.5	42523	6959	6973
47.432	NA	57.6667	43659	4717	6791
46.396	NA	79.8333	42202	6085	7127
46.664	NA	158.667	43464	4737	6977
46.74	NA	94.1667	43749	6234	7183
46.744	2.388118812	65.3333	45005	5067	6982
47.992	NA	37.1667	30142	13779	11595
46.616	NA	108.167	45801	5859	7207
47.344	NA	103.833	41289	4962	6714
46.012	4.028513238	95	43283	5709	7121
45.664	NA	225.167	42110	5645	7102
47.216	3.497572816	258.667	41401	5424	6926
48.44	NA	58.3333	31766	18769	19035
50.016	NA	28.3333	17925	28128	26122
47.344	NA	23.5	35630	6400	7991
48.824	NA	29.3333	5640	34196	42627
49.808	2.819306499	29.6667	5376	20567	28747
46.712	2.679767844	53.3333	6125	33041	24633
47.596	NA	25.5	33843	13352	18107
49.952	NA	8	5526	45561	43536
48.024	NA	21.5	26747	11483	18041
47.9	NA	24.5	36016	5241	7516
48.22	NA	19	31997	26042	19636
48.204	1.827362293	18.8333	5905	28019	28936
48.62	NA	14.3333	5275	17051	17158
48.58	5.40784821	17	5759	32137	35976
48.624	NA	20.6667	4750	28319	35092
48.024	3.295987286	17.8333	4799	22670	21343
48.44	NA	18.6667	4969	38208	34577
48.7	NA	16	5014	24039	27053
48.632	NA	18.3333	5198	16454	16044
48.464	NA	19	4943	23657	27161
48.756	NA	13.3333	5250	18890	23922
49.676	1.762807225	12.1667	4893	37426	40057
48.792	NA	18	5310	15984	16286
48.72	NA	14	4921	28426	24848
50.084	NA	10	4670	48430	53003
48.704	NA	13	5111	33904	35589
48.952	1.764507215	11.6667	9888	42863	27580
48.692	1.696221289	14.3333	9491	21339	17935
48.884	NA	11.5	4975	44583	43083
48.524	NA	14.1667	5256	44465	42940
48.868	NA	11.1667	5005	39840	42833
49.992	NA	9.16667	4793	33417	43648
47.776	NA	14.5	5462	32809	37855
48.936	NA	8.5	5431	38293	38186
48.648	NA	21.8333	6271	18244	13659
48.972	NA	11.8333	5343	39444	54738
47.608	NA	19	5580	22370	33388
47.988	NA	13.8333	5199	43464	36598
49.392	1.811965812	12.6667	4902	49005	49851
48.676	NA	20.8333	5015	39752	35734
49.148	NA	28.5	5082	23091	31925
49.94	1.894608074	16.1667	4615	33758	36251
48.368	NA	23.5	4645	23904	22090
47.668	NA	16.3333	4852	27079	21562
48.976	1.927833954	11.8333	4915	43587	50935
48.948	1.700396344	14.5	5015	26777	32162
48.952	NA	39	4842	49350	58840
48.136	2.777900961	6.83333	4959	21758	28130
49.356	1.764262767	7.33333	5114	42553	43867
48.62	2.014421426	10.1667	5224	34253	36065
49.26	1.567714056	11.8333	4923	32846	27548
47.808	NA	13.6667	5427	32279	44725
49.336	NA	7	5353	51018	39307
51.4	3.609605326	6.5	4809	27558	40568
49.792	NA	9.16667	4626	6819	9102
48.048	3.18267148	5.66667	5191	27911	25143
48.924	NA	16.5	4831	23504	29102
48.776	NA	12.3333	9281	28040	27674
48.516	NA	7.66667	5069	12241	12127
48.796	2.921243665	15.6667	4986	35361	29903
48.312	NA	10	8804	6670	8764
49.264	NA	10.5	8940	13317	18930
49.768	1.754635134	8.66667	5289	53309	52374
50.04	1.682696177	13.6667	4842	54477	55509
49.9	NA	16.5	4628	30044	41681
48.72	NA	17.3333	5467	38418	41078
48.508	NA	14.1667	5321	48551	46685
49.8	NA	10.6667	4542	44303	39295
49.368	NA	14.1667	5035	50249	49435
49.736	4.017445962	9	5722	71646	81745
49.2	NA	10.1667	4923	23238	23547
48.88	NA	9	5059	28819	40940
49.2	NA	6.66667	5135	48476	50221
48.42	NA	12.8333	5066	21033	17024
47.884	NA	15.5	5505	20470	24864
48.944	NA	15.8333	4936	21785	18112
48.66	1.926425099	13	4689	31484	28456
49.404	2.55105938	22	4880	64563	53689
49.668	NA	9.83333	5231	40640	34586
49.84	2.005834406	14.3333	4667	41863	46851
48.216	NA	13.6667	5149	31503	35124
48.704	NA	16	4981	31107	36862
48.608	1.552075592	10	8735	39882	44451
48.5	NA	6.33333	5322	34599	34729
49.196	2.113932208	6.83333	5222	31832	46960
48.856	2.397999605	8.66667	4889	32277	32683
50.028	NA	7.5	4690	35334	39683
49.132	NA	10.3333	5168	45450	40631
49.424	NA	12.6667	4977	23416	23531
49.008	NA	12.1667	5623	42851	27308
48.516	1.573727422	12.1667	5366	26548	19569
48.728	NA	23.6667	7009	27885	25647
49.372	2.489295715	19.8333	4959	47972	45517
48.64	2.092990701	13.8333	5134	45093	58521
48.944	NA	12.5	5319	30359	29631
49.312	NA	9.83333	5425	38739	53627
50.824	3.448519912	12.6667	4818	43506	45207
49.38	NA	21.5	4834	30973	34532
48.816	NA	11.5	5177	22719	19538
49.704	NA	14.3333	4765	36592	42694
47.696	NA	21	6205	37929	32973
47.764	2.297876375	10.8333	14638	35367	43532
48.604	NA	22	9693	26250	25202
48.568	NA	25.8333	5533	16649	20625
48.332	NA	27.1667	14657	23267	23961
47.88	NA	64	32696	15727	15250
48.028	NA	32.6667	30325	11366	11697
48.54	NA	22.1667	5671	35295	38239
49.404	3.058898037	10.5	7278	26927	24401
48.276	NA	20.6667	10439	22838	17775
47.104	NA	45.8333	25785	13775	25431
48.192	NA	59.1667	21339	21693	19215
49.124	NA	21	5407	30904	40096
49.716	2.246136634	15.8333	6215	32562	59709
48.164	NA	54.3333	31753	12266	15859
48.032	NA	50	37422	7404	8504
46.496	NA	71.6667	43985	5938	8188
47.128	NA	52.8333	41465	5669	7589
46.544	NA	56.8333	42984	6671	8000
46.484	10.00853485	48.3333	32852	6320	8144
49.216	NA	38	5987	38673	52329
49.068	NA	37	5332	24147	23442
48.844	NA	12.1667	5244	47244	39476
48.06	1.602669564	24.1667	4787	22683	26441
47.88	2.413394216	58.5	4812	21548	18411
48.34	1.784912492	23.5	5321	23223	23895
49.764	NA	6.66667	4585	43717	46020
49.316	NA	15	5285	24298	28184
49.324	NA	23.5	5184	23497	43043
48.34	2.491853911	11.5	5137	37124	41359
49.024	NA	11.6667	5034	20171	30927
48.28	2.482598608	12.5	14117	22925	30177
47.28	NA	12	24245	18952	19851
47.896	2.441967013	3.66667	20689	34863	32039
49.296	5.136433994	8.5	4945	39197	36964
48.868	1.707997853	9	4844	18832	23648
49.116	NA	5.66667	4964	30162	38596
48.88	NA	4.33333	4910	21964	28554
48.948	2.446467218	3.66667	5243	34207	48327
48.112	2.80185339	4.33333	5518	57653	53488
49.216	3.136147493	3.66667	4985	17322	15357
49.36	3.107249719	8.83333	4936	49050	55070
47.828	NA	4.66667	5313	47285	46025
50.868	1.936504916	4	4476	42687	63134
48.992	3.132302796	8.33333	5116	48229	43240
49.008	NA	4.66667	5005	46372	54339
49.108	NA	6.83333	4972	25873	17242
50.172	NA	8.33333	4994	39390	44843
48.552	2.010847185	8.83333	5023	24899	21093
48.096	NA	21.5	4960	28365	23994
49.28	NA	6.33333	4685	24472	32458
48.752	1.784861639	7.83333	4880	40500	36652
49.288	NA	5.16667	5043	54433	47564
49.476	NA	2.5	5164	48697	33523
48.112	NA	3.83333	5195	25090	20453
48.336	NA	1.66667	4901	27381	25888
48.3	NA	6.66667	5292	31868	27497
48.576	NA	4.16667	5185	18143	12912
50.156	1.92435565	2.83333	4658	37690	43710
49.08	1.927357513	6.16667	5453	38536	40899
49.18	NA	3.16667	5061	31772	50845
48.648	1.658174098	2	4847	39130	49807
49.024	2.68617466	3.16667	5292	37919	29452
49.476	NA	5.33333	5012	36357	36319
48.776	NA	5.83333	5075	40066	30849
48.26	NA	6.66667	5102	39227	50354
48.396	NA	11.6667	5217	30483	43862
49.304	NA	11.5	5265	45105	52370
48.3	NA	16	4574	17290	14981
49.144	NA	11.6667	4891	20746	19591
49.46	2.701806589	6.66667	4493	27272	39061
49.176	NA	9.83333	5094	53060	60742
49.344	2.531510562	5.5	5323	57623	59485
49.504	1.510622612	5.66667	5268	59027	53652
49.86	5.640536723	6.5	4731	29420	38047
48.672	2.06071076	12.3333	5423	41906	37261
49.064	NA	22	5037	29332	20715
49.356	1.877150276	21.8333	5161	35389	36871
49.52	2.022795217	20	4838	41421	39737
49.212	NA	12.5	4858	20471	23415
49.052	NA	5.33333	5124	30945	23171
48.536	NA	8.66667	4893	37759	28126
50.144	NA	8	4595	51263	48667
49.828	NA	5.5	4720	25253	22138
48.648	NA	7.66667	5107	44454	35660
48.9	NA	9.66667	5382	32890	33305
49.384	NA	15	5411	49069	45982
48.424	NA	11	9679	32471	31955
49.228	1.802418668	5.33333	5045	57764	68936
48.348	2.228637902	12.5	5325	17136	17605
48.072	4.448077773	9.5	5206	48709	42851
48.384	NA	7	5348	35266	32025
48.116	NA	6.5	4888	39657	33317
11.424	NA	143.167	3207	1803	1238
13.884	NA	112.5	3928	2361	1710
40.62	NA	13.5	4806	26261	26182
49.452	2.02146107	4.66667	4951	50037	42276
49.276	2.61192042	5.5	5218	41141	51882
48.588	NA	6.33333	5480	55107	55959
49.448	1.868427184	6	4753	33970	34181
47.992	NA	7.66667	5518	20334	14435
49.316	NA	4.66667	5063	21896	16285
49.552	NA	4.5	5069	34159	25228
48.288	NA	9	19486	33011	51582
48.696	NA	5	5747	42695	43071
49.688	NA	4	5142	50893	52944
48.66	NA	6.66667	5237	22204	24930
48.692	NA	4.16667	5008	31496	39896
49.264	NA	8.16667	5536	35518	48846
48.792	2.107926294	7	4839	21986	22693
49.772	4.239680913	6.33333	4954	46316	41986
48.02	1.576907908	11	5318	33225	37611
49.712	NA	5.83333	4744	31967	36283
49.024	3.433180311	6.66667	5123	38187	31310
48.992	NA	6	5504	35524	34585
49.804	NA	5.66667	5062	57924	55730
48.496	NA	9.33333	5359	29789	34432
48.508	2.360618895	5.83333	5437	58832	42696
48.552	NA	5.66667	5471	26350	27443
47.636	NA	4.5	5895	21544	26675
49.252	NA	4.33333	5110	39063	33423
50.344	NA	3.33333	5068	47348	51724
48.3	NA	14	5140	10554	13154
48.228	NA	19.5	5110	21391	20754
47.792	NA	16.5	5206	37675	37393
49.316	5.97692953	7.83333	5283	25721	29160
48.868	NA	14.3333	12914	32757	28048
47.668	NA	21.3333	23526	22818	27114
49.236	NA	19.8333	6533	39654	38931
48.332	NA	21.3333	24982	10914	16281
49.76	NA	53.6667	19148	4681	6624
51.468	4.514285714	32.6667	11068	4176	6226
48.076	2.358239509	52.6667	37302	4895	6835
46.384	NA	96.5	40043	5948	6752
46.932	5.144089733	50	39034	7025	7213
46.24	NA	47.1667	40030	10864	11666
50.356	NA	52.1667	25381	5714	7023
47.716	8.696969697	78	36413	4827	6519
46.852	2.294487793	59.6667	40136	6364	6653
47.452	5.912778905	191.667	39690	11246	10189
47.828	NA	163.333	36593	9482	14390
47.584	NA	125.333	38679	12317	9782
47.492	NA	120.833	40764	5220	6619
47.916	NA	149.833	34993	5267	6908
47.38	31.87254902	85.6667	40606	5560	6895
47.072	NA	81.1667	37923	5563	8051
46.968	NA	72.8333	35669	5282	6792
47.384	NA	157.667	39045	6550	7222
47.76	4.244991941	96.1667	39922	5004	7195
48.176	NA	140	35032	9986	15294
45.96	NA	295.167	43300	5711	7339
47.324	NA	303.5	41303	5272	7303
46.54	7.375866852	395.833	43628	5498	7068
47.776	3.280089989	241.667	40231	4858	6710
47.624	NA	196.5	35263	8558	9990
48.252	NA	158	35738	5067	6742
46.696	NA	157.667	41876	5361	7113
47.804	NA	235.5	41303	5093	7331
46.8	NA	449.667	42782	5387	7559
31.74	1.623318386	290.833	28928	4549	4975
44.328	NA	206	43750	5296	6850
46.748	NA	327.833	36902	11657	10180
47.252	4.105691057	290.333	43189	5072	7533
47.888	NA	206.833	42171	5955	7340
48.316	NA	210	38856	4917	7479
47.864	NA	334.833	32122	12997	28351
47.656	1.880761523	308.167	36071	6211	7479
48.448	28.14872192	63.3333	37131	6733	9112
48.66	4.305020763	128.167	34572	5141	6882
47.348	NA	84.1667	37990	5483	7069
48.2	NA	109.333	41075	5250	7418
47.156	NA	165.833	40685	5417	7095
47.216	9.783018868	211.833	39578	5028	6833
46.652	3.025341131	265.833	43258	7634	7359
46.412	55.11144578	123.167	44561	5366	7091
46.648	NA	411	41252	5494	7103
47.416	NA	283.833	41778	5322	7139
48.12	10.19211823	227.5	38652	5497	7039
46.916	NA	318.833	43146	7758	7858
46.804	1.565725414	294.667	42096	5698	6724
49.536	3.990759076	399.167	37534	5179	6686
45.748	14.74871795	511.667	45366	5213	6977
47.168	6.232938292	488.667	41962	10560	15625
45.4	40.5494186	200.833	47644	5936	7276
46.92	NA	263.167	44748	6544	7966
47.488	NA	129.667	41510	11158	11147
47.184	5.749103943	217.167	44705	5671	7767
45.72	35.96899225	269.333	47583	5092	6521
46.18	7.042016807	130.333	44737	5417	7146
42.752	NA	192.5	42838	4935	6504
25.38585836	2896	154.5	20176	3226	3312
34.964	1.58847981	33.8333	34095	8055	10973
42.976	NA	115.167	42041	5305	6513
44.892	5.24822695	101.333	46945	9190	7934
47.736	26.74534161	119.167	43772	4724	6624
48.804	31.79176755	97.8333	35139	7611	9927
45	10.6744186	219	49573	6312	8099
48.072	NA	196.333	33116	17482	35760
46.464	NA	210.833	46742	11220	15887
45.2	NA	312.5	54912	5849	8852
49.956	NA	80.1667	5937	23771	56614
48.94	NA	164.5	5542	19856	27314
49.552	NA	154.667	5141	22717	17376
48.232	2.78248974	90.3333	5260	16598	19081
49.908	NA	67	4883	49157	62416
48.704	NA	89.6667	5074	28064	34350
48.204	NA	55.3333	4966	7738	12085
47.924	NA	146	4888	13372	15313
49.128	NA	62.6667	4581	14254	12448
48.328	NA	52.8333	7375	16576	18945
51.348	1.864156111	41.8333	5048	41969	54058
50.004	3.420236563	46.6667	5138	45292	58319
48.908	NA	24.5	5226	21160	15129
48.052	NA	32.6667	22527	16749	21310
48.136	NA	36.6667	27775	15131	16429
48.692	NA	21.5	5102	15323	14864
49.236	1.653374233	24.1667	4827	35856	41648
50.02	NA	11.3333	5294	29342	25241
49.656	NA	8.66667	4668	41970	52608
49.384	NA	10.1667	4865	39576	57189
48.616	1.959524574	17.5	5403	17900	22336
49.08	6.114934006	11.8333	5248	35493	36450
49.848	NA	8.66667	4934	35950	42740
48.952	3.173053748	8	5186	29205	35654
49.564	NA	7	5251	44929	52858
48.76	NA	10.1667	4743	48468	33873
48.992	NA	14.5	5212	23646	20359
50.74	2.149312708	13.1667	4704	38393	38160
49.156	NA	7	5663	44024	42266
48.64	NA	9.83333	4805	24602	35436
48.94	NA	21	4941	34079	46853
47.744	NA	38	5260	20504	15847
48.488	NA	14.8333	5390	32731	36247
48.324	NA	18.8333	5357	45352	41533
47.84	1.897091723	13.3333	5331	12319	11217
49.384	4.062511325	7.16667	4923	44544	42098
48.476	NA	11.1667	4979	21973	23397
49.32	1.51752544	13.6667	5286	49617	45221
48.128	NA	20.8333	5369	27655	21038
48.408	2.773314541	22.8333	5139	23449	21950
48.764	2.135443038	15.6667	5012	30849	34212
49.188	NA	12.6667	4793	36683	44993
49.668	2.004583652	12.3333	5134	43209	54935
48.796	NA	18.5	5115	31704	41150
47.956	1.716703297	11	5267	24226	18934
49.744	NA	8.66667	4721	48357	43774
48.696	NA	10.5	4964	24309	21180
49.072	NA	13.1667	5572	52460	68517
49.592	1.661266139	25.5	5276	51935	57189
49.152	2.048550423	24.1667	5437	60537	51275
49.376	NA	18	4902	36900	44534
49.788	NA	17	5089	35924	42650
48.516	NA	16.1667	5070	51626	53217
48.984	NA	26	5319	29940	47421
49.028	NA	31	4762	25300	19938
48.228	2.284489329	50.6667	6751	39666	47351
48.608	NA	19.8333	5126	39412	31566
49.352	NA	15.3333	5001	36291	52265
48.964	NA	22.5	5581	38495	46788
48.42	5.181915903	35.5	5269	40211	43368
49.288	3.002985788	20.3333	4991	54331	70233
49.08	NA	11.8333	5310	53012	56949
49.62	NA	13.6667	4821	42606	42478
49.48	1.952041221	13.8333	4843	45149	41830
50.968	NA	16.6667	4525	37095	50679
48.98	1.544926484	24.6667	5079	44129	36978
49.116	NA	13.1667	5225	32386	46559
48.9	NA	17.5	5068	32503	43253
47.972	2.781316348	20	5242	21641	18477
48.316	NA	19.1667	5081	18052	26530
49.012	NA	14.6667	5102	29259	35573
50.388	NA	16.8333	5030	38629	46383
49.172	NA	17.8333	5039	39092	38694
49.164	2.483444907	14	4793	32738	28077
49.28	NA	17.1667	5052	39222	31911
48.672	NA	15	8458	31328	30512
48.844	4.079600387	17	5124	38108	44926
49.728	NA	15.5	5044	15409	17915
48.988	NA	16.6667	4855	37853	30321
48.744	NA	19.8333	5436	31327	25666
48.112	NA	55.6667	5582	48495	35684
50.188	2.000537259	38.1667	4876	28478	23513
48.644	NA	16.1667	5121	34633	23145
48.356	1.73932424	19	5421	34040	29165
49.124	NA	23.5	5151	38350	37569
50.08	NA	16	4577	44368	38464
49.348	NA	18.3333	4897	36893	39507
48.984	NA	28.1667	5038	19854	24168
48.876	NA	19.6667	5149	37972	56271
49.312	NA	19.3333	5043	47750	37980
48.948	1.525717827	25	5054	43114	37036
49.22	2.445716581	21.8333	4804	33927	35133
48.12	3.905127228	24.3333	5258	23789	17658
49.92	1.929847353	14	4800	16800	16802
48.044	NA	36	5042	18930	15077
48.948	1.547908473	18.3333	5071	49134	61860
48.448	1.598290598	15.8333	5509	34232	30232
48.404	4.365561461	18.5	5261	36654	49665
49.056	NA	18.1667	5055	23758	29218
49.428	NA	9.33333	4919	36574	32256
48.192	NA	73.3333	5847	40701	33465
48.912	NA	78.3333	4827	34968	32874
47.796	NA	28.6667	5354	28913	34084
48.836	2.579150579	49	4685	28780	35437
48.888	NA	19.6667	5361	43931	62831
50.316	1.637406512	15.8333	4817	29540	44804
49.372	2.176396553	39	4786	54237	41374
48.74	NA	22.3333	5132	38524	27786
49.928	NA	16.6667	4488	19606	19207
49.216	NA	16.3333	4959	19469	22974
48.768	NA	27	5113	28440	28093
48.812	1.52195122	29	5122	46911	58520
49.552	4.638195547	15.1667	5224	52421	52914
47.808	2.030636109	18.3333	6396	34156	36246
49.468	NA	20	4978	50817	59809
49.252	NA	12.1667	5297	43190	36491
49.116	NA	10.8333	4795	51936	41490
48.8	NA	16.8333	5628	40472	53979
49.092	2.311010798	10	5185	31869	33098
49.4	NA	17.6667	5089	30554	24771
47.948	NA	40.8333	5298	30124	35667
46.48	NA	56	5244	13380	13089
47.836	NA	24.5	5689	38419	42438
49.144	NA	24	5385	32133	28892
48.544	4.818944425	18.3333	4921	26861	21072
48.16	2.024783348	24.3333	5143	39929	35348
46.948	4.60478933	19.6667	7088	34846	23893
48.664	4.216714583	21.6667	5316	38520	37088
48.276	NA	17.3333	5382	52004	46338
47.92	NA	8.33333	5174	48209	39437
48.7	NA	12.1667	5248	40613	28826
49.988	NA	7.83333	4919	35757	46653
49.42	1.681758596	7.66667	5165	55295	58927
48.864	NA	10.6667	5033	33931	27129
48.8	NA	18	4879	33097	35940
49.288	2.020862834	4.16667	5056	41341	58662
49.24	4.050195465	12.5	5645	44070	49510
48.104	NA	13.8333	5595	23945	25895
48.568	NA	12.8333	5155	23796	16583
48.86	NA	18.8333	10184	18033	23615
48.484	1.650323544	17.3333	5213	13514	14777
50	NA	18.8333	5329	32179	40950
47.812	NA	56.6667	19860	24312	36740
49.268	1.641817909	36.3333	11248	37192	47585
49.584	3.453748006	57.6667	4983	9838	19080
48.072	NA	128	27333	20109	13170
47.712	NA	123	37044	5990	7695
46.608	1.598692625	128.833	41591	5779	7420
47.348	NA	125.333	38978	4965	7220
48.156	6.72801951	110.167	39157	5390	7318
46.864	NA	152.5	42422	6709	7359
48.084	NA	114.833	40641	5902	7330
48.044	4.508130081	104.833	35035	12285	23403
47.484	NA	171.833	39560	6395	7938
46.996	58.75594714	185.5	38809	5836	7177
46.892	NA	203.667	43205	5442	7184
48.076	4.217009994	239.833	39226	5464	7259
46.9	NA	138	38740	6170	7830
47.408	NA	77.1667	37295	5397	7943
48.196	NA	106.5	36189	10522	13041
46.48	1.796784279	129.167	43101	6924	7455
46.764	NA	132.5	34547	12893	18844
45.988	NA	231	43848	5156	6970
46.056	NA	200.167	43505	5262	6664
46.14	NA	79.1667	41175	5086	6614
46.136	52.56279962	107.5	43284	5339	6854
45.248	NA	191.5	44052	5270	6652
45.152	2.076923077	185.833	43102	5401	7178
47.248	2.337860781	218.333	38774	11450	23252
46.656	4.06463642	82.1667	42269	5260	7535
47.076	NA	118	39434	7697	8925
46.78	3.987129987	90.8333	39971	5356	7112
48.892	2.873469388	59.8333	35724	4547	6662
46.02	69.79452055	101.167	39147	5108	7039
46.008	NA	180	40580	5253	7002
48.652	NA	87	38252	6013	8953
48.26	NA	54	31780	15316	21647
46.396	NA	33.8333	39849	6078	7960
48.312	NA	15.3333	14044	27807	27997
48.612	3.839949205	13.3333	5634	31644	28414
49.968	NA	14.1667	4848	39208	77197
47.524	NA	12.6667	24996	17174	25925
48.664	NA	6.66667	19080	27958	28090
47.324	2.397568519	10.6667	36409	15333	14849
47.856	21.1946447	7	34054	11815	17896
47.628	NA	5.16667	26767	14186	14442
49.684	NA	4	5500	37440	50009
49.592	NA	3.16667	5207	22326	30471
50.12	1.597860082	1.83333	4939	33173	37087
48.592	NA	2.5	5415	40119	41398
48.968	NA	4.5	5813	55840	50307
48.004	1.967658328	7.16667	5361	57825	50301
40.376	NA	35	4616	32603	26634
12.056	NA	152	3966	2108	1311
11.608	NA	108.833	3813	2043	1217
42.108	NA	12.3333	5326	61752	49080
49.336	NA	3	5758	58678	44726
49.504	NA	4	5534	44509	53246
48.292	NA	3.83333	5921	35960	28014
47.596	NA	3.66667	21013	16054	12994
47.256	2.44709643	3.66667	13487	39930	38926
49.312	NA	3	4786	36082	36656
49.536	NA	5	4787	21770	19260
48.996	NA	6	5519	43910	33404
48.996	NA	4.83333	4806	28326	39003
49.832	2.000816077	4.83333	4818	36020	39808
49.112	1.716488925	6.5	5002	50218	49531
49.264	NA	5.83333	4786	33797	35256
48.42	NA	6.66667	5207	23822	21331
49.004	NA	5.5	5124	35367	32819
48.696	7.375389782	12	14260	28782	28543
48.82	NA	9	5321	34675	34695
48.896	NA	10.3333	6295	29273	37360
49.436	NA	14	7418	26094	25365
48.936	NA	19	5483	23856	28061
48.536	NA	27.1667	7718	23189	25886
49.192	NA	15.8333	4890	11257	12146
47.744	NA	19.6667	8424	29100	29457
48.04	2.547960364	12.8333	5276	37782	26507
48.684	1.853419256	15.1667	4960	28333	36461
48.004	NA	18.6667	5160	33195	36482
49.848	NA	15.5	5125	67786	64867
47.636	NA	28.1667	5614	32033	28199
48.84	1.551861944	87.1667	4898	28451	22247
50.084	NA	37.5	4957	38115	34701
49.668	2.262358862	21.1667	4781	45760	31182
48.14	NA	12.3333	5222	44149	45761
48.2	NA	7.33333	5247	35144	32318
49.016	NA	9.83333	5410	31502	20477
49.88	NA	17	4655	52275	45850
48.36	NA	10.6667	5440	29306	28308
49.904	NA	13.5	4891	58120	61904
49.664	NA	9.5	5169	47933	40316
49.62	2.607293903	6.5	5019	46613	52085
48.716	2.153527544	8.33333	6322	29220	26686
49.36	NA	9.33333	5105	30734	23434
49.976	NA	13.1667	4887	51249	55672
49.172	NA	14.5	5065	37127	29315
49.048	NA	14.5	4977	36973	35147
49.552	1.817822062	21.6667	4693	37768	40534
49.52	NA	12.8333	4645	22911	18783
48.452	NA	20	5133	39060	34849
49.46	NA	12.5	5134	36470	37618
48.2	NA	22	5091	33802	39155
50	NA	24.1667	4972	33372	35579
49.668	NA	16.5	4695	40944	36253
48.548	1.738470128	18	5342	27949	36423
47.828	4.876548079	38.1667	4859	23668	26258
47.172	4.887767121	25.1667	5181	11361	15057
50.172	NA	15.8333	5287	31278	48657
48.536	NA	29.1667	11590	18909	18865
48.56	2.59275266	13.5	8728	22503	28944
51.184	NA	74.5	8477	4907	8195
47.56	1.523193449	17.3333	14150	48897	65939
49.204	NA	43.6667	5010	50207	37935
49.132	NA	120.167	4837	34529	30551
48.168	NA	72.6667	9297	14439	12017
48.4	NA	25	5406	29856	36328
48.312	NA	28.5	5097	46590	36278
49.296	1.783124005	47.1667	4797	22189	25197
48.5	2.407560728	35.3333	8724	31224	53126
48.156	NA	48.3333	9065	19223	20739
48.66	1.529273379	46.8333	21202	18623	20250
47.076	NA	46.6667	28760	24030	29409
46.796	NA	79.6667	40920	6283	8423
49.564	NA	31.8333	5483	39738	38063
47	NA	44.8333	28222	13942	13472
48.152	NA	29.8333	7884	31980	44154
49.896	2.11158377	14.1667	4806	37511	35647
48.532	NA	44	5091	50746	47877
49.576	NA	25.8333	4899	22749	26339
48.564	NA	23.3333	5492	31400	34848
47.356	NA	41.6667	5615	13623	15751
49.588	NA	19.5	4917	42292	44826
49.644	NA	7.66667	5160	42670	46541
48.664	NA	19.6667	5285	38850	50865
48.856	1.995245104	68.6667	4830	44999	30298
48.18	NA	29.8333	5706	25291	31767
50.168	NA	41.1667	4743	36665	41977
49.496	2.036967419	38	4846	37313	59647
49.528	NA	64	9948	25790	34748
48.048	NA	52.1667	5981	35257	34272
48.312	NA	64.1667	20102	26002	24611
48.508	NA	50.5	6150	28975	34274
46.564	1.581738529	170.167	36220	6660	8516
49.372	NA	146.833	7156	16168	23490
46.388	NA	77.3333	36803	10779	13500
49.076	NA	139.5	6070	36857	44286
48.292	NA	178.833	25231	24958	37896
47.412	NA	235.5	38663	7378	7789
46.9	NA	386.5	39846	11023	12118
46.584	NA	271	41946	5295	6935
46.712	NA	256	42742	5613	6940
45.964	NA	363.667	42859	5161	6720
46.696	NA	240.333	44391	5615	6634
46.256	1.888187556	284.667	42886	5071	6764
47.552	NA	263.333	40456	4801	6893
45.696	50.27992048	330.333	39720	5205	7095
45.88	NA	210.5	43265	5518	8040
46.308	4.442748092	230.333	42333	9524	15492
48.256	1.565194601	190.833	27106	34713	39437
47.152	4.594095941	257.833	23875	10445	14690
48.788	NA	84.6667	4844	21295	24207
49.692	NA	96	5048	35775	33992
48.292	NA	95.6667	5204	30905	45348
49.136	NA	34.8333	6614	58492	56655
49.228	NA	121.167	4790	33689	32257
48.628	NA	69.5	5496	35711	35129
47.656	NA	98.1667	5769	52006	54194
49.256	2.487280771	303.167	5044	19732	25211
48.984	NA	342.167	5275	17288	14183
50.628	NA	244.833	4672	12395	6895
52.212	NA	14.6667	4169	1644	3096
52.332	NA	15	4360	1625	3001
52.12	NA	15.1667	4388	1644	2988
52.016	NA	15	4362	1650	2977
52.116	NA	13.8333	4310	1658	2948
52.384	NA	22	4213	1644	3005
52.108	NA	15.5	4317	1632	3036
51.968	NA	15.1667	4229	1650	2928
51.88	NA	16.5	4286	1685	3024
52.5	NA	19.3333	4287	1653	3049
52.148	NA	14.3333	4304	1657	2964
52.088	NA	11.3333	4250	1664	3078
51.952	NA	15	4185	1699	3001
52.264	NA	21	4377	1546	3018
52.256	NA	15.3333	4238	1645	3072
52.168	NA	13.5	4342	1629	3109
51.98	NA	16.5	4233	1641	2986
52.092	NA	13.5	4172	1588	3088
52.412	NA	18	4380	1641	3014
52.12	NA	15.5	4291	1573	2999
51.968	NA	14.5	4215	1607	3061
51.976	NA	14.1667	4156	1717	3001
52.464	NA	19.6667	4152	1636	3064
52.112	NA	13.6667	4234	1663	3142
52.06	NA	14.3333	4334	1601	3007
51.944	NA	17	4109	1622	3087
52.308	NA	18.3333	4249	1644	3004
52.192	NA	15.8333	4245	1570	3128
52.156	NA	18.6667	4189	1591	3001
51.928	NA	15.1667	4262	1702	2960
52.22	NA	15.5	4060	1595	2944
52.344	NA	17.8333	4418	1618	3058
52.076	NA	14.6667	4351	1656	3063
52.052	NA	15.5	4252	1635	3059
52.056	NA	12.8333	4154	1579	3074
52.4	NA	20.5	4349	1660	3151
52.08	NA	15	4222	1576	3073
51.988	NA	15.3333	4199	1696	3141
51.912	NA	15.5	4315	1673	2935
52.488	NA	19.5	4340	1579	2961
52.172	NA	16.1667	4302	1699	3072
52.076	NA	15.5	4214	1613	2952
51.964	NA	15.8333	4243	1686	3036
52.204	NA	18.8333	4241	1610	3001
52.324	NA	17.6667	4311	1658	3026
52.12	NA	14.5	4250	1647	3042
52.004	NA	15.1667	4242	1597	3030
52.084	NA	16.5	4174	1653	3005
52.428	NA	16	4210	1644	3058
52.108	NA	12.5	4297	1619	3033
51.968	NA	14.5	4267	1659	2989
51.912	NA	14.5	4302	1591	3029
52.504	NA	18.1667	4198	1712	3088
52.124	NA	15.5	4303	1598	3059
51.604	1.625	15.5	4799	1807	3257
51.47313692	NA	3.66667	1153	468	902
