1	1	25000	32683	24930	24999	0.9972399
1	25001	50000	41717	24999	24999	1.0000000
1	50001	75000	42469	24999	24999	1.0000000
1	75001	100000	44584	24999	24999	1.0000000
1	100001	125000	44933	24999	24999	1.0000000
1	125001	150000	40147	24999	24999	1.0000000
1	150001	175000	40847	24999	24999	1.0000000
1	175001	200000	36619	24999	24999	1.0000000
1	200001	225000	40575	24999	24999	1.0000000
1	225001	250000	43727	24999	24999	1.0000000
1	250001	275000	41757	24999	24999	1.0000000
1	275001	300000	39651	24999	24999	1.0000000
1	300001	325000	40343	24999	24999	1.0000000
1	325001	350000	43174	24999	24999	1.0000000
1	350001	375000	40744	24999	24999	1.0000000
1	375001	400000	44594	24999	24999	1.0000000
1	400001	425000	42827	24999	24999	1.0000000
1	425001	450000	43019	24999	24999	1.0000000
1	450001	475000	27664	24998	24999	0.9999600
1	475001	500000	35473	24999	24999	1.0000000
1	500001	525000	35930	24999	24999	1.0000000
1	525001	550000	27462	24980	24999	0.9992400
1	550001	575000	5426	24572	24999	0.9829193
1	575001	600000	5601	24536	24999	0.9814793
1	600001	625000	5403	24571	24999	0.9828793
1	625001	650000	23927	24909	24999	0.9963999
1	650001	675000	41765	24999	24999	1.0000000
1	675001	700000	37478	24999	24999	1.0000000
1	700001	725000	44042	24999	24999	1.0000000
1	725001	750000	41665	24999	24999	1.0000000
1	750001	775000	26185	24804	24999	0.9921997
1	775001	800000	6025	24517	24999	0.9807192
1	800001	825000	5662	24688	24999	0.9875595
1	825001	850000	5122	24462	24999	0.9785191
1	850001	875000	5217	24571	24999	0.9828793
1	875001	900000	5150	24522	24999	0.9809192
1	900001	925000	4779	24509	24999	0.9803992
1	925001	950000	4971	24566	24999	0.9826793
1	950001	975000	4867	24522	24999	0.9809192
1	975001	1000000	5461	24634	24999	0.9853994
1	1000001	1025000	4429	24159	24999	0.9663987
1	1025001	1050000	5254	24525	24999	0.9810392
1	1050001	1075000	5116	24526	24999	0.9810792
1	1075001	1100000	6952	24413	24999	0.9765590
1	1100001	1125000	13332	24739	24999	0.9895996
1	1125001	1150000	5347	24784	24999	0.9913996
1	1150001	1175000	5224	24298	24999	0.9719589
1	1175001	1200000	5057	24489	24999	0.9795992
1	1200001	1225000	5042	24514	24999	0.9805992
1	1225001	1250000	4749	24410	24999	0.9764391
1	1250001	1275000	5118	24351	24999	0.9740790
1	1275001	1300000	6448	24533	24999	0.9813592
1	1300001	1325000	6622	24579	24999	0.9831993
1	1325001	1350000	7172	24667	24999	0.9867195
1	1350001	1375000	5163	24179	24999	0.9671987
1	1375001	1400000	4426	24381	24999	0.9752790
1	1400001	1425000	5569	24477	24999	0.9791192
1	1425001	1450000	5303	24547	24999	0.9819193
1	1450001	1475000	5149	24535	24999	0.9814392
1	1475001	1500000	5074	24598	24999	0.9839594
1	1500001	1525000	5370	24467	24999	0.9787192
1	1525001	1550000	5033	24543	24999	0.9817593
1	1550001	1575000	5193	24618	24999	0.9847594
1	1575001	1600000	4756	24302	24999	0.9721189
1	1600001	1625000	4849	24544	24999	0.9817992
1	1625001	1650000	5176	24304	24999	0.9721989
1	1650001	1675000	5181	24598	24999	0.9839594
1	1675001	1700000	4883	24254	24999	0.9701988
1	1700001	1725000	7326	24299	24999	0.9719989
1	1725001	1750000	4544	24110	24999	0.9644386
1	1750001	1775000	5099	24456	24999	0.9782791
1	1775001	1800000	5249	24420	24999	0.9768391
1	1800001	1825000	4406	24485	24999	0.9794392
1	1825001	1850000	4804	24364	24999	0.9745990
1	1850001	1875000	5041	24682	24999	0.9873195
1	1875001	1900000	5328	24434	24999	0.9773991
1	1900001	1925000	5270	24561	24999	0.9824793
1	1925001	1950000	5098	24443	24999	0.9777591
1	1950001	1975000	5187	24452	24999	0.9781191
1	1975001	2000000	4968	24422	24999	0.9769191
1	2000001	2025000	4542	24412	24999	0.9765190
1	2025001	2050000	4689	24581	24999	0.9832793
1	2050001	2075000	5069	24344	24999	0.9737989
1	2075001	2100000	4849	24399	24999	0.9759991
1	2100001	2125000	11636	24709	24999	0.9883996
1	2125001	2150000	7346	24727	24999	0.9891196
1	2150001	2175000	5251	24487	24999	0.9795192
1	2175001	2200000	4464	24188	24999	0.9675587
1	2200001	2225000	4859	24524	24999	0.9809992
1	2225001	2250000	5543	24425	24999	0.9770391
1	2250001	2275000	5248	24589	24999	0.9835994
1	2275001	2300000	5663	24590	24999	0.9836394
1	2300001	2325000	5097	24533	24999	0.9813592
1	2325001	2350000	5131	24321	24999	0.9728789
1	2350001	2375000	4982	24282	24999	0.9713188
1	2375001	2400000	4980	24332	24999	0.9733189
1	2400001	2425000	5164	24291	24999	0.9716789
1	2425001	2450000	5218	24322	24999	0.9729189
1	2450001	2475000	5023	24493	24999	0.9797592
1	2475001	2500000	10880	24582	24999	0.9833193
1	2500001	2525000	19409	24862	24999	0.9945198
1	2525001	2550000	5158	24604	24999	0.9841993
1	2550001	2575000	5551	24449	24999	0.9779991
1	2575001	2600000	5306	24673	24999	0.9869595
1	2600001	2625000	4498	24432	24999	0.9773191
1	2625001	2650000	5262	24517	24999	0.9807192
1	2650001	2675000	5082	24330	24999	0.9732389
1	2675001	2700000	5142	24630	24999	0.9852394
1	2700001	2725000	4676	24417	24999	0.9767191
1	2725001	2750000	4959	24334	24999	0.9733989
1	2750001	2775000	4604	24356	24999	0.9742790
1	2775001	2800000	4956	24297	24999	0.9719189
1	2800001	2825000	5203	24567	24999	0.9827193
1	2825001	2850000	6148	24405	24999	0.9762390
1	2850001	2875000	4768	24697	24999	0.9879195
1	2875001	2900000	4960	24621	24999	0.9848794
1	2900001	2925000	5124	24227	24999	0.9691188
1	2925001	2950000	4776	24531	24999	0.9812793
1	2950001	2975000	6653	24477	24999	0.9791192
1	2975001	3000000	5267	24627	24999	0.9851194
1	3000001	3025000	5141	24449	24999	0.9779991
1	3025001	3050000	5167	24545	24999	0.9818393
1	3050001	3075000	5414	24712	24999	0.9885195
1	3075001	3100000	5773	24649	24999	0.9859995
1	3100001	3125000	5284	24379	24999	0.9751990
1	3125001	3150000	5086	24466	24999	0.9786791
1	3150001	3175000	4516	24333	24999	0.9733589
1	3175001	3200000	5144	24658	24999	0.9863595
1	3200001	3225000	4849	24361	24999	0.9744790
1	3225001	3250000	4904	24317	24999	0.9727189
1	3250001	3275000	4454	24033	24999	0.9613584
1	3275001	3300000	4989	24588	24999	0.9835594
1	3300001	3325000	4744	24464	24999	0.9785991
1	3325001	3350000	4843	24396	24999	0.9758790
1	3350001	3375000	5198	24543	24999	0.9817593
1	3375001	3400000	5132	24417	24999	0.9767191
1	3400001	3425000	4812	24446	24999	0.9778791
1	3425001	3450000	5274	24330	24999	0.9732389
1	3450001	3475000	3843	24073	24999	0.9629585
1	3475001	3500000	4728	24336	24999	0.9734789
1	3500001	3525000	5303	24467	24999	0.9787192
1	3525001	3550000	4749	24426	24999	0.9770791
1	3550001	3575000	5168	24453	24999	0.9781591
1	3575001	3600000	5407	24418	24999	0.9767591
1	3600001	3625000	5006	24350	24999	0.9740390
1	3625001	3650000	4950	24602	24999	0.9841194
1	3650001	3675000	4769	24379	24999	0.9751990
1	3675001	3700000	5005	24281	24999	0.9712788
1	3700001	3725000	4713	24622	24999	0.9849194
1	3725001	3750000	4774	24437	24999	0.9775191
1	3750001	3775000	4640	24234	24999	0.9693988
1	3775001	3800000	10496	24397	24999	0.9759190
1	3800001	3825000	5581	24521	24999	0.9808792
1	3825001	3850000	4757	24243	24999	0.9697588
1	3850001	3875000	5305	24385	24999	0.9754390
1	3875001	3900000	5014	24669	24999	0.9867995
1	3900001	3925000	5274	24443	24999	0.9777591
1	3925001	3950000	4961	24489	24999	0.9795992
1	3950001	3975000	5663	24564	24999	0.9825993
1	3975001	4000000	4795	24350	24999	0.9740390
1	4000001	4025000	5376	24312	24999	0.9725189
1	4025001	4050000	5433	24607	24999	0.9843194
1	4050001	4075000	4908	24450	24999	0.9780391
1	4075001	4100000	5012	24428	24999	0.9771591
1	4100001	4125000	5061	24411	24999	0.9764791
1	4125001	4150000	5719	24668	24999	0.9867595
1	4150001	4175000	5193	24615	24999	0.9846394
1	4175001	4200000	5068	24422	24999	0.9769191
1	4200001	4225000	5457	24542	24999	0.9817193
1	4225001	4250000	4836	24425	24999	0.9770391
1	4250001	4275000	4918	24532	24999	0.9813192
1	4275001	4300000	5336	24199	24999	0.9679987
1	4300001	4325000	4969	24532	24999	0.9813192
1	4325001	4350000	4529	24193	24999	0.9677587
1	4350001	4375000	4746	24356	24999	0.9742790
1	4375001	4400000	4839	24345	24999	0.9738389
1	4400001	4425000	5076	24513	24999	0.9805592
1	4425001	4450000	4201	24105	24999	0.9642386
1	4450001	4475000	5424	24582	24999	0.9833193
1	4475001	4500000	5539	24551	24999	0.9820793
1	4500001	4525000	5262	24616	24999	0.9846794
1	4525001	4550000	5357	24475	24999	0.9790391
1	4550001	4575000	16048	24596	24999	0.9838793
1	4575001	4600000	7970	24647	24999	0.9859194
1	4600001	4625000	5342	24580	24999	0.9832394
1	4625001	4650000	5099	24473	24999	0.9789591
1	4650001	4675000	4843	24313	24999	0.9725589
1	4675001	4700000	5234	24476	24999	0.9790792
1	4700001	4725000	5390	24488	24999	0.9795592
1	4725001	4750000	4700	24517	24999	0.9807192
1	4750001	4775000	4944	24493	24999	0.9797592
1	4775001	4800000	5323	24569	24999	0.9827993
1	4800001	4825000	5449	24414	24999	0.9765990
1	4825001	4850000	5004	24287	24999	0.9715189
1	4850001	4875000	4730	24237	24999	0.9695188
1	4875001	4900000	5587	24545	24999	0.9818393
1	4900001	4925000	5370	24482	24999	0.9793192
1	4925001	4950000	4716	24457	24999	0.9783191
1	4950001	4975000	4868	24423	24999	0.9769590
1	4975001	5000000	5056	24294	24999	0.9717989
1	5000001	5025000	9237	24740	24999	0.9896396
1	5025001	5050000	4973	24357	24999	0.9743190
1	5050001	5075000	5061	24656	24999	0.9862794
1	5075001	5100000	8479	24566	24999	0.9826793
1	5100001	5125000	5077	24540	24999	0.9816393
1	5125001	5150000	5094	24255	24999	0.9702388
1	5150001	5175000	4843	24305	24999	0.9722389
1	5175001	5200000	5039	24441	24999	0.9776791
1	5200001	5225000	5401	24655	24999	0.9862394
1	5225001	5250000	4779	24137	24999	0.9655186
1	5250001	5275000	5305	24434	24999	0.9773991
1	5275001	5300000	10204	24639	24999	0.9855994
1	5300001	5325000	12393	24685	24999	0.9874395
1	5325001	5350000	5048	24452	24999	0.9781191
1	5350001	5375000	4873	24523	24999	0.9809592
1	5375001	5400000	5481	24260	24999	0.9704388
1	5400001	5425000	4927	24512	24999	0.9805192
1	5425001	5450000	4818	24391	24999	0.9756790
1	5450001	5475000	4752	24520	24999	0.9808393
1	5475001	5500000	4752	24531	24999	0.9812793
1	5500001	5525000	4816	24425	24999	0.9770391
1	5525001	5550000	5009	24495	24999	0.9798392
1	5550001	5575000	5519	24416	24999	0.9766791
1	5575001	5600000	4580	24336	24999	0.9734789
1	5600001	5625000	4775	24432	24999	0.9773191
1	5625001	5650000	4583	24530	24999	0.9812393
1	5650001	5675000	5224	24517	24999	0.9807192
1	5675001	5700000	9799	24736	24999	0.9894796
1	5700001	5725000	34205	24999	24999	1.0000000
1	5725001	5750000	25337	24927	24999	0.9971199
1	5750001	5775000	41005	24999	24999	1.0000000
1	5775001	5800000	37823	24972	24999	0.9989200
1	5800001	5825000	37199	24999	24999	1.0000000
1	5825001	5850000	36521	24999	24999	1.0000000
1	5850001	5875000	40053	24999	24999	1.0000000
1	5875001	5900000	37632	24999	24999	1.0000000
1	5900001	5925000	38853	24999	24999	1.0000000
1	5925001	5950000	39243	24999	24999	1.0000000
1	5950001	5975000	40677	24996	24999	0.9998800
1	5975001	6000000	43173	24999	24999	1.0000000
1	6000001	6025000	13739	24652	24999	0.9861194
1	6025001	6050000	6501	24580	24999	0.9832394
1	6050001	6075000	5187	24683	24999	0.9873595
1	6075001	6100000	4978	24379	24999	0.9751990
1	6100001	6125000	5383	24335	24999	0.9734389
1	6125001	6150000	4835	24502	24999	0.9801192
1	6150001	6175000	5212	24522	24999	0.9809192
1	6175001	6200000	5415	24224	24999	0.9689987
1	6200001	6225000	4995	24648	24999	0.9859594
1	6225001	6250000	5246	24678	24999	0.9871595
1	6250001	6275000	4718	24549	24999	0.9819993
1	6275001	6300000	4908	24468	24999	0.9787592
1	6300001	6325000	4858	24426	24999	0.9770791
1	6325001	6350000	4927	24586	24999	0.9834793
1	6350001	6375000	5243	24600	24999	0.9840394
1	6375001	6400000	5140	24436	24999	0.9774791
1	6400001	6425000	5061	24501	24999	0.9800792
1	6425001	6450000	5099	24296	24999	0.9718789
1	6450001	6475000	5652	24733	24999	0.9893596
1	6475001	6500000	5527	24658	24999	0.9863595
1	6500001	6525000	6580	24568	24999	0.9827593
1	6525001	6550000	26990	24931	24999	0.9972799
1	6550001	6575000	39653	24999	24999	1.0000000
1	6575001	6600000	41582	24999	24999	1.0000000
1	6600001	6625000	6204	24598	24999	0.9839594
1	6625001	6650000	5470	24700	24999	0.9880395
1	6650001	6675000	5095	24253	24999	0.9701588
1	6675001	6700000	5402	24543	24999	0.9817593
1	6700001	6725000	21861	24811	24999	0.9924797
1	6725001	6750000	15083	24654	24999	0.9861994
1	6750001	6775000	4967	24568	24999	0.9827593
1	6775001	6800000	4851	24489	24999	0.9795992
1	6800001	6825000	5041	24416	24999	0.9766791
1	6825001	6850000	5414	24511	24999	0.9804792
1	6850001	6875000	12204	24707	24999	0.9883195
1	6875001	6900000	5929	24717	24999	0.9887195
1	6900001	6925000	13024	24770	24999	0.9908397
1	6925001	6950000	31696	24976	24999	0.9990799
1	6950001	6975000	27375	24943	24999	0.9977599
1	6975001	7000000	38039	24999	24999	1.0000000
1	7000001	7025000	21890	24924	24999	0.9969999
1	7025001	7050000	35983	24994	24999	0.9998000
1	7050001	7075000	31502	24993	24999	0.9997600
1	7075001	7100000	40979	24999	24999	1.0000000
1	7100001	7125000	42546	24999	24999	1.0000000
1	7125001	7150000	27121	24987	24999	0.9995200
1	7150001	7175000	30650	24999	24999	1.0000000
1	7175001	7200000	43059	24999	24999	1.0000000
1	7200001	7225000	37046	24999	24999	1.0000000
1	7225001	7250000	8592	24792	24999	0.9917197
1	7250001	7275000	5376	24412	24999	0.9765190
1	7275001	7300000	6001	24697	24999	0.9879195
1	7300001	7325000	31128	24917	24999	0.9967199
1	7325001	7350000	37596	24981	24999	0.9992800
1	7350001	7375000	33422	24939	24999	0.9975999
1	7375001	7400000	40452	24999	24999	1.0000000
1	7400001	7425000	38296	24999	24999	1.0000000
1	7425001	7450000	41662	24999	24999	1.0000000
1	7450001	7475000	37448	24999	24999	1.0000000
1	7475001	7500000	11508	24902	24999	0.9961199
1	7500001	7525000	25692	24961	24999	0.9984800
1	7525001	7550000	29799	24999	24999	1.0000000
1	7550001	7575000	37714	24999	24999	1.0000000
1	7575001	7600000	39158	24999	24999	1.0000000
1	7600001	7625000	38318	24999	24999	1.0000000
1	7625001	7650000	42753	24999	24999	1.0000000
1	7650001	7675000	40520	24992	24999	0.9997200
1	7675001	7700000	38611	24999	24999	1.0000000
1	7700001	7725000	40024	24999	24999	1.0000000
1	7725001	7750000	36471	24999	24999	1.0000000
1	7750001	7775000	35500	24913	24999	0.9965599
1	7775001	7800000	41166	24956	24999	0.9982799
1	7800001	7825000	37240	24999	24999	1.0000000
1	7825001	7850000	24650	24809	24999	0.9923997
1	7850001	7875000	30202	24964	24999	0.9985999
1	7875001	7900000	26591	24986	24999	0.9994799
1	7900001	7925000	5447	24646	24999	0.9858794
1	7925001	7950000	4777	24443	24999	0.9777591
1	7950001	7975000	6927	24337	24999	0.9735190
1	7975001	8000000	5010	24636	24999	0.9854794
1	8000001	8025000	5412	24330	24999	0.9732389
1	8025001	8050000	5257	24700	24999	0.9880395
1	8050001	8075000	5364	24632	24999	0.9853194
1	8075001	8100000	7613	24509	24999	0.9803992
1	8100001	8125000	5678	24612	24999	0.9845194
1	8125001	8150000	5191	24393	24999	0.9757590
1	8150001	8175000	5376	24542	24999	0.9817193
1	8175001	8200000	4976	24340	24999	0.9736390
1	8200001	8225000	5203	24418	24999	0.9767591
1	8225001	8250000	5202	24505	24999	0.9802392
1	8250001	8275000	5178	24631	24999	0.9852794
1	8275001	8300000	8768	24706	24999	0.9882795
1	8300001	8325000	5420	24540	24999	0.9816393
1	8325001	8350000	4618	24233	24999	0.9693588
1	8350001	8375000	5602	24569	24999	0.9827993
1	8375001	8400000	11737	24751	24999	0.9900796
1	8400001	8425000	39943	24999	24999	1.0000000
1	8425001	8450000	11807	24711	24999	0.9884796
1	8450001	8475000	4949	24376	24999	0.9750790
1	8475001	8500000	5133	24513	24999	0.9805592
1	8500001	8525000	5149	24608	24999	0.9843594
1	8525001	8550000	5344	24514	24999	0.9805992
1	8550001	8575000	8057	24560	24999	0.9824393
1	8575001	8600000	20137	24898	24999	0.9959598
1	8600001	8625000	39069	24999	24999	1.0000000
1	8625001	8650000	19526	24686	24999	0.9874795
1	8650001	8675000	5690	24664	24999	0.9865994
1	8675001	8700000	7885	24704	24999	0.9881995
1	8700001	8725000	5266	24569	24999	0.9827993
1	8725001	8750000	5274	24549	24999	0.9819993
1	8750001	8775000	5248	24528	24999	0.9811593
1	8775001	8800000	5126	24519	24999	0.9807993
1	8800001	8825000	5587	24502	24999	0.9801192
1	8825001	8850000	5264	24465	24999	0.9786391
1	8850001	8875000	8244	24621	24999	0.9848794
1	8875001	8900000	4768	24274	24999	0.9709988
1	8900001	8925000	5435	24669	24999	0.9867995
1	8925001	8950000	5491	24635	24999	0.9854394
1	8950001	8975000	4514	24017	24999	0.9607185
1	8975001	9000000	4179	23739	24999	0.9495980
1	9000001	9025000	4223	23971	24999	0.9588783
1	9025001	9050000	5081	24535	24999	0.9814392
1	9050001	9075000	5068	24399	24999	0.9759991
1	9075001	9100000	4907	24422	24999	0.9769191
1	9100001	9125000	4856	24461	24999	0.9784791
1	9125001	9150000	5247	24404	24999	0.9761990
1	9150001	9175000	5393	24548	24999	0.9819593
1	9175001	9200000	5351	24523	24999	0.9809592
1	9200001	9225000	4802	24504	24999	0.9801992
1	9225001	9250000	4789	24623	24999	0.9849594
1	9250001	9275000	5088	24448	24999	0.9779591
1	9275001	9300000	5156	24545	24999	0.9818393
1	9300001	9325000	5453	24663	24999	0.9865595
1	9325001	9350000	5071	24533	24999	0.9813592
1	9350001	9375000	5269	24726	24999	0.9890795
1	9375001	9400000	5248	24536	24999	0.9814793
1	9400001	9425000	4798	24683	24999	0.9873595
1	9425001	9450000	5302	24496	24999	0.9798792
1	9450001	9475000	4804	24304	24999	0.9721989
1	9475001	9500000	5020	24403	24999	0.9761590
1	9500001	9525000	5410	24476	24999	0.9790792
1	9525001	9550000	5537	24552	24999	0.9821193
1	9550001	9575000	4758	24481	24999	0.9792792
1	9575001	9600000	5077	24427	24999	0.9771191
1	9600001	9625000	5040	24591	24999	0.9836794
1	9625001	9650000	5377	24686	24999	0.9874795
1	9650001	9675000	5055	24597	24999	0.9839194
1	9675001	9700000	5318	24526	24999	0.9810792
1	9700001	9725000	4888	24583	24999	0.9833593
1	9725001	9750000	4772	24198	24999	0.9679587
1	9750001	9775000	5009	24454	24999	0.9781991
1	9775001	9800000	4174	23856	24999	0.9542782
1	9800001	9825000	5178	24431	24999	0.9772791
1	9825001	9850000	5108	24262	24999	0.9705188
1	9850001	9875000	4848	24346	24999	0.9738790
1	9875001	9900000	5112	24375	24999	0.9750390
1	9900001	9925000	5620	24583	24999	0.9833593
1	9925001	9950000	5143	24471	24999	0.9788792
1	9950001	9975000	5117	24439	24999	0.9775991
1	9975001	10000000	4869	24316	24999	0.9726789
1	10000001	10025000	5359	24616	24999	0.9846794
1	10025001	10050000	5115	24561	24999	0.9824793
1	10050001	10075000	4619	24522	24999	0.9809192
1	10075001	10100000	5275	24549	24999	0.9819993
1	10100001	10125000	5248	24334	24999	0.9733989
1	10125001	10150000	5106	24478	24999	0.9791592
1	10150001	10175000	4846	24444	24999	0.9777991
1	10175001	10200000	5006	24084	24999	0.9633985
1	10200001	10225000	4971	24458	24999	0.9783592
1	10225001	10250000	5528	24469	24999	0.9787992
1	10250001	10275000	4910	24458	24999	0.9783592
1	10275001	10300000	4942	24493	24999	0.9797592
1	10300001	10325000	5171	24539	24999	0.9815993
1	10325001	10350000	5346	24458	24999	0.9783592
1	10350001	10375000	5068	24090	24999	0.9636385
1	10375001	10400000	5288	24516	24999	0.9806792
1	10400001	10425000	5824	24519	24999	0.9807993
1	10425001	10450000	11120	24494	24999	0.9797992
1	10450001	10475000	4604	24312	24999	0.9725189
1	10475001	10500000	5221	24648	24999	0.9859594
1	10500001	10525000	5444	24473	24999	0.9789591
1	10525001	10550000	19005	24948	24999	0.9979599
1	10550001	10575000	26464	24910	24999	0.9964399
1	10575001	10600000	8550	24759	24999	0.9903996
1	10600001	10625000	5026	24440	24999	0.9776391
1	10625001	10650000	5127	24261	24999	0.9704788
1	10650001	10675000	5004	24331	24999	0.9732789
1	10675001	10700000	5003	24530	24999	0.9812393
1	10700001	10725000	5421	24478	24999	0.9791592
1	10725001	10750000	5346	24609	24999	0.9843994
1	10750001	10775000	5483	24467	24999	0.9787192
1	10775001	10800000	4882	24426	24999	0.9770791
1	10800001	10825000	5285	24633	24999	0.9853594
1	10825001	10850000	5769	24696	24999	0.9878795
1	10850001	10875000	33513	24984	24999	0.9994000
1	10875001	10900000	38867	24999	24999	1.0000000
1	10900001	10925000	37626	24999	24999	1.0000000
1	10925001	10950000	37231	24999	24999	1.0000000
1	10950001	10975000	36220	24999	24999	1.0000000
1	10975001	11000000	30906	24990	24999	0.9996400
1	11000001	11025000	5208	24388	24999	0.9755590
1	11025001	11050000	6324	24593	24999	0.9837593
1	11050001	11075000	5319	24531	24999	0.9812793
1	11075001	11100000	25283	24885	24999	0.9954398
1	11100001	11125000	7515	24647	24999	0.9859194
1	11125001	11150000	5688	24609	24999	0.9843994
1	11150001	11175000	5347	24645	24999	0.9858394
1	11175001	11200000	5969	24649	24999	0.9859995
1	11200001	11225000	44866	24999	24999	1.0000000
1	11225001	11250000	42587	24999	24999	1.0000000
1	11250001	11275000	46201	24999	24999	1.0000000
1	11275001	11300000	44598	24999	24999	1.0000000
1	11300001	11325000	40570	24999	24999	1.0000000
1	11325001	11350000	43300	24999	24999	1.0000000
1	11350001	11375000	40340	24999	24999	1.0000000
1	11375001	11400000	42053	24871	24999	0.9948798
1	11400001	11425000	40690	24999	24999	1.0000000
1	11425001	11450000	44160	24999	24999	1.0000000
1	11450001	11475000	39691	24999	24999	1.0000000
1	11475001	11500000	42058	24999	24999	1.0000000
1	11500001	11525000	41438	24999	24999	1.0000000
1	11525001	11550000	45373	24999	24999	1.0000000
1	11550001	11575000	40320	24999	24999	1.0000000
1	11575001	11600000	41965	24999	24999	1.0000000
1	11600001	11625000	44624	24999	24999	1.0000000
1	11625001	11650000	44905	24999	24999	1.0000000
1	11650001	11675000	39541	24999	24999	1.0000000
1	11675001	11700000	41746	24999	24999	1.0000000
1	11700001	11725000	44130	24999	24999	1.0000000
1	11725001	11750000	38750	24994	24999	0.9998000
1	11750001	11775000	14982	10949	24999	0.4379775
2	1	25000	25583	23831	24999	0.9532781
2	25001	50000	40765	24999	24999	1.0000000
2	50001	75000	45225	24999	24999	1.0000000
2	75001	100000	43324	24999	24999	1.0000000
2	100001	125000	40304	24999	24999	1.0000000
2	125001	150000	43514	24999	24999	1.0000000
2	150001	175000	44791	24999	24999	1.0000000
2	175001	200000	44498	24999	24999	1.0000000
2	200001	225000	43148	24999	24999	1.0000000
2	225001	250000	42131	24999	24999	1.0000000
2	250001	275000	41274	24999	24999	1.0000000
2	275001	300000	39461	24999	24999	1.0000000
2	300001	325000	42804	24999	24999	1.0000000
2	325001	350000	41434	24999	24999	1.0000000
2	350001	375000	41822	24999	24999	1.0000000
2	375001	400000	44616	24999	24999	1.0000000
2	400001	425000	45595	24999	24999	1.0000000
2	425001	450000	42449	24999	24999	1.0000000
2	450001	475000	8029	24770	24999	0.9908397
2	475001	500000	9718	24811	24999	0.9924797
2	500001	525000	36279	24999	24999	1.0000000
2	525001	550000	42755	24999	24999	1.0000000
2	550001	575000	38504	24997	24999	0.9999200
2	575001	600000	36553	24955	24999	0.9982399
2	600001	625000	33130	24999	24999	1.0000000
2	625001	650000	41420	24999	24999	1.0000000
2	650001	675000	43170	24999	24999	1.0000000
2	675001	700000	39295	24999	24999	1.0000000
2	700001	725000	42632	24999	24999	1.0000000
2	725001	750000	39927	24996	24999	0.9998800
2	750001	775000	45414	24999	24999	1.0000000
2	775001	800000	42783	24999	24999	1.0000000
2	800001	825000	39741	24999	24999	1.0000000
2	825001	850000	39242	24999	24999	1.0000000
2	850001	875000	15739	24873	24999	0.9949598
2	875001	900000	20275	24865	24999	0.9946398
2	900001	925000	23728	24816	24999	0.9926797
2	925001	950000	5937	24554	24999	0.9821993
2	950001	975000	4973	24500	24999	0.9800392
2	975001	1000000	5134	24421	24999	0.9768791
2	1000001	1025000	4825	24484	24999	0.9793992
2	1025001	1050000	4946	24263	24999	0.9705588
2	1050001	1075000	5127	24467	24999	0.9787192
2	1075001	1100000	5124	24510	24999	0.9804392
2	1100001	1125000	5171	24440	24999	0.9776391
2	1125001	1150000	7632	24482	24999	0.9793192
2	1150001	1175000	4988	24491	24999	0.9796792
2	1175001	1200000	5343	24511	24999	0.9804792
2	1200001	1225000	4893	24500	24999	0.9800392
2	1225001	1250000	5360	24519	24999	0.9807993
2	1250001	1275000	5122	24341	24999	0.9736789
2	1275001	1300000	5450	24665	24999	0.9866394
2	1300001	1325000	5179	24438	24999	0.9775591
2	1325001	1350000	4975	24425	24999	0.9770391
2	1350001	1375000	5543	24591	24999	0.9836794
2	1375001	1400000	4782	24274	24999	0.9709988
2	1400001	1425000	4583	24332	24999	0.9733189
2	1425001	1450000	5512	24444	24999	0.9777991
2	1450001	1475000	5258	24267	24999	0.9707188
2	1475001	1500000	9697	24525	24999	0.9810392
2	1500001	1525000	6028	24661	24999	0.9864795
2	1525001	1550000	4654	24504	24999	0.9801992
2	1550001	1575000	5313	24615	24999	0.9846394
2	1575001	1600000	4937	24472	24999	0.9789191
2	1600001	1625000	4992	24440	24999	0.9776391
2	1625001	1650000	5535	24491	24999	0.9796792
2	1650001	1675000	4715	24329	24999	0.9731990
2	1675001	1700000	4920	24595	24999	0.9838393
2	1700001	1725000	5203	24557	24999	0.9823193
2	1725001	1750000	5003	24529	24999	0.9811993
2	1750001	1775000	5213	24535	24999	0.9814392
2	1775001	1800000	4984	24517	24999	0.9807192
2	1800001	1825000	5395	24491	24999	0.9796792
2	1825001	1850000	5212	24585	24999	0.9834393
2	1850001	1875000	4552	24319	24999	0.9727989
2	1875001	1900000	4895	24237	24999	0.9695188
2	1900001	1925000	4876	24467	24999	0.9787192
2	1925001	1950000	5040	24471	24999	0.9788792
2	1950001	1975000	4783	24434	24999	0.9773991
2	1975001	2000000	4868	24504	24999	0.9801992
2	2000001	2025000	5028	24404	24999	0.9761990
2	2025001	2050000	5176	24608	24999	0.9843594
2	2050001	2075000	5182	24460	24999	0.9784392
2	2075001	2100000	8038	24678	24999	0.9871595
2	2100001	2125000	5135	24482	24999	0.9793192
2	2125001	2150000	4868	24419	24999	0.9767991
2	2150001	2175000	5027	24593	24999	0.9837593
2	2175001	2200000	5528	24503	24999	0.9801592
2	2200001	2225000	5664	24652	24999	0.9861194
2	2225001	2250000	5382	24595	24999	0.9838393
2	2250001	2275000	5015	24394	24999	0.9757990
2	2275001	2300000	5362	24271	24999	0.9708788
2	2300001	2325000	5236	24306	24999	0.9722789
2	2325001	2350000	7163	24319	24999	0.9727989
2	2350001	2375000	5177	24410	24999	0.9764391
2	2375001	2400000	4854	24502	24999	0.9801192
2	2400001	2425000	5168	24478	24999	0.9791592
2	2425001	2450000	5364	24402	24999	0.9761190
2	2450001	2475000	5063	24609	24999	0.9843994
2	2475001	2500000	5328	24677	24999	0.9871195
2	2500001	2525000	5186	24401	24999	0.9760790
2	2525001	2550000	7199	24718	24999	0.9887596
2	2550001	2575000	5295	24546	24999	0.9818793
2	2575001	2600000	5335	24687	24999	0.9875195
2	2600001	2625000	4998	24530	24999	0.9812393
2	2625001	2650000	5243	24339	24999	0.9735990
2	2650001	2675000	5225	24340	24999	0.9736390
2	2675001	2700000	5323	24483	24999	0.9793591
2	2700001	2725000	5077	24485	24999	0.9794392
2	2725001	2750000	5122	24622	24999	0.9849194
2	2750001	2775000	5240	24455	24999	0.9782391
2	2775001	2800000	28779	24865	24999	0.9946398
2	2800001	2825000	42383	24999	24999	1.0000000
2	2825001	2850000	42566	24999	24999	1.0000000
2	2850001	2875000	10025	24782	24999	0.9913197
2	2875001	2900000	6690	24474	24999	0.9789991
2	2900001	2925000	6961	24722	24999	0.9889196
2	2925001	2950000	5137	24530	24999	0.9812393
2	2950001	2975000	5176	24281	24999	0.9712788
2	2975001	3000000	17111	24737	24999	0.9895196
2	3000001	3025000	9119	24658	24999	0.9863595
2	3025001	3050000	5379	24549	24999	0.9819993
2	3050001	3075000	4754	24529	24999	0.9811993
2	3075001	3100000	5357	24557	24999	0.9823193
2	3100001	3125000	6747	24594	24999	0.9837993
2	3125001	3150000	5465	24522	24999	0.9809192
2	3150001	3175000	10399	24543	24999	0.9817593
2	3175001	3200000	5284	24441	24999	0.9776791
2	3200001	3225000	9632	24587	24999	0.9835193
2	3225001	3250000	5083	24633	24999	0.9853594
2	3250001	3275000	4971	24193	24999	0.9677587
2	3275001	3300000	4111	23825	24999	0.9530381
2	3300001	3325000	4573	24111	24999	0.9644786
2	3325001	3350000	4644	24246	24999	0.9698788
2	3350001	3375000	5350	24569	24999	0.9827993
2	3375001	3400000	5077	24403	24999	0.9761590
2	3400001	3425000	4962	24474	24999	0.9789991
2	3425001	3450000	4886	24276	24999	0.9710789
2	3450001	3475000	6570	24696	24999	0.9878795
2	3475001	3500000	26903	24940	24999	0.9976399
2	3500001	3525000	42180	24996	24999	0.9998800
2	3525001	3550000	38897	24980	24999	0.9992400
2	3550001	3575000	35055	24999	24999	1.0000000
2	3575001	3600000	40742	24999	24999	1.0000000
2	3600001	3625000	23059	24954	24999	0.9981999
2	3625001	3650000	35484	24995	24999	0.9998400
2	3650001	3675000	38821	24999	24999	1.0000000
2	3675001	3700000	38202	24999	24999	1.0000000
2	3700001	3725000	36389	24921	24999	0.9968799
2	3725001	3750000	39822	24999	24999	1.0000000
2	3750001	3775000	37830	24999	24999	1.0000000
2	3775001	3800000	46033	24999	24999	1.0000000
2	3800001	3825000	43126	24999	24999	1.0000000
2	3825001	3850000	33950	24994	24999	0.9998000
2	3850001	3875000	41004	24999	24999	1.0000000
2	3875001	3900000	31124	24993	24999	0.9997600
2	3900001	3925000	33939	24970	24999	0.9988400
2	3925001	3950000	35598	24981	24999	0.9992800
2	3950001	3975000	43789	24999	24999	1.0000000
2	3975001	4000000	39920	24999	24999	1.0000000
2	4000001	4025000	44654	24999	24999	1.0000000
2	4025001	4050000	39080	24992	24999	0.9997200
2	4050001	4075000	43078	24999	24999	1.0000000
2	4075001	4100000	43644	24999	24999	1.0000000
2	4100001	4125000	42469	24999	24999	1.0000000
2	4125001	4150000	36828	24970	24999	0.9988400
2	4150001	4175000	34533	24992	24999	0.9997200
2	4175001	4200000	40652	24999	24999	1.0000000
2	4200001	4225000	39073	24999	24999	1.0000000
2	4225001	4250000	32510	24975	24999	0.9990399
2	4250001	4275000	38128	24999	24999	1.0000000
2	4275001	4300000	34743	24983	24999	0.9993600
2	4300001	4325000	41325	24999	24999	1.0000000
2	4325001	4350000	39271	24963	24999	0.9985600
2	4350001	4375000	43097	24999	24999	1.0000000
2	4375001	4400000	40260	24999	24999	1.0000000
2	4400001	4425000	40756	24999	24999	1.0000000
2	4425001	4450000	33386	24999	24999	1.0000000
2	4450001	4475000	38041	24999	24999	1.0000000
2	4475001	4500000	39999	24999	24999	1.0000000
2	4500001	4525000	38947	24999	24999	1.0000000
2	4525001	4550000	30539	24989	24999	0.9996000
2	4550001	4575000	30479	24937	24999	0.9975199
2	4575001	4600000	37486	24956	24999	0.9982799
2	4600001	4625000	32609	24999	24999	1.0000000
2	4625001	4650000	31379	24860	24999	0.9944398
2	4650001	4675000	39084	24999	24999	1.0000000
2	4675001	4700000	40224	24999	24999	1.0000000
2	4700001	4725000	35369	24977	24999	0.9991199
2	4725001	4750000	36125	24999	24999	1.0000000
2	4750001	4775000	32893	24962	24999	0.9985200
2	4775001	4800000	32867	24934	24999	0.9973999
2	4800001	4825000	26624	24979	24999	0.9992000
2	4825001	4850000	32057	24996	24999	0.9998800
2	4850001	4875000	40911	24999	24999	1.0000000
2	4875001	4900000	23380	24942	24999	0.9977199
2	4900001	4925000	38755	24999	24999	1.0000000
2	4925001	4950000	43205	24999	24999	1.0000000
2	4950001	4975000	41524	24999	24999	1.0000000
2	4975001	5000000	36196	24910	24999	0.9964399
2	5000001	5025000	41183	24999	24999	1.0000000
2	5025001	5050000	34837	24992	24999	0.9997200
2	5050001	5075000	41143	24999	24999	1.0000000
2	5075001	5100000	28739	24988	24999	0.9995600
2	5100001	5125000	33974	24943	24999	0.9977599
2	5125001	5150000	33812	24996	24999	0.9998800
2	5150001	5175000	38806	24999	24999	1.0000000
2	5175001	5200000	37565	24993	24999	0.9997600
2	5200001	5225000	33995	24981	24999	0.9992800
2	5225001	5250000	42715	24999	24999	1.0000000
2	5250001	5275000	36643	24986	24999	0.9994799
2	5275001	5300000	39341	24999	24999	1.0000000
2	5300001	5325000	38931	24999	24999	1.0000000
2	5325001	5350000	36959	24999	24999	1.0000000
2	5350001	5375000	36930	24999	24999	1.0000000
2	5375001	5400000	41973	24999	24999	1.0000000
2	5400001	5425000	41955	24999	24999	1.0000000
2	5425001	5450000	44045	24999	24999	1.0000000
2	5450001	5475000	44912	24999	24999	1.0000000
2	5475001	5500000	40220	24970	24999	0.9988400
2	5500001	5525000	34535	24999	24999	1.0000000
2	5525001	5550000	37906	24999	24999	1.0000000
2	5550001	5575000	36723	24986	24999	0.9994799
2	5575001	5600000	39550	24999	24999	1.0000000
2	5600001	5625000	40113	24999	24999	1.0000000
2	5625001	5650000	39092	24994	24999	0.9998000
2	5650001	5675000	35782	24999	24999	1.0000000
2	5675001	5700000	38846	24999	24999	1.0000000
2	5700001	5725000	34013	24999	24999	1.0000000
2	5725001	5750000	40013	24991	24999	0.9996800
2	5750001	5775000	37364	24999	24999	1.0000000
2	5775001	5800000	30414	24997	24999	0.9999200
2	5800001	5825000	38562	24998	24999	0.9999600
2	5825001	5850000	37874	24999	24999	1.0000000
2	5850001	5875000	39505	24999	24999	1.0000000
2	5875001	5900000	38667	24994	24999	0.9998000
2	5900001	5925000	30701	24999	24999	1.0000000
2	5925001	5950000	38451	24999	24999	1.0000000
2	5950001	5975000	15265	24928	24999	0.9971599
2	5975001	6000000	39995	24998	24999	0.9999600
2	6000001	6025000	42141	24999	24999	1.0000000
2	6025001	6050000	32438	24990	24999	0.9996400
2	6050001	6075000	42556	24999	24999	1.0000000
2	6075001	6100000	29042	24924	24999	0.9969999
2	6100001	6125000	35978	24999	24999	1.0000000
2	6125001	6150000	38604	24995	24999	0.9998400
2	6150001	6175000	34230	24938	24999	0.9975599
2	6175001	6200000	43666	24999	24999	1.0000000
2	6200001	6225000	39809	24999	24999	1.0000000
2	6225001	6250000	36458	24999	24999	1.0000000
2	6250001	6275000	34081	24999	24999	1.0000000
2	6275001	6300000	41490	24999	24999	1.0000000
2	6300001	6325000	41876	24999	24999	1.0000000
2	6325001	6350000	40895	24999	24999	1.0000000
2	6350001	6375000	40323	24999	24999	1.0000000
2	6375001	6400000	39026	24999	24999	1.0000000
2	6400001	6425000	38274	24999	24999	1.0000000
2	6425001	6450000	31828	24955	24999	0.9982399
2	6450001	6475000	40871	24999	24999	1.0000000
2	6475001	6500000	39014	24999	24999	1.0000000
2	6500001	6525000	36595	24998	24999	0.9999600
2	6525001	6550000	35697	24999	24999	1.0000000
2	6550001	6575000	18143	24912	24999	0.9965199
2	6575001	6600000	37419	24999	24999	1.0000000
2	6600001	6625000	13057	24834	24999	0.9933997
2	6625001	6650000	11763	24810	24999	0.9924397
2	6650001	6675000	40726	24999	24999	1.0000000
2	6675001	6700000	17019	24866	24999	0.9946798
2	6700001	6725000	4888	24708	24999	0.9883595
2	6725001	6750000	4776	24660	24999	0.9864395
2	6750001	6775000	5410	24362	24999	0.9745190
2	6775001	6800000	5535	24542	24999	0.9817193
2	6800001	6825000	22657	24879	24999	0.9951998
2	6825001	6850000	18644	24737	24999	0.9895196
2	6850001	6875000	36869	24999	24999	1.0000000
2	6875001	6900000	16118	24786	24999	0.9914796
2	6900001	6925000	13892	24790	24999	0.9916397
2	6925001	6950000	5384	24729	24999	0.9891996
2	6950001	6975000	5599	24730	24999	0.9892396
2	6975001	7000000	5228	24671	24999	0.9868795
2	7000001	7025000	4960	24611	24999	0.9844794
2	7025001	7050000	5987	24582	24999	0.9833193
2	7050001	7075000	5264	24140	24999	0.9656386
2	7075001	7100000	5329	24560	24999	0.9824393
2	7100001	7125000	5131	24588	24999	0.9835594
2	7125001	7150000	5130	24608	24999	0.9843594
2	7150001	7175000	4702	24400	24999	0.9760391
2	7175001	7200000	5393	24436	24999	0.9774791
2	7200001	7225000	5560	24509	24999	0.9803992
2	7225001	7250000	4712	24301	24999	0.9720789
2	7250001	7275000	5249	24490	24999	0.9796392
2	7275001	7300000	8051	24690	24999	0.9876395
2	7300001	7325000	7882	24421	24999	0.9768791
2	7325001	7350000	5263	24572	24999	0.9829193
2	7350001	7375000	5157	24557	24999	0.9823193
2	7375001	7400000	8225	24697	24999	0.9879195
2	7400001	7425000	14735	24791	24999	0.9916797
2	7425001	7450000	4785	24371	24999	0.9748790
2	7450001	7475000	5253	24574	24999	0.9829993
2	7475001	7500000	5219	24473	24999	0.9789591
2	7500001	7525000	5516	24591	24999	0.9836794
2	7525001	7550000	5058	24582	24999	0.9833193
2	7550001	7575000	5108	24340	24999	0.9736390
2	7575001	7600000	4931	24445	24999	0.9778391
2	7600001	7625000	6422	24574	24999	0.9829993
2	7625001	7650000	15140	24926	24999	0.9970799
2	7650001	7675000	10273	24578	24999	0.9831593
2	7675001	7700000	12473	24747	24999	0.9899196
2	7700001	7725000	5000	24614	24999	0.9845994
2	7725001	7750000	5063	24484	24999	0.9793992
2	7750001	7775000	14803	24679	24999	0.9871995
2	7775001	7800000	4895	24590	24999	0.9836394
2	7800001	7825000	8528	24674	24999	0.9869995
2	7825001	7850000	5125	24514	24999	0.9805992
2	7850001	7875000	4813	24508	24999	0.9803592
2	7875001	7900000	5379	24582	24999	0.9833193
2	7900001	7925000	5097	24470	24999	0.9788392
2	7925001	7950000	5193	24512	24999	0.9805192
2	7950001	7975000	5000	24478	24999	0.9791592
2	7975001	8000000	6104	24656	24999	0.9862794
2	8000001	8025000	34688	24927	24999	0.9971199
2	8025001	8050000	14261	24784	24999	0.9913996
2	8050001	8075000	13427	24804	24999	0.9921997
2	8075001	8100000	5099	24433	24999	0.9773591
2	8100001	8125000	5035	24390	24999	0.9756390
2	8125001	8150000	5457	24527	24999	0.9811192
2	8150001	8175000	5016	24471	24999	0.9788792
2	8175001	8200000	5620	24677	24999	0.9871195
2	8200001	8225000	34855	24999	24999	1.0000000
2	8225001	8250000	40840	24999	24999	1.0000000
2	8250001	8275000	38276	24993	24999	0.9997600
2	8275001	8300000	34146	24994	24999	0.9998000
2	8300001	8325000	41212	24999	24999	1.0000000
2	8325001	8350000	38388	24999	24999	1.0000000
2	8350001	8375000	36634	24999	24999	1.0000000
2	8375001	8400000	25475	24943	24999	0.9977599
2	8400001	8425000	15139	24867	24999	0.9947198
2	8425001	8450000	15488	24831	24999	0.9932798
2	8450001	8475000	14126	24912	24999	0.9965199
2	8475001	8500000	33988	24994	24999	0.9998000
2	8500001	8525000	40841	24999	24999	1.0000000
2	8525001	8550000	39157	24999	24999	1.0000000
2	8550001	8575000	44885	24999	24999	1.0000000
2	8575001	8600000	43254	24999	24999	1.0000000
2	8600001	8625000	37384	24983	24999	0.9993600
2	8625001	8650000	37950	24999	24999	1.0000000
2	8650001	8675000	38561	24999	24999	1.0000000
2	8675001	8700000	40239	24999	24999	1.0000000
2	8700001	8725000	41551	24999	24999	1.0000000
2	8725001	8750000	42157	24999	24999	1.0000000
2	8750001	8775000	42527	24999	24999	1.0000000
2	8775001	8800000	29750	24941	24999	0.9976799
2	8800001	8825000	43965	24999	24999	1.0000000
2	8825001	8850000	42116	24999	24999	1.0000000
2	8850001	8875000	38293	24999	24999	1.0000000
2	8875001	8900000	45464	24999	24999	1.0000000
2	8900001	8925000	43761	24999	24999	1.0000000
2	8925001	8950000	44967	24999	24999	1.0000000
2	8950001	8975000	48025	24999	24999	1.0000000
2	8975001	9000000	27911	22547	24999	0.9019161
3	1	25000	42333	24999	24999	1.0000000
3	25001	50000	42042	24999	24999	1.0000000
3	50001	75000	42097	24999	24999	1.0000000
3	75001	100000	46710	24999	24999	1.0000000
3	100001	125000	38744	24999	24999	1.0000000
3	125001	150000	41207	24999	24999	1.0000000
3	150001	175000	45232	24999	24999	1.0000000
3	175001	200000	43124	24999	24999	1.0000000
3	200001	225000	42945	24999	24999	1.0000000
3	225001	250000	42523	24999	24999	1.0000000
3	250001	275000	43659	24999	24999	1.0000000
3	275001	300000	42202	24999	24999	1.0000000
3	300001	325000	43464	24999	24999	1.0000000
3	325001	350000	43749	24999	24999	1.0000000
3	350001	375000	45005	24999	24999	1.0000000
3	375001	400000	30142	24999	24999	1.0000000
3	400001	425000	45801	24999	24999	1.0000000
3	425001	450000	41289	24999	24999	1.0000000
3	450001	475000	43283	24999	24999	1.0000000
3	475001	500000	42110	24999	24999	1.0000000
3	500001	525000	41401	24999	24999	1.0000000
3	525001	550000	31766	24978	24999	0.9991600
3	550001	575000	17925	24812	24999	0.9925197
3	575001	600000	35630	24985	24999	0.9994400
3	600001	625000	5640	24620	24999	0.9848394
3	625001	650000	5376	24628	24999	0.9851594
3	650001	675000	6125	24730	24999	0.9892396
3	675001	700000	33843	24950	24999	0.9980399
3	700001	725000	5526	24640	24999	0.9856395
3	725001	750000	26747	24823	24999	0.9929597
3	750001	775000	36016	24999	24999	1.0000000
3	775001	800000	31997	24999	24999	1.0000000
3	800001	825000	5905	24754	24999	0.9901996
3	825001	850000	5275	24644	24999	0.9857994
3	850001	875000	5759	24609	24999	0.9843994
3	875001	900000	4750	24529	24999	0.9811993
3	900001	925000	4799	24505	24999	0.9802392
3	925001	950000	4969	24420	24999	0.9768391
3	950001	975000	5014	24390	24999	0.9756390
3	975001	1000000	5198	24669	24999	0.9867995
3	1000001	1025000	4943	24263	24999	0.9705588
3	1025001	1050000	5250	24505	24999	0.9802392
3	1050001	1075000	4893	24556	24999	0.9822793
3	1075001	1100000	5310	24440	24999	0.9776391
3	1100001	1125000	4921	24511	24999	0.9804792
3	1125001	1150000	4670	24549	24999	0.9819993
3	1150001	1175000	5111	24433	24999	0.9773591
3	1175001	1200000	9888	24635	24999	0.9854394
3	1200001	1225000	9491	24611	24999	0.9844794
3	1225001	1250000	4975	24549	24999	0.9819993
3	1250001	1275000	5256	24482	24999	0.9793192
3	1275001	1300000	5005	24415	24999	0.9766391
3	1300001	1325000	4793	24353	24999	0.9741589
3	1325001	1350000	5462	24366	24999	0.9746790
3	1350001	1375000	5431	24345	24999	0.9738389
3	1375001	1400000	6271	24411	24999	0.9764791
3	1400001	1425000	5343	24443	24999	0.9777591
3	1425001	1450000	5580	24512	24999	0.9805192
3	1450001	1475000	5199	24617	24999	0.9847194
3	1475001	1500000	4902	24342	24999	0.9737189
3	1500001	1525000	5015	24344	24999	0.9737989
3	1525001	1550000	5082	24590	24999	0.9836394
3	1550001	1575000	4615	24483	24999	0.9793591
3	1575001	1600000	4645	24432	24999	0.9773191
3	1600001	1625000	4852	24478	24999	0.9791592
3	1625001	1650000	4915	24333	24999	0.9733589
3	1650001	1675000	5015	24508	24999	0.9803592
3	1675001	1700000	4842	24560	24999	0.9824393
3	1700001	1725000	4959	24256	24999	0.9702788
3	1725001	1750000	5114	24699	24999	0.9879995
3	1750001	1775000	5224	24604	24999	0.9841993
3	1775001	1800000	4923	24482	24999	0.9793192
3	1800001	1825000	5427	24587	24999	0.9835193
3	1825001	1850000	5353	24705	24999	0.9882395
3	1850001	1875000	4809	24152	24999	0.9661186
3	1875001	1900000	4626	24353	24999	0.9741589
3	1900001	1925000	5191	24626	24999	0.9850794
3	1925001	1950000	4831	24460	24999	0.9784392
3	1950001	1975000	9281	24438	24999	0.9775591
3	1975001	2000000	5069	24457	24999	0.9783191
3	2000001	2025000	4986	24543	24999	0.9817593
3	2025001	2050000	8804	24136	24999	0.9654786
3	2050001	2075000	8940	24555	24999	0.9822393
3	2075001	2100000	5289	24690	24999	0.9876395
3	2100001	2125000	4842	24478	24999	0.9791592
3	2125001	2150000	4628	24229	24999	0.9691988
3	2150001	2175000	5467	24564	24999	0.9825993
3	2175001	2200000	5321	24500	24999	0.9800392
3	2200001	2225000	4542	24342	24999	0.9737189
3	2225001	2250000	5035	24619	24999	0.9847994
3	2250001	2275000	5722	24610	24999	0.9844394
3	2275001	2300000	4923	24281	24999	0.9712788
3	2300001	2325000	5059	24471	24999	0.9788792
3	2325001	2350000	5135	24567	24999	0.9827193
3	2350001	2375000	5066	24381	24999	0.9752790
3	2375001	2400000	5505	24667	24999	0.9867195
3	2400001	2425000	4936	24377	24999	0.9751190
3	2425001	2450000	4689	24313	24999	0.9725589
3	2450001	2475000	4880	24371	24999	0.9748790
3	2475001	2500000	5231	24496	24999	0.9798792
3	2500001	2525000	4667	24305	24999	0.9722389
3	2525001	2550000	5149	24424	24999	0.9769991
3	2550001	2575000	4981	24527	24999	0.9811192
3	2575001	2600000	8735	24606	24999	0.9842794
3	2600001	2625000	5322	24514	24999	0.9805992
3	2625001	2650000	5222	24587	24999	0.9835193
3	2650001	2675000	4889	24561	24999	0.9824793
3	2675001	2700000	4690	24370	24999	0.9748390
3	2700001	2725000	5168	24314	24999	0.9725989
3	2725001	2750000	4977	24693	24999	0.9877595
3	2750001	2775000	5623	24309	24999	0.9723989
3	2775001	2800000	5366	24326	24999	0.9730789
3	2800001	2825000	7009	24238	24999	0.9695588
3	2825001	2850000	4959	24620	24999	0.9848394
3	2850001	2875000	5134	24532	24999	0.9813192
3	2875001	2900000	5319	24408	24999	0.9763591
3	2900001	2925000	5425	24705	24999	0.9882395
3	2925001	2950000	4818	24440	24999	0.9776391
3	2950001	2975000	4834	24508	24999	0.9803592
3	2975001	3000000	5177	24456	24999	0.9782791
3	3000001	3025000	4765	24495	24999	0.9798392
3	3025001	3050000	6205	24574	24999	0.9829993
3	3050001	3075000	14638	24779	24999	0.9911997
3	3075001	3100000	9693	24450	24999	0.9780391
3	3100001	3125000	5533	24516	24999	0.9806792
3	3125001	3150000	14657	24792	24999	0.9917197
3	3150001	3175000	32696	24999	24999	1.0000000
3	3175001	3200000	30325	24996	24999	0.9998800
3	3200001	3225000	5671	24588	24999	0.9835594
3	3225001	3250000	7278	24490	24999	0.9796392
3	3250001	3275000	10439	24726	24999	0.9890795
3	3275001	3300000	25785	24953	24999	0.9981599
3	3300001	3325000	21339	24758	24999	0.9903596
3	3325001	3350000	5407	24596	24999	0.9838793
3	3350001	3375000	6215	24659	24999	0.9863995
3	3375001	3400000	31753	24958	24999	0.9983599
3	3400001	3425000	37422	24999	24999	1.0000000
3	3425001	3450000	43985	24999	24999	1.0000000
3	3450001	3475000	41465	24999	24999	1.0000000
3	3475001	3500000	42984	24999	24999	1.0000000
3	3500001	3525000	32852	24992	24999	0.9997200
3	3525001	3550000	5987	24605	24999	0.9842393
3	3550001	3575000	5332	24564	24999	0.9825993
3	3575001	3600000	5244	24538	24999	0.9815593
3	3600001	3625000	4787	24274	24999	0.9709988
3	3625001	3650000	4812	24358	24999	0.9743590
3	3650001	3675000	5321	24509	24999	0.9803992
3	3675001	3700000	4585	24435	24999	0.9774391
3	3700001	3725000	5285	24637	24999	0.9855194
3	3725001	3750000	5184	24528	24999	0.9811593
3	3750001	3775000	5137	24558	24999	0.9823593
3	3775001	3800000	5034	24262	24999	0.9705188
3	3800001	3825000	14117	24711	24999	0.9884796
3	3825001	3850000	24245	24957	24999	0.9983199
3	3850001	3875000	20689	24739	24999	0.9895996
3	3875001	3900000	4945	24404	24999	0.9761990
3	3900001	3925000	4844	24483	24999	0.9793591
3	3925001	3950000	4964	24397	24999	0.9759190
3	3950001	3975000	4910	24261	24999	0.9704788
3	3975001	4000000	5243	24516	24999	0.9806792
3	4000001	4025000	5518	24433	24999	0.9773591
3	4025001	4050000	4985	24417	24999	0.9767191
3	4050001	4075000	4936	24334	24999	0.9733989
3	4075001	4100000	5313	24584	24999	0.9833993
3	4100001	4125000	4476	24290	24999	0.9716389
3	4125001	4150000	5116	24490	24999	0.9796392
3	4150001	4175000	5005	24417	24999	0.9767191
3	4175001	4200000	4972	24255	24999	0.9702388
3	4200001	4225000	4994	24404	24999	0.9761990
3	4225001	4250000	5023	24345	24999	0.9738389
3	4250001	4275000	4960	24347	24999	0.9739190
3	4275001	4300000	4685	24507	24999	0.9803192
3	4300001	4325000	4880	24289	24999	0.9715989
3	4325001	4350000	5043	24468	24999	0.9787592
3	4350001	4375000	5164	24599	24999	0.9839994
3	4375001	4400000	5195	24358	24999	0.9743590
3	4400001	4425000	4901	24326	24999	0.9730789
3	4425001	4450000	5292	24531	24999	0.9812793
3	4450001	4475000	5185	24493	24999	0.9797592
3	4475001	4500000	4658	24573	24999	0.9829593
3	4500001	4525000	5453	24417	24999	0.9767191
3	4525001	4550000	5061	24280	24999	0.9712389
3	4550001	4575000	4847	24474	24999	0.9789991
3	4575001	4600000	5292	24501	24999	0.9800792
3	4600001	4625000	5012	24393	24999	0.9757590
3	4625001	4650000	5075	24455	24999	0.9782391
3	4650001	4675000	5102	24356	24999	0.9742790
3	4675001	4700000	5217	24364	24999	0.9745990
3	4700001	4725000	5265	24277	24999	0.9711189
3	4725001	4750000	4574	24246	24999	0.9698788
3	4750001	4775000	4891	24438	24999	0.9775591
3	4775001	4800000	4493	24324	24999	0.9729989
3	4800001	4825000	5094	24374	24999	0.9749990
3	4825001	4850000	5323	24232	24999	0.9693187
3	4850001	4875000	5268	24714	24999	0.9885995
3	4875001	4900000	4731	24366	24999	0.9746790
3	4900001	4925000	5423	24506	24999	0.9802792
3	4925001	4950000	5037	24303	24999	0.9721589
3	4950001	4975000	5161	24106	24999	0.9642786
3	4975001	5000000	4838	24320	24999	0.9728389
3	5000001	5025000	4858	24402	24999	0.9761190
3	5025001	5050000	5124	24597	24999	0.9839194
3	5050001	5075000	4893	24264	24999	0.9705988
3	5075001	5100000	4595	24478	24999	0.9791592
3	5100001	5125000	4720	24257	24999	0.9703188
3	5125001	5150000	5107	24633	24999	0.9853594
3	5150001	5175000	5382	24394	24999	0.9757990
3	5175001	5200000	5411	24606	24999	0.9842794
3	5200001	5225000	9679	24498	24999	0.9799592
3	5225001	5250000	5045	24523	24999	0.9809592
3	5250001	5275000	5325	24406	24999	0.9762791
3	5275001	5300000	5206	24443	24999	0.9777591
3	5300001	5325000	5348	24600	24999	0.9840394
3	5325001	5350000	4888	24621	24999	0.9848794
3	5350001	5375000	3207	22419	24999	0.8967959
3	5375001	5400000	3928	23460	24999	0.9384375
3	5400001	5425000	4806	24216	24999	0.9686788
3	5425001	5450000	4951	24539	24999	0.9815993
3	5450001	5475000	5218	24579	24999	0.9831993
3	5475001	5500000	5480	24577	24999	0.9831193
3	5500001	5525000	4753	24514	24999	0.9805992
3	5525001	5550000	5518	24553	24999	0.9821593
3	5550001	5575000	5063	24431	24999	0.9772791
3	5575001	5600000	5069	24286	24999	0.9714789
3	5600001	5625000	19486	24904	24999	0.9961998
3	5625001	5650000	5747	24766	24999	0.9906796
3	5650001	5675000	5142	24490	24999	0.9796392
3	5675001	5700000	5237	24481	24999	0.9792792
3	5700001	5725000	5008	24582	24999	0.9833193
3	5725001	5750000	5536	24736	24999	0.9894796
3	5750001	5775000	4839	24498	24999	0.9799592
3	5775001	5800000	4954	24335	24999	0.9734389
3	5800001	5825000	5318	24533	24999	0.9813592
3	5825001	5850000	4744	24373	24999	0.9749590
3	5850001	5875000	5123	24272	24999	0.9709188
3	5875001	5900000	5504	24521	24999	0.9808792
3	5900001	5925000	5062	24503	24999	0.9801592
3	5925001	5950000	5359	24600	24999	0.9840394
3	5950001	5975000	5437	24551	24999	0.9820793
3	5975001	6000000	5471	24558	24999	0.9823593
3	6000001	6025000	5895	24830	24999	0.9932397
3	6025001	6050000	5110	24508	24999	0.9803592
3	6050001	6075000	5068	24455	24999	0.9782391
3	6075001	6100000	5140	24614	24999	0.9845994
3	6100001	6125000	5110	24557	24999	0.9823193
3	6125001	6150000	5206	24615	24999	0.9846394
3	6150001	6175000	5283	24468	24999	0.9787592
3	6175001	6200000	12914	24638	24999	0.9855594
3	6200001	6225000	23526	24923	24999	0.9969599
3	6225001	6250000	6533	24794	24999	0.9917997
3	6250001	6275000	24982	24986	24999	0.9994799
3	6275001	6300000	19148	24875	24999	0.9950398
3	6300001	6325000	11068	24740	24999	0.9896396
3	6325001	6350000	37302	24999	24999	1.0000000
3	6350001	6375000	40043	24999	24999	1.0000000
3	6375001	6400000	39034	24999	24999	1.0000000
3	6400001	6425000	40030	24999	24999	1.0000000
3	6425001	6450000	25381	24999	24999	1.0000000
3	6450001	6475000	36413	24999	24999	1.0000000
3	6475001	6500000	40136	24999	24999	1.0000000
3	6500001	6525000	39690	24999	24999	1.0000000
3	6525001	6550000	36593	24980	24999	0.9992400
3	6550001	6575000	38679	24971	24999	0.9988800
3	6575001	6600000	40764	24999	24999	1.0000000
3	6600001	6625000	34993	24999	24999	1.0000000
3	6625001	6650000	40606	24999	24999	1.0000000
3	6650001	6675000	37923	24999	24999	1.0000000
3	6675001	6700000	35669	24999	24999	1.0000000
3	6700001	6725000	39045	24990	24999	0.9996400
3	6725001	6750000	39922	24999	24999	1.0000000
3	6750001	6775000	35032	24999	24999	1.0000000
3	6775001	6800000	43300	24999	24999	1.0000000
3	6800001	6825000	41303	24999	24999	1.0000000
3	6825001	6850000	43628	24999	24999	1.0000000
3	6850001	6875000	40231	24999	24999	1.0000000
3	6875001	6900000	35263	24999	24999	1.0000000
3	6900001	6925000	35738	24999	24999	1.0000000
3	6925001	6950000	41876	24999	24999	1.0000000
3	6950001	6975000	41303	24999	24999	1.0000000
3	6975001	7000000	42782	24999	24999	1.0000000
3	7000001	7025000	28928	24999	24999	1.0000000
3	7025001	7050000	43750	24999	24999	1.0000000
3	7050001	7075000	36902	24999	24999	1.0000000
3	7075001	7100000	43189	24999	24999	1.0000000
3	7100001	7125000	42171	24999	24999	1.0000000
3	7125001	7150000	38856	24999	24999	1.0000000
3	7150001	7175000	32122	24967	24999	0.9987199
3	7175001	7200000	36071	24999	24999	1.0000000
3	7200001	7225000	37131	24999	24999	1.0000000
3	7225001	7250000	34572	24994	24999	0.9998000
3	7250001	7275000	37990	24999	24999	1.0000000
3	7275001	7300000	41075	24999	24999	1.0000000
3	7300001	7325000	40685	24999	24999	1.0000000
3	7325001	7350000	39578	24999	24999	1.0000000
3	7350001	7375000	43258	24999	24999	1.0000000
3	7375001	7400000	44561	24999	24999	1.0000000
3	7400001	7425000	41252	24999	24999	1.0000000
3	7425001	7450000	41778	24999	24999	1.0000000
3	7450001	7475000	38652	24999	24999	1.0000000
3	7475001	7500000	43146	24999	24999	1.0000000
3	7500001	7525000	42096	24999	24999	1.0000000
3	7525001	7550000	37534	24999	24999	1.0000000
3	7550001	7575000	45366	24999	24999	1.0000000
3	7575001	7600000	41962	24999	24999	1.0000000
3	7600001	7625000	47644	24999	24999	1.0000000
3	7625001	7650000	44748	24999	24999	1.0000000
3	7650001	7675000	41510	24999	24999	1.0000000
3	7675001	7700000	44705	24999	24999	1.0000000
3	7700001	7725000	47583	24999	24999	1.0000000
3	7725001	7750000	44737	24999	24999	1.0000000
3	7750001	7775000	42838	24999	24999	1.0000000
3	7775001	7800000	20176	17946	24999	0.7178687
4	1	25000	34095	24856	24999	0.9942797
4	25001	50000	42041	24992	24999	0.9997200
4	50001	75000	46945	24999	24999	1.0000000
4	75001	100000	43772	24999	24999	1.0000000
4	100001	125000	35139	24999	24999	1.0000000
4	125001	150000	49573	24999	24999	1.0000000
4	150001	175000	33116	24930	24999	0.9972399
4	175001	200000	46742	24999	24999	1.0000000
4	200001	225000	54912	24999	24999	1.0000000
4	225001	250000	5937	24552	24999	0.9821193
4	250001	275000	5542	24677	24999	0.9871195
4	275001	300000	5141	24519	24999	0.9807993
4	300001	325000	5260	24672	24999	0.9869195
4	325001	350000	4883	24357	24999	0.9743190
4	350001	375000	5074	24415	24999	0.9766391
4	375001	400000	4966	24358	24999	0.9743590
4	400001	425000	4888	24368	24999	0.9747590
4	425001	450000	4581	24270	24999	0.9708388
4	450001	475000	7375	24641	24999	0.9856794
4	475001	500000	5048	24531	24999	0.9812793
4	500001	525000	5138	24664	24999	0.9865994
4	525001	550000	5226	24557	24999	0.9823193
4	550001	575000	22527	24870	24999	0.9948398
4	575001	600000	27775	24888	24999	0.9955598
4	600001	625000	5102	24376	24999	0.9750790
4	625001	650000	4827	24339	24999	0.9735990
4	650001	675000	5294	24535	24999	0.9814392
4	675001	700000	4668	24136	24999	0.9654786
4	700001	725000	4865	24450	24999	0.9780391
4	725001	750000	5403	24398	24999	0.9759591
4	750001	775000	5248	24521	24999	0.9808792
4	775001	800000	4934	24479	24999	0.9791992
4	800001	825000	5186	24264	24999	0.9705988
4	825001	850000	5251	24361	24999	0.9744790
4	850001	875000	4743	24409	24999	0.9763991
4	875001	900000	5212	24377	24999	0.9751190
4	900001	925000	4704	24324	24999	0.9729989
4	925001	950000	5663	24683	24999	0.9873595
4	950001	975000	4805	24201	24999	0.9680787
4	975001	1000000	4941	24432	24999	0.9773191
4	1000001	1025000	5260	24498	24999	0.9799592
4	1025001	1050000	5390	24478	24999	0.9791592
4	1050001	1075000	5357	24579	24999	0.9831993
4	1075001	1100000	5331	24422	24999	0.9769191
4	1100001	1125000	4923	24291	24999	0.9716789
4	1125001	1150000	4979	24448	24999	0.9779591
4	1150001	1175000	5286	24393	24999	0.9757590
4	1175001	1200000	5369	24512	24999	0.9805192
4	1200001	1225000	5139	24380	24999	0.9752390
4	1225001	1250000	5012	24476	24999	0.9790792
4	1250001	1275000	4793	24312	24999	0.9725189
4	1275001	1300000	5134	24531	24999	0.9812793
4	1300001	1325000	5115	24298	24999	0.9719589
4	1325001	1350000	5267	24523	24999	0.9809592
4	1350001	1375000	4721	24306	24999	0.9722789
4	1375001	1400000	4964	24283	24999	0.9713588
4	1400001	1425000	5572	24637	24999	0.9855194
4	1425001	1450000	5276	24570	24999	0.9828393
4	1450001	1475000	5437	24540	24999	0.9816393
4	1475001	1500000	4902	24494	24999	0.9797992
4	1500001	1525000	5089	24448	24999	0.9779591
4	1525001	1550000	5070	24454	24999	0.9781991
4	1550001	1575000	5319	24237	24999	0.9695188
4	1575001	1600000	4762	24473	24999	0.9789591
4	1600001	1625000	6751	24645	24999	0.9858394
4	1625001	1650000	5126	24575	24999	0.9830393
4	1650001	1675000	5001	24573	24999	0.9829593
4	1675001	1700000	5581	24626	24999	0.9850794
4	1700001	1725000	5269	24617	24999	0.9847194
4	1725001	1750000	4991	24406	24999	0.9762791
4	1750001	1775000	5310	24506	24999	0.9802792
4	1775001	1800000	4821	24299	24999	0.9719989
4	1800001	1825000	4843	24331	24999	0.9732789
4	1825001	1850000	4525	24366	24999	0.9746790
4	1850001	1875000	5079	24501	24999	0.9800792
4	1875001	1900000	5225	24217	24999	0.9687188
4	1900001	1925000	5068	24577	24999	0.9831193
4	1925001	1950000	5242	24582	24999	0.9833193
4	1950001	1975000	5081	24461	24999	0.9784791
4	1975001	2000000	5102	24538	24999	0.9815593
4	2000001	2025000	5030	24508	24999	0.9803592
4	2025001	2050000	5039	24273	24999	0.9709588
4	2050001	2075000	4793	24114	24999	0.9645986
4	2075001	2100000	5052	24356	24999	0.9742790
4	2100001	2125000	8458	24498	24999	0.9799592
4	2125001	2150000	5124	24565	24999	0.9826393
4	2150001	2175000	5044	24100	24999	0.9640386
4	2175001	2200000	4855	24301	24999	0.9720789
4	2200001	2225000	5436	24251	24999	0.9700788
4	2225001	2250000	5582	24365	24999	0.9746390
4	2250001	2275000	4876	24523	24999	0.9809592
4	2275001	2300000	5121	24478	24999	0.9791592
4	2300001	2325000	5421	24617	24999	0.9847194
4	2325001	2350000	5151	24632	24999	0.9853194
4	2350001	2375000	4577	24377	24999	0.9751190
4	2375001	2400000	4897	24623	24999	0.9849594
4	2400001	2425000	5038	24397	24999	0.9759190
4	2425001	2450000	5149	24656	24999	0.9862794
4	2450001	2475000	5043	24477	24999	0.9791192
4	2475001	2500000	5054	24633	24999	0.9853594
4	2500001	2525000	4804	24164	24999	0.9665987
4	2525001	2550000	5258	24392	24999	0.9757190
4	2550001	2575000	4800	24351	24999	0.9740790
4	2575001	2600000	5042	24512	24999	0.9805192
4	2600001	2625000	5071	24475	24999	0.9790391
4	2625001	2650000	5509	24392	24999	0.9757190
4	2650001	2675000	5261	24452	24999	0.9781191
4	2675001	2700000	5055	24364	24999	0.9745990
4	2700001	2725000	4919	24454	24999	0.9781991
4	2725001	2750000	5847	24608	24999	0.9843594
4	2750001	2775000	4827	24470	24999	0.9788392
4	2775001	2800000	5354	24550	24999	0.9820393
4	2800001	2825000	4685	24345	24999	0.9738389
4	2825001	2850000	5361	24340	24999	0.9736390
4	2850001	2875000	4817	24496	24999	0.9798792
4	2875001	2900000	4786	24466	24999	0.9786791
4	2900001	2925000	5132	24547	24999	0.9819193
4	2925001	2950000	4488	24199	24999	0.9679987
4	2950001	2975000	4959	24278	24999	0.9711589
4	2975001	3000000	5113	24675	24999	0.9870395
4	3000001	3025000	5122	24519	24999	0.9807993
4	3025001	3050000	5224	24436	24999	0.9774791
4	3050001	3075000	6396	24501	24999	0.9800792
4	3075001	3100000	4978	24480	24999	0.9792392
4	3100001	3125000	5297	24434	24999	0.9773991
4	3125001	3150000	4795	24446	24999	0.9778791
4	3150001	3175000	5628	24400	24999	0.9760391
4	3175001	3200000	5185	24555	24999	0.9822393
4	3200001	3225000	5089	24359	24999	0.9743990
4	3225001	3250000	5298	24392	24999	0.9757190
4	3250001	3275000	5244	24457	24999	0.9783191
4	3275001	3300000	5689	24643	24999	0.9857594
4	3300001	3325000	5385	24492	24999	0.9797192
4	3325001	3350000	4921	24410	24999	0.9764391
4	3350001	3375000	5143	24387	24999	0.9755190
4	3375001	3400000	7088	24594	24999	0.9837993
4	3400001	3425000	5316	24637	24999	0.9855194
4	3425001	3450000	5382	24515	24999	0.9806392
4	3450001	3475000	5174	24463	24999	0.9785591
4	3475001	3500000	5248	24530	24999	0.9812393
4	3500001	3525000	4919	24649	24999	0.9859995
4	3525001	3550000	5165	24410	24999	0.9764391
4	3550001	3575000	5033	24596	24999	0.9838793
4	3575001	3600000	4879	24477	24999	0.9791192
4	3600001	3625000	5056	24578	24999	0.9831593
4	3625001	3650000	5645	24490	24999	0.9796392
4	3650001	3675000	5595	24608	24999	0.9843594
4	3675001	3700000	5155	24754	24999	0.9901996
4	3700001	3725000	10184	24722	24999	0.9889196
4	3725001	3750000	5213	24477	24999	0.9791192
4	3750001	3775000	5329	24697	24999	0.9879195
4	3775001	3800000	19860	24793	24999	0.9917597
4	3800001	3825000	11248	24726	24999	0.9890795
4	3825001	3850000	4983	24410	24999	0.9764391
4	3850001	3875000	27333	24974	24999	0.9990000
4	3875001	3900000	37044	24999	24999	1.0000000
4	3900001	3925000	41591	24999	24999	1.0000000
4	3925001	3950000	38978	24999	24999	1.0000000
4	3950001	3975000	39157	24999	24999	1.0000000
4	3975001	4000000	42422	24999	24999	1.0000000
4	4000001	4025000	40641	24997	24999	0.9999200
4	4025001	4050000	35035	24973	24999	0.9989600
4	4050001	4075000	39560	24999	24999	1.0000000
4	4075001	4100000	38809	24999	24999	1.0000000
4	4100001	4125000	43205	24999	24999	1.0000000
4	4125001	4150000	39226	24999	24999	1.0000000
4	4150001	4175000	38740	24994	24999	0.9998000
4	4175001	4200000	37295	24999	24999	1.0000000
4	4200001	4225000	36189	24999	24999	1.0000000
4	4225001	4250000	43101	24999	24999	1.0000000
4	4250001	4275000	34547	24965	24999	0.9986399
4	4275001	4300000	43848	24999	24999	1.0000000
4	4300001	4325000	43505	24999	24999	1.0000000
4	4325001	4350000	41175	24999	24999	1.0000000
4	4350001	4375000	43284	24999	24999	1.0000000
4	4375001	4400000	44052	24999	24999	1.0000000
4	4400001	4425000	43102	24999	24999	1.0000000
4	4425001	4450000	38774	24993	24999	0.9997600
4	4450001	4475000	42269	24999	24999	1.0000000
4	4475001	4500000	39434	24999	24999	1.0000000
4	4500001	4525000	39971	24999	24999	1.0000000
4	4525001	4550000	35724	24999	24999	1.0000000
4	4550001	4575000	39147	24999	24999	1.0000000
4	4575001	4600000	40580	24999	24999	1.0000000
4	4600001	4625000	38252	24999	24999	1.0000000
4	4625001	4650000	31780	24999	24999	1.0000000
4	4650001	4675000	39849	24999	24999	1.0000000
4	4675001	4700000	14044	24741	24999	0.9896796
4	4700001	4725000	5634	24548	24999	0.9819593
4	4725001	4750000	4848	24596	24999	0.9838793
4	4750001	4775000	24996	24896	24999	0.9958798
4	4775001	4800000	19080	24833	24999	0.9933597
4	4800001	4825000	36409	24999	24999	1.0000000
4	4825001	4850000	34054	24952	24999	0.9981200
4	4850001	4875000	26767	24964	24999	0.9985999
4	4875001	4900000	5500	24430	24999	0.9772391
4	4900001	4925000	5207	24535	24999	0.9814392
4	4925001	4950000	4939	24466	24999	0.9786791
4	4950001	4975000	5415	24538	24999	0.9815593
4	4975001	5000000	5813	24578	24999	0.9831593
4	5000001	5025000	5361	24647	24999	0.9859194
4	5025001	5050000	4616	23849	24999	0.9539981
4	5050001	5075000	3966	23956	24999	0.9582784
4	5075001	5100000	3813	23656	24999	0.9462779
4	5100001	5125000	5326	24230	24999	0.9692388
4	5125001	5150000	5758	24446	24999	0.9778791
4	5150001	5175000	5534	24676	24999	0.9870795
4	5175001	5200000	5921	24858	24999	0.9943598
4	5200001	5225000	21013	24715	24999	0.9886395
4	5225001	5250000	13487	24772	24999	0.9909196
4	5250001	5275000	4786	24402	24999	0.9761190
4	5275001	5300000	4787	24377	24999	0.9751190
4	5300001	5325000	5519	24353	24999	0.9741589
4	5325001	5350000	4806	24492	24999	0.9797192
4	5350001	5375000	4818	24439	24999	0.9775991
4	5375001	5400000	5002	24569	24999	0.9827993
4	5400001	5425000	4786	24347	24999	0.9739190
4	5425001	5450000	5207	24572	24999	0.9829193
4	5450001	5475000	5124	24415	24999	0.9766391
4	5475001	5500000	14260	24521	24999	0.9808792
4	5500001	5525000	5321	24483	24999	0.9793591
4	5525001	5550000	6295	24659	24999	0.9863995
4	5550001	5575000	7418	24624	24999	0.9849994
4	5575001	5600000	5483	24339	24999	0.9735990
4	5600001	5625000	7718	24635	24999	0.9854394
4	5625001	5650000	4890	24391	24999	0.9756790
4	5650001	5675000	8424	24540	24999	0.9816393
4	5675001	5700000	5276	24624	24999	0.9849994
4	5700001	5725000	4960	24466	24999	0.9786791
4	5725001	5750000	5160	24687	24999	0.9875195
4	5750001	5775000	5125	24443	24999	0.9777591
4	5775001	5800000	5614	24587	24999	0.9835193
4	5800001	5825000	4898	24506	24999	0.9802792
4	5825001	5850000	4957	24455	24999	0.9782391
4	5850001	5875000	4781	24476	24999	0.9790792
4	5875001	5900000	5222	24228	24999	0.9691588
4	5900001	5925000	5247	24413	24999	0.9765590
4	5925001	5950000	5410	24453	24999	0.9781591
4	5950001	5975000	4655	24320	24999	0.9728389
4	5975001	6000000	5440	24526	24999	0.9810792
4	6000001	6025000	4891	24378	24999	0.9751590
4	6025001	6050000	5169	24539	24999	0.9815993
4	6050001	6075000	5019	24362	24999	0.9745190
4	6075001	6100000	6322	24458	24999	0.9783592
4	6100001	6125000	5105	24340	24999	0.9736390
4	6125001	6150000	4887	24099	24999	0.9639986
4	6150001	6175000	5065	24479	24999	0.9791992
4	6175001	6200000	4977	24457	24999	0.9783191
4	6200001	6225000	4693	24604	24999	0.9841993
4	6225001	6250000	4645	24347	24999	0.9739190
4	6250001	6275000	5133	24322	24999	0.9729189
4	6275001	6300000	5134	24628	24999	0.9851594
4	6300001	6325000	5091	24343	24999	0.9737589
4	6325001	6350000	4972	24317	24999	0.9727189
4	6350001	6375000	4695	24255	24999	0.9702388
4	6375001	6400000	5342	24471	24999	0.9788792
4	6400001	6425000	4859	24370	24999	0.9748390
4	6425001	6450000	5181	24494	24999	0.9797992
4	6450001	6475000	5287	24508	24999	0.9803592
4	6475001	6500000	11590	24636	24999	0.9854794
4	6500001	6525000	8728	24779	24999	0.9911997
4	6525001	6550000	8477	24554	24999	0.9821993
4	6550001	6575000	14150	24612	24999	0.9845194
4	6575001	6600000	5010	24571	24999	0.9828793
4	6600001	6625000	4837	24435	24999	0.9774391
4	6625001	6650000	9297	24546	24999	0.9818793
4	6650001	6675000	5406	24421	24999	0.9768791
4	6675001	6700000	5097	24678	24999	0.9871595
4	6700001	6725000	4797	24526	24999	0.9810792
4	6725001	6750000	8724	24577	24999	0.9831193
4	6750001	6775000	9065	24570	24999	0.9828393
4	6775001	6800000	21202	24734	24999	0.9893996
4	6800001	6825000	28760	24857	24999	0.9943198
4	6825001	6850000	40920	24975	24999	0.9990399
4	6850001	6875000	5483	24547	24999	0.9819193
4	6875001	6900000	28222	24918	24999	0.9967599
4	6900001	6925000	7884	24582	24999	0.9833193
4	6925001	6950000	4806	24414	24999	0.9765990
4	6950001	6975000	5091	24438	24999	0.9775591
4	6975001	7000000	4899	24410	24999	0.9764391
4	7000001	7025000	5492	24599	24999	0.9839994
4	7025001	7050000	5615	24306	24999	0.9722789
4	7050001	7075000	4917	24340	24999	0.9736390
4	7075001	7100000	5160	24283	24999	0.9713588
4	7100001	7125000	5285	24587	24999	0.9835193
4	7125001	7150000	4830	24522	24999	0.9809192
4	7150001	7175000	5706	24654	24999	0.9861994
4	7175001	7200000	4743	24238	24999	0.9695588
4	7200001	7225000	4846	24266	24999	0.9706788
4	7225001	7250000	9948	24420	24999	0.9768391
4	7250001	7275000	5981	24516	24999	0.9806792
4	7275001	7300000	20102	24849	24999	0.9939998
4	7300001	7325000	6150	24761	24999	0.9904796
4	7325001	7350000	36220	24999	24999	1.0000000
4	7350001	7375000	7156	24848	24999	0.9939598
4	7375001	7400000	36803	24997	24999	0.9999200
4	7400001	7425000	6070	24832	24999	0.9933197
4	7425001	7450000	25231	24884	24999	0.9953998
4	7450001	7475000	38663	24999	24999	1.0000000
4	7475001	7500000	39846	24999	24999	1.0000000
4	7500001	7525000	41946	24999	24999	1.0000000
4	7525001	7550000	42742	24999	24999	1.0000000
4	7550001	7575000	42859	24999	24999	1.0000000
4	7575001	7600000	44391	24999	24999	1.0000000
4	7600001	7625000	42886	24999	24999	1.0000000
4	7625001	7650000	40456	24999	24999	1.0000000
4	7650001	7675000	39720	24999	24999	1.0000000
4	7675001	7700000	43265	24999	24999	1.0000000
4	7700001	7725000	42333	24999	24999	1.0000000
4	7725001	7750000	27106	24895	24999	0.9958398
4	7750001	7775000	23875	24985	24999	0.9994400
4	7775001	7800000	4844	24494	24999	0.9797992
4	7800001	7825000	5048	24376	24999	0.9750790
4	7825001	7850000	5204	24717	24999	0.9887195
4	7850001	7875000	6614	24764	24999	0.9905996
4	7875001	7900000	4790	24707	24999	0.9883195
4	7900001	7925000	5496	24473	24999	0.9789591
4	7925001	7950000	5769	24765	24999	0.9906396
4	7950001	7975000	5044	24346	24999	0.9738790
4	7975001	8000000	5275	24456	24999	0.9782791
4	8000001	8025000	4672	24691	24999	0.9876795
4	8025001	8050000	4169	24933	24999	0.9973599
4	8050001	8075000	4360	24979	24999	0.9992000
4	8075001	8100000	4388	24969	24999	0.9988000
4	8100001	8125000	4362	24987	24999	0.9995200
4	8125001	8150000	4310	24999	24999	1.0000000
4	8150001	8175000	4213	24990	24999	0.9996400
4	8175001	8200000	4317	24968	24999	0.9987599
4	8200001	8225000	4229	24949	24999	0.9979999
4	8225001	8250000	4286	24945	24999	0.9978399
4	8250001	8275000	4287	24987	24999	0.9995200
4	8275001	8300000	4304	24983	24999	0.9993600
4	8300001	8325000	4250	24981	24999	0.9992800
4	8325001	8350000	4185	24991	24999	0.9996800
4	8350001	8375000	4377	24957	24999	0.9983199
4	8375001	8400000	4238	24991	24999	0.9996800
4	8400001	8425000	4342	24991	24999	0.9996800
4	8425001	8450000	4233	24977	24999	0.9991199
4	8450001	8475000	4172	24968	24999	0.9987599
4	8475001	8500000	4380	24975	24999	0.9990399
4	8500001	8525000	4291	24964	24999	0.9985999
4	8525001	8550000	4215	24897	24999	0.9959198
4	8550001	8575000	4156	24966	24999	0.9986799
4	8575001	8600000	4152	24971	24999	0.9988800
4	8600001	8625000	4234	24980	24999	0.9992400
4	8625001	8650000	4334	24989	24999	0.9996000
4	8650001	8675000	4109	24964	24999	0.9985999
4	8675001	8700000	4249	24960	24999	0.9984399
4	8700001	8725000	4245	24957	24999	0.9983199
4	8725001	8750000	4189	24958	24999	0.9983599
4	8750001	8775000	4262	24981	24999	0.9992800
4	8775001	8800000	4060	24950	24999	0.9980399
4	8800001	8825000	4418	24962	24999	0.9985200
4	8825001	8850000	4351	24984	24999	0.9994000
4	8850001	8875000	4252	24999	24999	1.0000000
4	8875001	8900000	4154	24965	24999	0.9986399
4	8900001	8925000	4349	24999	24999	1.0000000
4	8925001	8950000	4222	24978	24999	0.9991600
4	8950001	8975000	4199	24999	24999	1.0000000
4	8975001	9000000	4315	24999	24999	1.0000000
4	9000001	9025000	4340	24995	24999	0.9998400
4	9025001	9050000	4302	24988	24999	0.9995600
4	9050001	9075000	4214	24981	24999	0.9992800
4	9075001	9100000	4243	24986	24999	0.9994799
4	9100001	9125000	4241	24936	24999	0.9974799
4	9125001	9150000	4311	24969	24999	0.9988000
4	9150001	9175000	4250	24947	24999	0.9979199
4	9175001	9200000	4242	24997	24999	0.9999200
4	9200001	9225000	4174	24966	24999	0.9986799
4	9225001	9250000	4210	24979	24999	0.9992000
4	9250001	9275000	4297	24985	24999	0.9994400
4	9275001	9300000	4267	24990	24999	0.9996400
4	9300001	9325000	4302	24996	24999	0.9998800
4	9325001	9350000	4198	24990	24999	0.9996400
4	9350001	9375000	4303	24899	24999	0.9959998
4	9375001	9400000	4799	24645	24999	0.9858394
4	9400001	9425000	1153	7322	24999	0.2928917
