1	1	25000	188	2761	24999	0.1104444
1	25001	50000	372	4589	24999	0.1835673
1	50001	75000	9138	9367	24999	0.3746950
1	75001	100000	3920	10211	24999	0.4084563
1	100001	125000	2040	9363	24999	0.3745350
1	125001	150000	1496	8105	24999	0.3242130
1	150001	175000	694	15079	24999	0.6031841
1	175001	200000	158	5935	24999	0.2374095
1	200001	225000	2014	14252	24999	0.5701028
1	225001	250000	616	5692	24999	0.2276891
1	250001	275000	66144	16195	24999	0.6478259
1	275001	300000	14318	15078	24999	0.6031441
1	300001	325000	702	5563	24999	0.2225289
1	325001	350000	12624	7826	24999	0.3130525
1	350001	375000	11544	10374	24999	0.4149766
1	375001	400000	9126	10367	24999	0.4146966
1	400001	425000	1358	13888	24999	0.5555422
1	425001	450000	784	7830	24999	0.3132125
1	450001	475000	11332	11057	24999	0.4422977
1	475001	500000	184	5911	24999	0.2364495
1	500001	525000	13956	9379	24999	0.3751750
1	525001	550000	3556	15662	24999	0.6265051
1	550001	575000	28128	24999	24999	1.0000000
1	575001	600000	15504	24999	24999	1.0000000
1	600001	625000	15602	23214	24999	0.9285972
1	625001	650000	65326	18797	24999	0.7519101
1	650001	675000	1904	11806	24999	0.4722589
1	675001	700000	1622	19521	24999	0.7808712
1	700001	725000	31042	19478	24999	0.7791511
1	725001	750000	9574	17163	24999	0.6865475
1	750001	775000	6760	16163	24999	0.6465459
1	775001	800000	4550	15318	24999	0.6127445
1	800001	825000	9200	10449	24999	0.4179767
1	825001	850000	6644	18471	24999	0.7388695
1	850001	875000	13394	16809	24999	0.6723869
1	875001	900000	11088	23181	24999	0.9272771
1	900001	925000	22490	22631	24999	0.9052762
1	925001	950000	25664	22737	24999	0.9095164
1	950001	975000	34350	22452	24999	0.8981159
1	975001	1000000	22666	15306	24999	0.6122645
1	1000001	1025000	9680	20800	24999	0.8320333
1	1025001	1050000	36964	17637	24999	0.7055082
1	1050001	1075000	8092	20623	24999	0.8249530
1	1075001	1100000	2708	14984	24999	0.5993840
1	1100001	1125000	19022	15559	24999	0.6223849
1	1125001	1150000	17028	17813	24999	0.7125485
1	1150001	1175000	12532	21773	24999	0.8709548
1	1175001	1200000	20574	19595	24999	0.7838314
1	1200001	1225000	37912	20001	24999	0.8000720
1	1225001	1250000	38688	21069	24999	0.8427937
1	1250001	1275000	79634	20838	24999	0.8335533
1	1275001	1300000	22968	24999	24999	1.0000000
1	1300001	1325000	8324	24999	24999	1.0000000
1	1325001	1350000	28438	24999	24999	1.0000000
1	1350001	1375000	47824	24999	24999	1.0000000
1	1375001	1400000	19332	24999	24999	1.0000000
1	1400001	1425000	8284	24999	24999	1.0000000
1	1425001	1450000	20894	24999	24999	1.0000000
1	1450001	1475000	12438	24999	24999	1.0000000
1	1475001	1500000	29498	24999	24999	1.0000000
1	1500001	1525000	21956	24999	24999	1.0000000
1	1525001	1550000	9308	24999	24999	1.0000000
1	1550001	1575000	161946	24999	24999	1.0000000
1	1575001	1600000	14992	24999	24999	1.0000000
1	1600001	1625000	24938	24999	24999	1.0000000
1	1625001	1650000	41618	24999	24999	1.0000000
1	1650001	1675000	8528	24999	24999	1.0000000
1	1675001	1700000	24162	24999	24999	1.0000000
1	1700001	1725000	8236	24999	24999	1.0000000
1	1725001	1750000	4926	24999	24999	1.0000000
1	1750001	1775000	39690	24999	24999	1.0000000
1	1775001	1800000	21550	24999	24999	1.0000000
1	1800001	1825000	12986	24999	24999	1.0000000
1	1825001	1850000	15142	24999	24999	1.0000000
1	1850001	1875000	11078	24999	24999	1.0000000
1	1875001	1900000	21982	24999	24999	1.0000000
1	1900001	1925000	8308	24999	24999	1.0000000
1	1925001	1950000	33056	24999	24999	1.0000000
1	1950001	1975000	10626	24999	24999	1.0000000
1	1975001	2000000	5848	24999	24999	1.0000000
1	2000001	2025000	51612	24999	24999	1.0000000
1	2025001	2050000	83264	24999	24999	1.0000000
1	2050001	2075000	46516	24999	24999	1.0000000
1	2075001	2100000	10988	24999	24999	1.0000000
1	2100001	2125000	19274	17509	24999	0.7003880
1	2125001	2150000	13714	23026	24999	0.9210768
1	2150001	2175000	58812	24999	24999	1.0000000
1	2175001	2200000	12122	20880	24999	0.8352334
1	2200001	2225000	26448	23129	24999	0.9251970
1	2225001	2250000	5176	24999	24999	1.0000000
1	2250001	2275000	12198	24999	24999	1.0000000
1	2275001	2300000	9222	24999	24999	1.0000000
1	2300001	2325000	37142	24999	24999	1.0000000
1	2325001	2350000	13798	21441	24999	0.8576743
1	2350001	2375000	8428	18853	24999	0.7541502
1	2375001	2400000	35370	24999	24999	1.0000000
1	2400001	2425000	15352	24999	24999	1.0000000
1	2425001	2450000	18768	20817	24999	0.8327133
1	2450001	2475000	22782	24999	24999	1.0000000
1	2475001	2500000	13864	24999	24999	1.0000000
1	2500001	2525000	14356	20133	24999	0.8053522
1	2525001	2550000	157520	24832	24999	0.9933197
1	2550001	2575000	10288	24999	24999	1.0000000
1	2575001	2600000	37282	24999	24999	1.0000000
1	2600001	2625000	60238	24146	24999	0.9658786
1	2625001	2650000	19884	20006	24999	0.8002720
1	2650001	2675000	12966	16814	24999	0.6725869
1	2675001	2700000	14696	17538	24999	0.7015480
1	2700001	2725000	21616	21294	24999	0.8517941
1	2725001	2750000	79744	22124	24999	0.8849954
1	2750001	2775000	50078	18329	24999	0.7331893
1	2775001	2800000	20346	16579	24999	0.6631866
1	2800001	2825000	13288	16116	24999	0.6446658
1	2825001	2850000	48766	21699	24999	0.8679947
1	2850001	2875000	30968	23504	24999	0.9401976
1	2875001	2900000	7508	24999	24999	1.0000000
1	2900001	2925000	7684	24999	24999	1.0000000
1	2925001	2950000	8428	24999	24999	1.0000000
1	2950001	2975000	34998	24999	24999	1.0000000
1	2975001	3000000	17714	24999	24999	1.0000000
1	3000001	3025000	28444	24999	24999	1.0000000
1	3025001	3050000	90522	24999	24999	1.0000000
1	3050001	3075000	23264	24999	24999	1.0000000
1	3075001	3100000	7302	24999	24999	1.0000000
1	3100001	3125000	2952	24999	24999	1.0000000
1	3125001	3150000	11440	24999	24999	1.0000000
1	3150001	3175000	15448	24999	24999	1.0000000
1	3175001	3200000	18488	24999	24999	1.0000000
1	3200001	3225000	4120	24999	24999	1.0000000
1	3225001	3250000	73290	24999	24999	1.0000000
1	3250001	3275000	5608	24999	24999	1.0000000
1	3275001	3300000	29156	24999	24999	1.0000000
1	3300001	3325000	9878	24734	24999	0.9893996
1	3325001	3350000	138658	22287	24999	0.8915157
1	3350001	3375000	48886	20979	24999	0.8391936
1	3375001	3400000	13828	20896	24999	0.8358734
1	3400001	3425000	4166	23765	24999	0.9506380
1	3425001	3450000	3156	15175	24999	0.6070243
1	3450001	3475000	5058	24070	24999	0.9628385
1	3475001	3500000	11210	22659	24999	0.9063963
1	3500001	3525000	19334	24278	24999	0.9711589
1	3525001	3550000	24236	21003	24999	0.8401536
1	3550001	3575000	107404	16332	24999	0.6533061
1	3575001	3600000	13530	11850	24999	0.4740190
1	3600001	3625000	6828	15153	24999	0.6061442
1	3625001	3650000	72628	19248	24999	0.7699508
1	3650001	3675000	31856	21345	24999	0.8538342
1	3675001	3700000	21568	24999	24999	1.0000000
1	3700001	3725000	26844	24999	24999	1.0000000
1	3725001	3750000	10100	24999	24999	1.0000000
1	3750001	3775000	48284	24999	24999	1.0000000
1	3775001	3800000	61146	24999	24999	1.0000000
1	3800001	3825000	17188	24999	24999	1.0000000
1	3825001	3850000	9520	24999	24999	1.0000000
1	3850001	3875000	13206	24999	24999	1.0000000
1	3875001	3900000	7738	24999	24999	1.0000000
1	3900001	3925000	24034	24999	24999	1.0000000
1	3925001	3950000	18946	24999	24999	1.0000000
1	3950001	3975000	36678	24999	24999	1.0000000
1	3975001	4000000	11118	24999	24999	1.0000000
1	4000001	4025000	28000	24999	24999	1.0000000
1	4025001	4050000	35318	24999	24999	1.0000000
1	4050001	4075000	15462	24999	24999	1.0000000
1	4075001	4100000	61306	24999	24999	1.0000000
1	4100001	4125000	55142	24999	24999	1.0000000
1	4125001	4150000	8304	24999	24999	1.0000000
1	4150001	4175000	36940	24999	24999	1.0000000
1	4175001	4200000	86986	24999	24999	1.0000000
1	4200001	4225000	51512	24999	24999	1.0000000
1	4225001	4250000	23916	24999	24999	1.0000000
1	4250001	4275000	14350	24999	24999	1.0000000
1	4275001	4300000	17126	24999	24999	1.0000000
1	4300001	4325000	16506	24999	24999	1.0000000
1	4325001	4350000	12964	24999	24999	1.0000000
1	4350001	4375000	34422	24999	24999	1.0000000
1	4375001	4400000	24208	24999	24999	1.0000000
1	4400001	4425000	37488	24999	24999	1.0000000
1	4425001	4450000	7156	24999	24999	1.0000000
1	4450001	4475000	109578	24999	24999	1.0000000
1	4475001	4500000	46088	24999	24999	1.0000000
1	4500001	4525000	28960	24999	24999	1.0000000
1	4525001	4550000	12568	24999	24999	1.0000000
1	4550001	4575000	59738	24999	24999	1.0000000
1	4575001	4600000	25150	24999	24999	1.0000000
1	4600001	4625000	21842	24999	24999	1.0000000
1	4625001	4650000	60428	24999	24999	1.0000000
1	4650001	4675000	23254	24999	24999	1.0000000
1	4675001	4700000	42774	24019	24999	0.9607984
1	4700001	4725000	97844	24999	24999	1.0000000
1	4725001	4750000	6952	24999	24999	1.0000000
1	4750001	4775000	24734	24999	24999	1.0000000
1	4775001	4800000	12430	24999	24999	1.0000000
1	4800001	4825000	8684	24999	24999	1.0000000
1	4825001	4850000	4230	24999	24999	1.0000000
1	4850001	4875000	23606	24999	24999	1.0000000
1	4875001	4900000	11126	24999	24999	1.0000000
1	4900001	4925000	12044	24999	24999	1.0000000
1	4925001	4950000	11678	24999	24999	1.0000000
1	4950001	4975000	6502	24999	24999	1.0000000
1	4975001	5000000	107788	24999	24999	1.0000000
1	5000001	5025000	45280	24636	24999	0.9854794
1	5025001	5050000	19614	24999	24999	1.0000000
1	5050001	5075000	23714	24188	24999	0.9675587
1	5075001	5100000	19204	23587	24999	0.9435177
1	5100001	5125000	19760	24999	24999	1.0000000
1	5125001	5150000	15316	24999	24999	1.0000000
1	5150001	5175000	7948	24999	24999	1.0000000
1	5175001	5200000	24412	24999	24999	1.0000000
1	5200001	5225000	9822	24999	24999	1.0000000
1	5225001	5250000	8076	24999	24999	1.0000000
1	5250001	5275000	2350	24999	24999	1.0000000
1	5275001	5300000	23430	17821	24999	0.7128685
1	5300001	5325000	7028	10566	24999	0.4226569
1	5325001	5350000	28048	18986	24999	0.7594704
1	5350001	5375000	11682	24747	24999	0.9899196
1	5375001	5400000	11724	24999	24999	1.0000000
1	5400001	5425000	15302	24999	24999	1.0000000
1	5425001	5450000	8018	24999	24999	1.0000000
1	5450001	5475000	12286	24999	24999	1.0000000
1	5475001	5500000	2468	24999	24999	1.0000000
1	5500001	5525000	19160	22580	24999	0.9032362
1	5525001	5550000	8994	17928	24999	0.7171487
1	5550001	5575000	18494	13575	24999	0.5430217
1	5575001	5600000	750	15107	24999	0.6043042
1	5600001	5625000	9208	17249	24999	0.6899876
1	5625001	5650000	65604	22426	24999	0.8970759
1	5650001	5675000	5920	16981	24999	0.6792672
1	5675001	5700000	3616	11761	24999	0.4704588
1	5700001	5725000	2346	11180	24999	0.4472179
1	5725001	5750000	1492	13279	24999	0.5311813
1	5750001	5775000	6400	16300	24999	0.6520261
1	5775001	5800000	13432	14039	24999	0.5615824
1	5800001	5825000	44182	12365	24999	0.4946198
1	5825001	5850000	23562	14065	24999	0.5626225
1	5850001	5875000	640	6463	24999	0.2585303
1	5875001	5900000	564	9418	24999	0.3767351
1	5900001	5925000	4136	22770	24999	0.9108365
1	5925001	5950000	18060	24999	24999	1.0000000
1	5950001	5975000	8312	22779	24999	0.9111965
1	5975001	6000000	13116	21423	24999	0.8569543
1	6000001	6025000	7570	24999	24999	1.0000000
1	6025001	6050000	5126	24999	24999	1.0000000
1	6050001	6075000	5736	24999	24999	1.0000000
1	6075001	6100000	11310	24999	24999	1.0000000
1	6100001	6125000	14136	24999	24999	1.0000000
1	6125001	6150000	5238	24999	24999	1.0000000
1	6150001	6175000	60712	24999	24999	1.0000000
1	6175001	6200000	8912	24999	24999	1.0000000
1	6200001	6225000	27292	24999	24999	1.0000000
1	6225001	6250000	41906	24999	24999	1.0000000
1	6250001	6275000	16794	24999	24999	1.0000000
1	6275001	6300000	12814	24999	24999	1.0000000
1	6300001	6325000	46630	24999	24999	1.0000000
1	6325001	6350000	19960	24999	24999	1.0000000
1	6350001	6375000	15740	24999	24999	1.0000000
1	6375001	6400000	24710	24999	24999	1.0000000
1	6400001	6425000	20822	24999	24999	1.0000000
1	6425001	6450000	30226	24999	24999	1.0000000
1	6450001	6475000	142490	24999	24999	1.0000000
1	6475001	6500000	11816	24999	24999	1.0000000
1	6500001	6525000	30826	24999	24999	1.0000000
1	6525001	6550000	39346	24999	24999	1.0000000
1	6550001	6575000	3720	24999	24999	1.0000000
1	6575001	6600000	4072	24999	24999	1.0000000
1	6600001	6625000	22236	24999	24999	1.0000000
1	6625001	6650000	21760	24999	24999	1.0000000
1	6650001	6675000	24190	24849	24999	0.9939998
1	6675001	6700000	105040	19109	24999	0.7643906
1	6700001	6725000	24508	24205	24999	0.9682387
1	6725001	6750000	9328	24999	24999	1.0000000
1	6750001	6775000	14868	24999	24999	1.0000000
1	6775001	6800000	21454	24999	24999	1.0000000
1	6800001	6825000	10282	24999	24999	1.0000000
1	6825001	6850000	37454	22240	24999	0.8896356
1	6850001	6875000	5928	14870	24999	0.5948238
1	6875001	6900000	51206	22264	24999	0.8905956
1	6900001	6925000	70316	17450	24999	0.6980279
1	6925001	6950000	7852	6619	24999	0.2647706
1	6950001	6975000	10988	9610	24999	0.3844154
1	6975001	7000000	1504	12100	24999	0.4840194
1	7000001	7025000	3950	13927	24999	0.5571023
1	7025001	7050000	1294	10226	24999	0.4090564
1	7050001	7075000	16918	17648	24999	0.7059482
1	7075001	7100000	3212	14755	24999	0.5902236
1	7100001	7125000	2008	7367	24999	0.2946918
1	7125001	7150000	3750	12787	24999	0.5115005
1	7150001	7175000	31620	23564	24999	0.9425977
1	7175001	7200000	3446	14596	24999	0.5838634
1	7200001	7225000	5568	17552	24999	0.7021081
1	7225001	7250000	22348	24077	24999	0.9631186
1	7250001	7275000	10962	23700	24999	0.9480379
1	7275001	7300000	6174	24999	24999	1.0000000
1	7300001	7325000	20470	24999	24999	1.0000000
1	7325001	7350000	17876	24999	24999	1.0000000
1	7350001	7375000	22850	24999	24999	1.0000000
1	7375001	7400000	2754	24999	24999	1.0000000
1	7400001	7425000	32584	23895	24999	0.9558383
1	7425001	7450000	2596	10766	24999	0.4306572
1	7450001	7475000	2248	13070	24999	0.5228209
1	7475001	7500000	2994	21304	24999	0.8521941
1	7500001	7525000	6288	17257	24999	0.6903076
1	7525001	7550000	760	11953	24999	0.4781391
1	7550001	7575000	30216	16816	24999	0.6726669
1	7575001	7600000	3118	5922	24999	0.2368895
1	7600001	7625000	17996	14783	24999	0.5913436
1	7625001	7650000	490	7632	24999	0.3052922
1	7650001	7675000	2166	9879	24999	0.3951758
1	7675001	7700000	4724	10263	24999	0.4105364
1	7700001	7725000	5592	3154	24999	0.1261650
1	7725001	7750000	3540	7161	24999	0.2864515
1	7750001	7775000	5844	12541	24999	0.5016600
1	7775001	7800000	1538	14596	24999	0.5838634
1	7800001	7825000	2946	15416	24999	0.6166646
1	7825001	7850000	14838	16287	24999	0.6515061
1	7850001	7875000	14824	17483	24999	0.6993480
1	7875001	7900000	18702	17673	24999	0.7069483
1	7900001	7925000	28612	24999	24999	1.0000000
1	7925001	7950000	32554	24999	24999	1.0000000
1	7950001	7975000	23472	22218	24999	0.8887556
1	7975001	8000000	22500	22471	24999	0.8988760
1	8000001	8025000	24588	14308	24999	0.5723429
1	8025001	8050000	54456	21942	24999	0.8777151
1	8050001	8075000	54548	22940	24999	0.9176367
1	8075001	8100000	10828	19202	24999	0.7681108
1	8100001	8125000	36424	20052	24999	0.8021121
1	8125001	8150000	9092	21098	24999	0.8439537
1	8150001	8175000	9696	18025	24999	0.7210289
1	8175001	8200000	120086	24252	24999	0.9701188
1	8200001	8225000	5358	24999	24999	1.0000000
1	8225001	8250000	41044	24611	24999	0.9844794
1	8250001	8275000	38554	20096	24999	0.8038722
1	8275001	8300000	10142	24999	24999	1.0000000
1	8300001	8325000	12336	24999	24999	1.0000000
1	8325001	8350000	76594	24999	24999	1.0000000
1	8350001	8375000	19218	24999	24999	1.0000000
1	8375001	8400000	17456	24999	24999	1.0000000
1	8400001	8425000	3244	24999	24999	1.0000000
1	8425001	8450000	14158	24999	24999	1.0000000
1	8450001	8475000	9028	24999	24999	1.0000000
1	8475001	8500000	13012	24999	24999	1.0000000
1	8500001	8525000	12202	24999	24999	1.0000000
1	8525001	8550000	14222	24999	24999	1.0000000
1	8550001	8575000	17964	24999	24999	1.0000000
1	8575001	8600000	116596	24999	24999	1.0000000
1	8600001	8625000	5678	24999	24999	1.0000000
1	8625001	8650000	8690	24999	24999	1.0000000
1	8650001	8675000	40038	24999	24999	1.0000000
1	8675001	8700000	22180	24999	24999	1.0000000
1	8700001	8725000	14286	24999	24999	1.0000000
1	8725001	8750000	17630	24999	24999	1.0000000
1	8750001	8775000	3506	24999	24999	1.0000000
1	8775001	8800000	12654	24999	24999	1.0000000
1	8800001	8825000	6262	24999	24999	1.0000000
1	8825001	8850000	6696	24999	24999	1.0000000
1	8850001	8875000	30646	24999	24999	1.0000000
1	8875001	8900000	37302	24999	24999	1.0000000
1	8900001	8925000	77336	24999	24999	1.0000000
1	8925001	8950000	25034	24999	24999	1.0000000
1	8950001	8975000	68362	24999	24999	1.0000000
1	8975001	9000000	12	24999	24999	1.0000000
1	9000001	9025000	3464	24999	24999	1.0000000
1	9025001	9050000	130518	24999	24999	1.0000000
1	9050001	9075000	73052	24999	24999	1.0000000
1	9075001	9100000	98638	24999	24999	1.0000000
1	9100001	9125000	24342	24663	24999	0.9865595
1	9125001	9150000	57108	22614	24999	0.9045962
1	9150001	9175000	49776	20877	24999	0.8351134
1	9175001	9200000	7638	17798	24999	0.7119485
1	9200001	9225000	11256	20230	24999	0.8092324
1	9225001	9250000	46886	24286	24999	0.9714789
1	9250001	9275000	33758	24999	24999	1.0000000
1	9275001	9300000	3316	24999	24999	1.0000000
1	9300001	9325000	20864	24999	24999	1.0000000
1	9325001	9350000	22134	24999	24999	1.0000000
1	9350001	9375000	22040	24999	24999	1.0000000
1	9375001	9400000	87688	24999	24999	1.0000000
1	9400001	9425000	45108	24999	24999	1.0000000
1	9425001	9450000	16834	24999	24999	1.0000000
1	9450001	9475000	47958	24999	24999	1.0000000
1	9475001	9500000	117188	24999	24999	1.0000000
1	9500001	9525000	20754	24999	24999	1.0000000
1	9525001	9550000	50802	24999	24999	1.0000000
1	9550001	9575000	15606	24999	24999	1.0000000
1	9575001	9600000	8966	24999	24999	1.0000000
1	9600001	9625000	5336	24999	24999	1.0000000
1	9625001	9650000	14940	24999	24999	1.0000000
1	9650001	9675000	5906	24999	24999	1.0000000
1	9675001	9700000	212792	24999	24999	1.0000000
1	9700001	9725000	8796	24999	24999	1.0000000
1	9725001	9750000	11280	24999	24999	1.0000000
1	9750001	9775000	20386	24999	24999	1.0000000
1	9775001	9800000	5068	24999	24999	1.0000000
1	9800001	9825000	89382	24999	24999	1.0000000
1	9825001	9850000	9510	24999	24999	1.0000000
1	9850001	9875000	7202	24999	24999	1.0000000
1	9875001	9900000	6700	24999	24999	1.0000000
1	9900001	9925000	42474	24999	24999	1.0000000
1	9925001	9950000	75342	24999	24999	1.0000000
1	9950001	9975000	79218	24999	24999	1.0000000
1	9975001	10000000	42304	24999	24999	1.0000000
1	10000001	10025000	21008	24999	24999	1.0000000
1	10025001	10050000	10364	24999	24999	1.0000000
1	10050001	10075000	4940	24999	24999	1.0000000
1	10075001	10100000	10196	24999	24999	1.0000000
1	10100001	10125000	76222	24999	24999	1.0000000
1	10125001	10150000	7716	24999	24999	1.0000000
1	10150001	10175000	10486	24999	24999	1.0000000
1	10175001	10200000	40450	24805	24999	0.9922397
1	10200001	10225000	29304	18134	24999	0.7253890
1	10225001	10250000	57924	18049	24999	0.7219889
1	10250001	10275000	54076	22705	24999	0.9082363
1	10275001	10300000	30212	21164	24999	0.8465939
1	10300001	10325000	138762	24142	24999	0.9657186
1	10325001	10350000	29050	24205	24999	0.9682387
1	10350001	10375000	60702	17386	24999	0.6954678
1	10375001	10400000	33344	21935	24999	0.8774351
1	10400001	10425000	22268	11510	24999	0.4604184
1	10425001	10450000	12264	19003	24999	0.7601504
1	10450001	10475000	20382	21964	24999	0.8785952
1	10475001	10500000	75790	22904	24999	0.9161966
1	10500001	10525000	25656	19619	24999	0.7847914
1	10525001	10550000	5130	12324	24999	0.4929797
1	10550001	10575000	2412	12755	24999	0.5102204
1	10575001	10600000	10024	20165	24999	0.8066323
1	10600001	10625000	15730	22831	24999	0.9132766
1	10625001	10650000	11852	17411	24999	0.6964679
1	10650001	10675000	58060	21111	24999	0.8444738
1	10675001	10700000	32450	24999	24999	1.0000000
1	10700001	10725000	16322	24999	24999	1.0000000
1	10725001	10750000	11968	24999	24999	1.0000000
1	10750001	10775000	8998	24999	24999	1.0000000
1	10775001	10800000	3692	19587	24999	0.7835113
1	10800001	10825000	3328	14013	24999	0.5605424
1	10825001	10850000	46834	19409	24999	0.7763910
1	10850001	10875000	906	11846	24999	0.4738590
1	10875001	10900000	578	10138	24999	0.4055362
1	10900001	10925000	940	10705	24999	0.4282171
1	10925001	10950000	44	1850	24999	0.0740030
1	10950001	10975000	1060	15349	24999	0.6139846
1	10975001	11000000	3704	6030	24999	0.2412096
1	11000001	11025000	5650	16927	24999	0.6771071
1	11025001	11050000	10878	16453	24999	0.6581463
1	11050001	11075000	4870	14213	24999	0.5685427
1	11075001	11100000	5582	17635	24999	0.7054282
1	11100001	11125000	19908	20021	24999	0.8008720
1	11125001	11150000	2192	12956	24999	0.5182607
1	11150001	11175000	8620	22030	24999	0.8812352
1	11175001	11200000	19642	22446	24999	0.8978759
1	11200001	11225000	1626	10556	24999	0.4222569
1	11225001	11250000	2176	3216	24999	0.1286452
1	11250001	11275000	152	5908	24999	0.2363295
1	11275001	11300000	1462	6236	24999	0.2494500
1	11300001	11325000	4306	8027	24999	0.3210928
1	11325001	11350000	290	8682	24999	0.3472939
1	11350001	11375000	1326	4295	24999	0.1718069
1	11375001	11400000	1212	9520	24999	0.3808152
1	11400001	11425000	11580	14294	24999	0.5717829
1	11425001	11450000	1474	11748	24999	0.4699388
1	11450001	11475000	352	10265	24999	0.4106164
1	11475001	11500000	1924	24820	24999	0.9928397
1	11500001	11525000	908	24999	24999	1.0000000
1	11525001	11550000	55568	21646	24999	0.8658746
1	11550001	11575000	354	5034	24999	0.2013680
1	11575001	11600000	1666	14198	24999	0.5679427
1	11600001	11625000	7236	12565	24999	0.5026201
1	11625001	11650000	63306	10797	24999	0.4318973
1	11650001	11675000	218	4104	24999	0.1641666
1	11675001	11700000	4798	9336	24999	0.3734549
1	11700001	11725000	1026	7983	24999	0.3193328
1	11725001	11750000	190	3012	24999	0.1204848
1	11750001	11775000	0	0	24999	0.0000000
2	1	25000	500	6122	24999	0.2448898
2	25001	50000	3214	22682	24999	0.9073163
2	50001	75000	4360	24999	24999	1.0000000
2	75001	100000	96834	24629	24999	0.9851994
2	100001	125000	7634	12288	24999	0.4915397
2	125001	150000	8062	13894	24999	0.5557823
2	150001	175000	8094	9788	24999	0.3915357
2	175001	200000	9848	12291	24999	0.4916597
2	200001	225000	782	5563	24999	0.2225289
2	225001	250000	18646	12640	24999	0.5056202
2	250001	275000	13980	11351	24999	0.4540582
2	275001	300000	58514	14810	24999	0.5924237
2	300001	325000	1646	9827	24999	0.3930957
2	325001	350000	107254	19581	24999	0.7832713
2	350001	375000	6010	11588	24999	0.4635385
2	375001	400000	1840	13707	24999	0.5483019
2	400001	425000	6406	19179	24999	0.7671907
2	425001	450000	37428	11323	24999	0.4529381
2	450001	475000	9758	13832	24999	0.5533021
2	475001	500000	6950	17620	24999	0.7048282
2	500001	525000	4098	10868	24999	0.4347374
2	525001	550000	1958	14826	24999	0.5930637
2	550001	575000	1712	12996	24999	0.5198608
2	575001	600000	6144	10610	24999	0.4244170
2	600001	625000	4780	8503	24999	0.3401336
2	625001	650000	3284	11822	24999	0.4728989
2	650001	675000	302	5919	24999	0.2367695
2	675001	700000	504	4492	24999	0.1796872
2	700001	725000	1404	9184	24999	0.3673747
2	725001	750000	832	11906	24999	0.4762591
2	750001	775000	2860	13249	24999	0.5299812
2	775001	800000	1812	8557	24999	0.3422937
2	800001	825000	6390	12563	24999	0.5025401
2	825001	850000	4000	12635	24999	0.5054202
2	850001	875000	14324	15486	24999	0.6194648
2	875001	900000	4838	11249	24999	0.4499780
2	900001	925000	1580	9406	24999	0.3762550
2	925001	950000	17798	21776	24999	0.8710749
2	950001	975000	7300	24999	24999	1.0000000
2	975001	1000000	14372	24746	24999	0.9898796
2	1000001	1025000	15294	24999	24999	1.0000000
2	1025001	1050000	17866	24999	24999	1.0000000
2	1050001	1075000	58108	24999	24999	1.0000000
2	1075001	1100000	22220	24999	24999	1.0000000
2	1100001	1125000	8714	24999	24999	1.0000000
2	1125001	1150000	97372	24999	24999	1.0000000
2	1150001	1175000	58786	24930	24999	0.9972399
2	1175001	1200000	4212	24999	24999	1.0000000
2	1200001	1225000	8424	24999	24999	1.0000000
2	1225001	1250000	10090	20464	24999	0.8185927
2	1250001	1275000	9858	19503	24999	0.7801512
2	1275001	1300000	9970	20370	24999	0.8148326
2	1300001	1325000	9172	13050	24999	0.5220209
2	1325001	1350000	22730	18156	24999	0.7262691
2	1350001	1375000	20834	21665	24999	0.8666347
2	1375001	1400000	9330	21138	24999	0.8455538
2	1400001	1425000	16704	20649	24999	0.8259931
2	1425001	1450000	11704	19217	24999	0.7687107
2	1450001	1475000	12610	19781	24999	0.7912716
2	1475001	1500000	29444	19713	24999	0.7885516
2	1500001	1525000	2906	16307	24999	0.6523061
2	1525001	1550000	6528	20067	24999	0.8027121
2	1550001	1575000	70558	19319	24999	0.7727909
2	1575001	1600000	10642	21134	24999	0.8453938
2	1600001	1625000	23818	24999	24999	1.0000000
2	1625001	1650000	7204	13258	24999	0.5303412
2	1650001	1675000	20386	17716	24999	0.7086684
2	1675001	1700000	9826	21758	24999	0.8703548
2	1700001	1725000	28436	22068	24999	0.8827553
2	1725001	1750000	24640	24999	24999	1.0000000
2	1750001	1775000	11856	24999	24999	1.0000000
2	1775001	1800000	15188	24999	24999	1.0000000
2	1800001	1825000	26374	24999	24999	1.0000000
2	1825001	1850000	109448	24999	24999	1.0000000
2	1850001	1875000	24930	24999	24999	1.0000000
2	1875001	1900000	12588	24999	24999	1.0000000
2	1900001	1925000	9870	24999	24999	1.0000000
2	1925001	1950000	12228	24999	24999	1.0000000
2	1950001	1975000	12888	24999	24999	1.0000000
2	1975001	2000000	50390	24999	24999	1.0000000
2	2000001	2025000	10822	24999	24999	1.0000000
2	2025001	2050000	25424	24999	24999	1.0000000
2	2050001	2075000	26328	24999	24999	1.0000000
2	2075001	2100000	7330	24999	24999	1.0000000
2	2100001	2125000	14038	24999	24999	1.0000000
2	2125001	2150000	13692	24999	24999	1.0000000
2	2150001	2175000	84088	24999	24999	1.0000000
2	2175001	2200000	74884	24999	24999	1.0000000
2	2200001	2225000	53392	24999	24999	1.0000000
2	2225001	2250000	88926	24999	24999	1.0000000
2	2250001	2275000	58718	24999	24999	1.0000000
2	2275001	2300000	30820	24999	24999	1.0000000
2	2300001	2325000	7484	24999	24999	1.0000000
2	2325001	2350000	34978	24999	24999	1.0000000
2	2350001	2375000	10090	24999	24999	1.0000000
2	2375001	2400000	78110	24999	24999	1.0000000
2	2400001	2425000	143698	24999	24999	1.0000000
2	2425001	2450000	37850	24999	24999	1.0000000
2	2450001	2475000	11630	24999	24999	1.0000000
2	2475001	2500000	80962	24999	24999	1.0000000
2	2500001	2525000	64514	24999	24999	1.0000000
2	2525001	2550000	13604	24999	24999	1.0000000
2	2550001	2575000	80806	24999	24999	1.0000000
2	2575001	2600000	24186	24999	24999	1.0000000
2	2600001	2625000	24518	24999	24999	1.0000000
2	2625001	2650000	10878	24999	24999	1.0000000
2	2650001	2675000	6642	24999	24999	1.0000000
2	2675001	2700000	4496	24999	24999	1.0000000
2	2700001	2725000	11142	24999	24999	1.0000000
2	2725001	2750000	477110	24999	24999	1.0000000
2	2750001	2775000	2556	24999	24999	1.0000000
2	2775001	2800000	4272	24999	24999	1.0000000
2	2800001	2825000	8044	24999	24999	1.0000000
2	2825001	2850000	748	24999	24999	1.0000000
2	2850001	2875000	36994	24999	24999	1.0000000
2	2875001	2900000	25920	24999	24999	1.0000000
2	2900001	2925000	8012	24999	24999	1.0000000
2	2925001	2950000	21434	24999	24999	1.0000000
2	2950001	2975000	14546	24999	24999	1.0000000
2	2975001	3000000	28294	24999	24999	1.0000000
2	3000001	3025000	16724	24999	24999	1.0000000
2	3025001	3050000	107038	21159	24999	0.8463939
2	3050001	3075000	7318	18427	24999	0.7371095
2	3075001	3100000	11304	17474	24999	0.6989880
2	3100001	3125000	12576	19250	24999	0.7700308
2	3125001	3150000	26000	14068	24999	0.5627425
2	3150001	3175000	2982	14284	24999	0.5713829
2	3175001	3200000	31906	22802	24999	0.9121165
2	3200001	3225000	22592	21962	24999	0.8785151
2	3225001	3250000	30022	24999	24999	1.0000000
2	3250001	3275000	12640	24999	24999	1.0000000
2	3275001	3300000	4	24999	24999	1.0000000
2	3300001	3325000	4	1471	24999	0.0588424
2	3325001	3350000	19460	13799	24999	0.5519821
2	3350001	3375000	46082	24431	24999	0.9772791
2	3375001	3400000	17312	20366	24999	0.8146726
2	3400001	3425000	20434	18912	24999	0.7565103
2	3425001	3450000	8498	16976	24999	0.6790671
2	3450001	3475000	15592	18803	24999	0.7521501
2	3475001	3500000	5400	16322	24999	0.6529061
2	3500001	3525000	3280	17952	24999	0.7181087
2	3525001	3550000	5686	17128	24999	0.6851474
2	3550001	3575000	2356	24999	24999	1.0000000
2	3575001	3600000	12698	24999	24999	1.0000000
2	3600001	3625000	7808	23204	24999	0.9281971
2	3625001	3650000	8390	10546	24999	0.4218569
2	3650001	3675000	2786	9111	24999	0.3644546
2	3675001	3700000	3576	12495	24999	0.4998200
2	3700001	3725000	4536	11722	24999	0.4688987
2	3725001	3750000	49920	8424	24999	0.3369735
2	3750001	3775000	12214	14749	24999	0.5899836
2	3775001	3800000	7762	18151	24999	0.7260690
2	3800001	3825000	8422	16181	24999	0.6472659
2	3825001	3850000	7450	14928	24999	0.5971439
2	3850001	3875000	1974	12772	24999	0.5109004
2	3875001	3900000	36604	14305	24999	0.5722229
2	3900001	3925000	4878	11257	24999	0.4502980
2	3925001	3950000	2524	11872	24999	0.4748990
2	3950001	3975000	3752	12677	24999	0.5071003
2	3975001	4000000	29776	17446	24999	0.6978679
2	4000001	4025000	19778	16667	24999	0.6667067
2	4025001	4050000	15844	19203	24999	0.7681507
2	4050001	4075000	1400	7880	24999	0.3152126
2	4075001	4100000	2412	10604	24999	0.4241770
2	4100001	4125000	2184	13754	24999	0.5501820
2	4125001	4150000	4146	17329	24999	0.6931877
2	4150001	4175000	11968	15795	24999	0.6318253
2	4175001	4200000	3122	11843	24999	0.4737389
2	4200001	4225000	2926	15319	24999	0.6127845
2	4225001	4250000	4972	13302	24999	0.5321013
2	4250001	4275000	8632	16734	24999	0.6693868
2	4275001	4300000	43936	14305	24999	0.5722229
2	4300001	4325000	15720	14294	24999	0.5717829
2	4325001	4350000	2566	15571	24999	0.6228649
2	4350001	4375000	5808	9176	24999	0.3670547
2	4375001	4400000	5200	14524	24999	0.5809832
2	4400001	4425000	2846	8751	24999	0.3500540
2	4425001	4450000	20146	16527	24999	0.6611065
2	4450001	4475000	36160	14031	24999	0.5612624
2	4475001	4500000	18254	17859	24999	0.7143885
2	4500001	4525000	7366	13504	24999	0.5401816
2	4525001	4550000	4188	13045	24999	0.5218208
2	4550001	4575000	2286	13646	24999	0.5458618
2	4575001	4600000	3116	14039	24999	0.5615824
2	4600001	4625000	4510	14714	24999	0.5885835
2	4625001	4650000	8648	14087	24999	0.5635026
2	4650001	4675000	47460	24196	24999	0.9678787
2	4675001	4700000	20618	18997	24999	0.7599104
2	4700001	4725000	6400	18074	24999	0.7229889
2	4725001	4750000	7170	19073	24999	0.7629505
2	4750001	4775000	9584	17835	24999	0.7134286
2	4775001	4800000	29152	14952	24999	0.5981039
2	4800001	4825000	15558	17716	24999	0.7086684
2	4825001	4850000	1016	17640	24999	0.7056282
2	4850001	4875000	3368	24999	24999	1.0000000
2	4875001	4900000	2504	24999	24999	1.0000000
2	4900001	4925000	10774	23412	24999	0.9365175
2	4925001	4950000	2554	13219	24999	0.5287812
2	4950001	4975000	2368	10203	24999	0.4081363
2	4975001	5000000	10604	12389	24999	0.4955798
2	5000001	5025000	2214	10312	24999	0.4124965
2	5025001	5050000	14962	16669	24999	0.6667867
2	5050001	5075000	2426	13024	24999	0.5209808
2	5075001	5100000	3060	16333	24999	0.6533461
2	5100001	5125000	4086	13915	24999	0.5566223
2	5125001	5150000	15028	18429	24999	0.7371895
2	5150001	5175000	6164	16380	24999	0.6552262
2	5175001	5200000	3150	14454	24999	0.5781831
2	5200001	5225000	20102	15428	24999	0.6171447
2	5225001	5250000	22732	24999	24999	1.0000000
2	5250001	5275000	4728	24999	24999	1.0000000
2	5275001	5300000	974	24999	24999	1.0000000
2	5300001	5325000	7060	24999	24999	1.0000000
2	5325001	5350000	1764	24999	24999	1.0000000
2	5350001	5375000	43568	19366	24999	0.7746710
2	5375001	5400000	8014	16648	24999	0.6659467
2	5400001	5425000	6846	17922	24999	0.7169087
2	5425001	5450000	17282	14633	24999	0.5853434
2	5450001	5475000	7822	15854	24999	0.6341854
2	5475001	5500000	7822	12518	24999	0.5007401
2	5500001	5525000	2716	12078	24999	0.4831393
2	5525001	5550000	44664	22861	24999	0.9144766
2	5550001	5575000	28926	24999	24999	1.0000000
2	5575001	5600000	696	24999	24999	1.0000000
2	5600001	5625000	936	24999	24999	1.0000000
2	5625001	5650000	3450	24999	24999	1.0000000
2	5650001	5675000	66964	24999	24999	1.0000000
2	5675001	5700000	5758	24999	24999	1.0000000
2	5700001	5725000	7234	24999	24999	1.0000000
2	5725001	5750000	26196	22340	24999	0.8936357
2	5750001	5775000	3564	16346	24999	0.6538662
2	5775001	5800000	1240	16716	24999	0.6686667
2	5800001	5825000	6470	10045	24999	0.4018161
2	5825001	5850000	9758	21346	24999	0.8538741
2	5850001	5875000	3558	13876	24999	0.5550622
2	5875001	5900000	16830	12152	24999	0.4860995
2	5900001	5925000	4410	14679	24999	0.5871835
2	5925001	5950000	2504	8038	24999	0.3215329
2	5950001	5975000	11678	17911	24999	0.7164686
2	5975001	6000000	16036	15255	24999	0.6102244
2	6000001	6025000	10718	14686	24999	0.5874635
2	6025001	6050000	13826	24265	24999	0.9706388
2	6050001	6075000	3060	24999	24999	1.0000000
2	6075001	6100000	4294	24525	24999	0.9810392
2	6100001	6125000	24938	14680	24999	0.5872235
2	6125001	6150000	4982	13379	24999	0.5351814
2	6150001	6175000	31364	17350	24999	0.6940278
2	6175001	6200000	45316	13720	24999	0.5488219
2	6200001	6225000	12962	24999	24999	1.0000000
2	6225001	6250000	9600	24999	24999	1.0000000
2	6250001	6275000	4622	24999	24999	1.0000000
2	6275001	6300000	5088	22151	24999	0.8860754
2	6300001	6325000	3810	11345	24999	0.4538181
2	6325001	6350000	1936	9891	24999	0.3956558
2	6350001	6375000	5102	11122	24999	0.4448978
2	6375001	6400000	12864	16751	24999	0.6700668
2	6400001	6425000	13260	17058	24999	0.6823473
2	6425001	6450000	4522	21913	24999	0.8765551
2	6450001	6475000	32412	24999	24999	1.0000000
2	6475001	6500000	8242	24999	24999	1.0000000
2	6500001	6525000	350	24999	24999	1.0000000
2	6525001	6550000	17996	24999	24999	1.0000000
2	6550001	6575000	10058	24999	24999	1.0000000
2	6575001	6600000	55710	24436	24999	0.9774791
2	6600001	6625000	56994	21548	24999	0.8619545
2	6625001	6650000	67292	24999	24999	1.0000000
2	6650001	6675000	16536	24999	24999	1.0000000
2	6675001	6700000	5416	24999	24999	1.0000000
2	6700001	6725000	19656	24999	24999	1.0000000
2	6725001	6750000	16816	24999	24999	1.0000000
2	6750001	6775000	18068	24999	24999	1.0000000
2	6775001	6800000	2264	24999	24999	1.0000000
2	6800001	6825000	4406	24999	24999	1.0000000
2	6825001	6850000	34744	24999	24999	1.0000000
2	6850001	6875000	1030	24999	24999	1.0000000
2	6875001	6900000	5210	24999	24999	1.0000000
2	6900001	6925000	54076	24999	24999	1.0000000
2	6925001	6950000	9684	24999	24999	1.0000000
2	6950001	6975000	25412	24999	24999	1.0000000
2	6975001	7000000	20264	24999	24999	1.0000000
2	7000001	7025000	19106	24999	24999	1.0000000
2	7025001	7050000	16894	24999	24999	1.0000000
2	7050001	7075000	15694	24999	24999	1.0000000
2	7075001	7100000	96274	24999	24999	1.0000000
2	7100001	7125000	49246	24999	24999	1.0000000
2	7125001	7150000	10752	24999	24999	1.0000000
2	7150001	7175000	16278	24999	24999	1.0000000
2	7175001	7200000	35966	24999	24999	1.0000000
2	7200001	7225000	74842	24999	24999	1.0000000
2	7225001	7250000	8356	24999	24999	1.0000000
2	7250001	7275000	35230	24999	24999	1.0000000
2	7275001	7300000	20914	24999	24999	1.0000000
2	7300001	7325000	16716	24999	24999	1.0000000
2	7325001	7350000	30566	24999	24999	1.0000000
2	7350001	7375000	13782	24999	24999	1.0000000
2	7375001	7400000	51400	24999	24999	1.0000000
2	7400001	7425000	8284	24999	24999	1.0000000
2	7425001	7450000	19604	24999	24999	1.0000000
2	7450001	7475000	10712	24999	24999	1.0000000
2	7475001	7500000	32088	24999	24999	1.0000000
2	7500001	7525000	83590	24042	24999	0.9617184
2	7525001	7550000	6826	20746	24999	0.8298732
2	7550001	7575000	7570	18769	24999	0.7507901
2	7575001	7600000	16492	16757	24999	0.6703068
2	7600001	7625000	141890	23482	24999	0.9393176
2	7625001	7650000	6292	18158	24999	0.7263491
2	7650001	7675000	10922	18391	24999	0.7356694
2	7675001	7700000	2802	14998	24999	0.5999440
2	7700001	7725000	10434	20732	24999	0.8293132
2	7725001	7750000	4994	15648	24999	0.6259450
2	7750001	7775000	42440	21566	24999	0.8626745
2	7775001	7800000	19106	21558	24999	0.8623545
2	7800001	7825000	3866	19122	24999	0.7649106
2	7825001	7850000	9778	21545	24999	0.8618345
2	7850001	7875000	16152	23493	24999	0.9397576
2	7875001	7900000	68574	24999	24999	1.0000000
2	7900001	7925000	22328	24999	24999	1.0000000
2	7925001	7950000	24306	24999	24999	1.0000000
2	7950001	7975000	11266	24999	24999	1.0000000
2	7975001	8000000	4080	24999	24999	1.0000000
2	8000001	8025000	1564	24999	24999	1.0000000
2	8025001	8050000	2798	24999	24999	1.0000000
2	8050001	8075000	5578	24999	24999	1.0000000
2	8075001	8100000	39122	24999	24999	1.0000000
2	8100001	8125000	2028	24999	24999	1.0000000
2	8125001	8150000	6868	24999	24999	1.0000000
2	8150001	8175000	63310	22346	24999	0.8938758
2	8175001	8200000	19242	19645	24999	0.7858315
2	8200001	8225000	3280	11007	24999	0.4402976
2	8225001	8250000	978	10738	24999	0.4295372
2	8250001	8275000	18718	18572	24999	0.7429097
2	8275001	8300000	76858	17314	24999	0.6925877
2	8300001	8325000	2120	5655	24999	0.2262090
2	8325001	8350000	2108	9084	24999	0.3633745
2	8350001	8375000	4410	20521	24999	0.8208728
2	8375001	8400000	15304	24999	24999	1.0000000
2	8400001	8425000	12760	24999	24999	1.0000000
2	8425001	8450000	2316	24999	24999	1.0000000
2	8450001	8475000	53408	24999	24999	1.0000000
2	8475001	8500000	7578	21181	24999	0.8472739
2	8500001	8525000	2488	14506	24999	0.5802632
2	8525001	8550000	24894	11023	24999	0.4409376
2	8550001	8575000	3538	11958	24999	0.4783391
2	8575001	8600000	7652	14135	24999	0.5654226
2	8600001	8625000	3168	14297	24999	0.5719029
2	8625001	8650000	6276	14359	24999	0.5743830
2	8650001	8675000	2278	8026	24999	0.3210528
2	8675001	8700000	51270	23539	24999	0.9415976
2	8700001	8725000	1702	24999	24999	1.0000000
2	8725001	8750000	248	24999	24999	1.0000000
2	8750001	8775000	2714	24999	24999	1.0000000
2	8775001	8800000	1346	24999	24999	1.0000000
2	8800001	8825000	4372	24999	24999	1.0000000
2	8825001	8850000	3756	24999	24999	1.0000000
2	8850001	8875000	3218	24999	24999	1.0000000
2	8875001	8900000	2004	24999	24999	1.0000000
2	8900001	8925000	1238	24999	24999	1.0000000
2	8925001	8950000	462	19630	24999	0.7852314
2	8950001	8975000	1522	8043	24999	0.3217329
2	8975001	9000000	68	1136	24999	0.0454418
3	1	25000	950	4807	24999	0.1922877
3	25001	50000	1650	12266	24999	0.4906596
3	50001	75000	9978	9254	24999	0.3701748
3	75001	100000	1144	9735	24999	0.3894156
3	100001	125000	490	10617	24999	0.4246970
3	125001	150000	6348	14183	24999	0.5673427
3	150001	175000	7004	14742	24999	0.5897036
3	175001	200000	48180	11466	24999	0.4586583
3	200001	225000	6974	11416	24999	0.4566583
3	225001	250000	10780	11450	24999	0.4580183
3	250001	275000	3128	7440	24999	0.2976119
3	275001	300000	5044	13277	24999	0.5311012
3	300001	325000	308	9602	24999	0.3840954
3	325001	350000	1926	11352	24999	0.4540982
3	350001	375000	2412	14751	24999	0.5900636
3	375001	400000	85326	19834	24999	0.7933918
3	400001	425000	3842	24999	24999	1.0000000
3	425001	450000	632	24999	24999	1.0000000
3	450001	475000	1978	24999	24999	1.0000000
3	475001	500000	656	24999	24999	1.0000000
3	500001	525000	2882	24999	24999	1.0000000
3	525001	550000	6278	24999	24999	1.0000000
3	550001	575000	6588	24999	24999	1.0000000
3	575001	600000	5116	24999	24999	1.0000000
3	600001	625000	18278	24999	24999	1.0000000
3	625001	650000	64720	24999	24999	1.0000000
3	650001	675000	52636	24999	24999	1.0000000
3	675001	700000	12934	24999	24999	1.0000000
3	700001	725000	15302	24999	24999	1.0000000
3	725001	750000	1886	24999	24999	1.0000000
3	750001	775000	2204	24999	24999	1.0000000
3	775001	800000	14906	24999	24999	1.0000000
3	800001	825000	16322	24999	24999	1.0000000
3	825001	850000	17514	24999	24999	1.0000000
3	850001	875000	188112	24398	24999	0.9759591
3	875001	900000	12576	18495	24999	0.7398296
3	900001	925000	8296	15008	24999	0.6003440
3	925001	950000	12376	16446	24999	0.6578663
3	950001	975000	19370	20422	24999	0.8169127
3	975001	1000000	17914	24999	24999	1.0000000
3	1000001	1025000	16688	21707	24999	0.8683147
3	1025001	1050000	14148	20060	24999	0.8024321
3	1050001	1075000	23812	23220	24999	0.9288372
3	1075001	1100000	4222	24999	24999	1.0000000
3	1100001	1125000	10218	24999	24999	1.0000000
3	1125001	1150000	17772	22752	24999	0.9101164
3	1150001	1175000	10420	24999	24999	1.0000000
3	1175001	1200000	11494	20838	24999	0.8335533
3	1200001	1225000	6868	13938	24999	0.5575423
3	1225001	1250000	11490	23282	24999	0.9313173
3	1250001	1275000	21532	24999	24999	1.0000000
3	1275001	1300000	29726	24999	24999	1.0000000
3	1300001	1325000	9496	24999	24999	1.0000000
3	1325001	1350000	12890	24999	24999	1.0000000
3	1350001	1375000	36834	24999	24999	1.0000000
3	1375001	1400000	30826	24999	24999	1.0000000
3	1400001	1425000	15800	24999	24999	1.0000000
3	1425001	1450000	18114	14934	24999	0.5973839
3	1450001	1475000	12346	19451	24999	0.7780711
3	1475001	1500000	26712	21518	24999	0.8607544
3	1500001	1525000	8578	20980	24999	0.8392336
3	1525001	1550000	5746	19765	24999	0.7906317
3	1550001	1575000	20134	20253	24999	0.8101524
3	1575001	1600000	7176	18563	24999	0.7425497
3	1600001	1625000	13806	14462	24999	0.5785031
3	1625001	1650000	36224	22805	24999	0.9122365
3	1650001	1675000	21022	24999	24999	1.0000000
3	1675001	1700000	20910	22981	24999	0.9192768
3	1700001	1725000	15034	20065	24999	0.8026321
3	1725001	1750000	15926	20918	24999	0.8367535
3	1750001	1775000	17600	18615	24999	0.7446298
3	1775001	1800000	21404	20829	24999	0.8331933
3	1800001	1825000	10962	16198	24999	0.6479459
3	1825001	1850000	26292	20849	24999	0.8339934
3	1850001	1875000	15182	21215	24999	0.8486339
3	1875001	1900000	12280	24999	24999	1.0000000
3	1900001	1925000	13224	24999	24999	1.0000000
3	1925001	1950000	5196	24999	24999	1.0000000
3	1950001	1975000	14050	24999	24999	1.0000000
3	1975001	2000000	6988	24999	24999	1.0000000
3	2000001	2025000	21328	24999	24999	1.0000000
3	2025001	2050000	7532	24999	24999	1.0000000
3	2050001	2075000	13958	24999	24999	1.0000000
3	2075001	2100000	54606	24999	24999	1.0000000
3	2100001	2125000	16726	24999	24999	1.0000000
3	2125001	2150000	16380	24999	24999	1.0000000
3	2150001	2175000	18866	24999	24999	1.0000000
3	2175001	2200000	21552	24999	24999	1.0000000
3	2200001	2225000	11698	24999	24999	1.0000000
3	2225001	2250000	21230	24999	24999	1.0000000
3	2250001	2275000	125272	24999	24999	1.0000000
3	2275001	2300000	12358	24999	24999	1.0000000
3	2300001	2325000	10506	24999	24999	1.0000000
3	2325001	2350000	62676	24999	24999	1.0000000
3	2350001	2375000	6810	24999	24999	1.0000000
3	2375001	2400000	6270	24999	24999	1.0000000
3	2400001	2425000	24956	24999	24999	1.0000000
3	2425001	2450000	17438	24999	24999	1.0000000
3	2450001	2475000	56108	24999	24999	1.0000000
3	2475001	2500000	11996	24999	24999	1.0000000
3	2500001	2525000	23378	24999	24999	1.0000000
3	2525001	2550000	7940	24999	24999	1.0000000
3	2550001	2575000	8428	24999	24999	1.0000000
3	2575001	2600000	29238	24999	24999	1.0000000
3	2600001	2625000	15012	24999	24999	1.0000000
3	2625001	2650000	16402	24999	24999	1.0000000
3	2650001	2675000	230642	24999	24999	1.0000000
3	2675001	2700000	8422	24999	24999	1.0000000
3	2700001	2725000	15210	24999	24999	1.0000000
3	2725001	2750000	10164	24999	24999	1.0000000
3	2750001	2775000	11194	24999	24999	1.0000000
3	2775001	2800000	14376	24999	24999	1.0000000
3	2800001	2825000	14656	24999	24999	1.0000000
3	2825001	2850000	82672	24999	24999	1.0000000
3	2850001	2875000	62796	24999	24999	1.0000000
3	2875001	2900000	22828	24999	24999	1.0000000
3	2900001	2925000	21760	24999	24999	1.0000000
3	2925001	2950000	61394	24800	24999	0.9920397
3	2950001	2975000	19354	19975	24999	0.7990320
3	2975001	3000000	8574	19233	24999	0.7693508
3	3000001	3025000	9778	24999	24999	1.0000000
3	3025001	3050000	6782	24822	24999	0.9929197
3	3050001	3075000	24238	18137	24999	0.7255090
3	3075001	3100000	5826	19740	24999	0.7896316
3	3100001	3125000	15690	15064	24999	0.6025841
3	3125001	3150000	7292	19973	24999	0.7989520
3	3150001	3175000	6066	16009	24999	0.6403856
3	3175001	3200000	8548	14799	24999	0.5919837
3	3200001	3225000	18400	19177	24999	0.7671107
3	3225001	3250000	38640	22401	24999	0.8960758
3	3250001	3275000	6714	15760	24999	0.6304252
3	3275001	3300000	8964	12660	24999	0.5064203
3	3300001	3325000	9044	16559	24999	0.6623865
3	3325001	3350000	14132	19931	24999	0.7972719
3	3350001	3375000	32122	15969	24999	0.6387855
3	3375001	3400000	17828	11030	24999	0.4412177
3	3400001	3425000	17778	16188	24999	0.6475459
3	3425001	3450000	3982	15286	24999	0.6114644
3	3450001	3475000	1054	7718	24999	0.3087324
3	3475001	3500000	5374	13144	24999	0.5257810
3	3500001	3525000	14072	13470	24999	0.5388216
3	3525001	3550000	57126	17738	24999	0.7095484
3	3550001	3575000	8382	16868	24999	0.6747470
3	3575001	3600000	11006	19089	24999	0.7635905
3	3600001	3625000	10326	14979	24999	0.5991840
3	3625001	3650000	7928	8992	24999	0.3596944
3	3650001	3675000	14788	18304	24999	0.7321893
3	3675001	3700000	17498	21653	24999	0.8661547
3	3700001	3725000	9184	18310	24999	0.7324293
3	3725001	3750000	16286	21074	24999	0.8429937
3	3750001	3775000	32272	21935	24999	0.8774351
3	3775001	3800000	5602	19634	24999	0.7853914
3	3800001	3825000	17120	20445	24999	0.8178327
3	3825001	3850000	11718	15092	24999	0.6037042
3	3850001	3875000	15990	19442	24999	0.7777111
3	3875001	3900000	69686	24999	24999	1.0000000
3	3900001	3925000	9546	24999	24999	1.0000000
3	3925001	3950000	15382	24999	24999	1.0000000
3	3950001	3975000	7832	20189	24999	0.8075923
3	3975001	4000000	38434	18424	24999	0.7369895
3	4000001	4025000	64098	24999	24999	1.0000000
3	4025001	4050000	75186	24999	24999	1.0000000
3	4050001	4075000	226388	24999	24999	1.0000000
3	4075001	4100000	12530	24999	24999	1.0000000
3	4100001	4125000	61058	23473	24999	0.9389576
3	4125001	4150000	55116	22396	24999	0.8958758
3	4150001	4175000	40912	22067	24999	0.8827153
3	4175001	4200000	8396	22261	24999	0.8904756
3	4200001	4225000	17048	22031	24999	0.8812752
3	4225001	4250000	40042	20456	24999	0.8182727
3	4250001	4275000	9230	19971	24999	0.7988719
3	4275001	4300000	15786	22986	24999	0.9194768
3	4300001	4325000	13158	22449	24999	0.8979959
3	4325001	4350000	16376	24999	24999	1.0000000
3	4350001	4375000	27504	24999	24999	1.0000000
3	4375001	4400000	13708	24999	24999	1.0000000
3	4400001	4425000	4080	24999	24999	1.0000000
3	4425001	4450000	7090	24999	24999	1.0000000
3	4450001	4475000	12370	24999	24999	1.0000000
3	4475001	4500000	25236	24999	24999	1.0000000
3	4500001	4525000	37198	23298	24999	0.9319573
3	4525001	4550000	16690	19666	24999	0.7866715
3	4550001	4575000	18744	20633	24999	0.8253530
3	4575001	4600000	35342	21522	24999	0.8609144
3	4600001	4625000	12428	19509	24999	0.7803912
3	4625001	4650000	6462	21263	24999	0.8505540
3	4650001	4675000	17834	24999	24999	1.0000000
3	4675001	4700000	9476	24999	24999	1.0000000
3	4700001	4725000	15144	24999	24999	1.0000000
3	4725001	4750000	7098	24284	24999	0.9713988
3	4750001	4775000	14816	17074	24999	0.6829873
3	4775001	4800000	38136	13970	24999	0.5588223
3	4800001	4825000	153892	24300	24999	0.9720389
3	4825001	4850000	85922	24999	24999	1.0000000
3	4850001	4875000	22540	24999	24999	1.0000000
3	4875001	4900000	95844	24999	24999	1.0000000
3	4900001	4925000	16700	24999	24999	1.0000000
3	4925001	4950000	8580	24999	24999	1.0000000
3	4950001	4975000	23134	24999	24999	1.0000000
3	4975001	5000000	32478	24729	24999	0.9891996
3	5000001	5025000	16178	24999	24999	1.0000000
3	5025001	5050000	10496	24999	24999	1.0000000
3	5050001	5075000	17098	24999	24999	1.0000000
3	5075001	5100000	16858	24999	24999	1.0000000
3	5100001	5125000	14208	24999	24999	1.0000000
3	5125001	5150000	11560	24999	24999	1.0000000
3	5150001	5175000	10252	24999	24999	1.0000000
3	5175001	5200000	22786	24999	24999	1.0000000
3	5200001	5225000	13386	24999	24999	1.0000000
3	5225001	5250000	31746	24999	24999	1.0000000
3	5250001	5275000	21074	24999	24999	1.0000000
3	5275001	5300000	80528	21139	24999	0.8455938
3	5300001	5325000	10190	20688	24999	0.8275531
3	5325001	5350000	20002	21903	24999	0.8761550
3	5350001	5375000	58	334	24999	0.0133605
3	5375001	5400000	0	0	24999	0.0000000
3	5400001	5425000	9044	18663	24999	0.7465498
3	5425001	5450000	23548	23731	24999	0.9492780
3	5450001	5475000	62754	18465	24999	0.7386295
3	5475001	5500000	48528	21919	24999	0.8767951
3	5500001	5525000	24056	20111	24999	0.8044722
3	5525001	5550000	10372	14471	24999	0.5788631
3	5550001	5575000	22870	18697	24999	0.7479099
3	5575001	5600000	4464	17395	24999	0.6958278
3	5600001	5625000	38856	17166	24999	0.6866674
3	5625001	5650000	65986	16732	24999	0.6693068
3	5650001	5675000	20114	21290	24999	0.8516341
3	5675001	5700000	6290	15743	24999	0.6297452
3	5700001	5725000	29136	19371	24999	0.7748710
3	5725001	5750000	29278	19563	24999	0.7825513
3	5750001	5775000	14414	19710	24999	0.7884315
3	5775001	5800000	115862	24999	24999	1.0000000
3	5800001	5825000	31986	23175	24999	0.9270371
3	5825001	5850000	8836	22046	24999	0.8818753
3	5850001	5875000	53846	16281	24999	0.6512660
3	5875001	5900000	72540	24597	24999	0.9839194
3	5900001	5925000	12638	24999	24999	1.0000000
3	5925001	5950000	19530	24999	24999	1.0000000
3	5950001	5975000	27310	24999	24999	1.0000000
3	5975001	6000000	15670	24999	24999	1.0000000
3	6000001	6025000	12588	24999	24999	1.0000000
3	6025001	6050000	15504	24999	24999	1.0000000
3	6050001	6075000	71038	19883	24999	0.7953518
3	6075001	6100000	4886	13642	24999	0.5457018
3	6100001	6125000	15776	17329	24999	0.6931877
3	6125001	6150000	9088	19342	24999	0.7737110
3	6150001	6175000	142490	20960	24999	0.8384336
3	6175001	6200000	8882	19801	24999	0.7920717
3	6200001	6225000	18550	16035	24999	0.6414257
3	6225001	6250000	42172	23388	24999	0.9355574
3	6250001	6275000	23060	19133	24999	0.7653506
3	6275001	6300000	162	5385	24999	0.2154086
3	6300001	6325000	158	2390	24999	0.0956038
3	6325001	6350000	2304	15254	24999	0.6101844
3	6350001	6375000	6194	9515	24999	0.3806152
3	6375001	6400000	5962	13529	24999	0.5411816
3	6400001	6425000	102408	20395	24999	0.8158326
3	6425001	6450000	25982	23133	24999	0.9253570
3	6450001	6475000	10332	11903	24999	0.4761390
3	6475001	6500000	9116	11099	24999	0.4439778
3	6500001	6525000	23320	11567	24999	0.4626985
3	6525001	6550000	27650	22379	24999	0.8951958
3	6550001	6575000	3722	13157	24999	0.5263010
3	6575001	6600000	3552	12423	24999	0.4969399
3	6600001	6625000	1860	10464	24999	0.4185767
3	6625001	6650000	13004	9301	24999	0.3720549
3	6650001	6675000	3590	10584	24999	0.4233769
3	6675001	6700000	2150	10103	24999	0.4041362
3	6700001	6725000	4900	7852	24999	0.3140926
3	6725001	6750000	18436	18477	24999	0.7391096
3	6750001	6775000	2260	16810	24999	0.6724269
3	6775001	6800000	16032	10063	24999	0.4025361
3	6800001	6825000	10592	12126	24999	0.4850594
3	6825001	6850000	21272	9913	24999	0.3965359
3	6850001	6875000	8748	17035	24999	0.6814272
3	6875001	6900000	8878	13898	24999	0.5559422
3	6900001	6925000	4458	15642	24999	0.6257050
3	6925001	6950000	5332	11310	24999	0.4524181
3	6950001	6975000	1806	10768	24999	0.4307372
3	6975001	7000000	6530	14045	24999	0.5618225
3	7000001	7025000	1086	7183	24999	0.2873315
3	7025001	7050000	156	3815	24999	0.1526061
3	7050001	7075000	10202	11297	24999	0.4518981
3	7075001	7100000	8080	15670	24999	0.6268251
3	7100001	7125000	938	12751	24999	0.5100604
3	7125001	7150000	874	13827	24999	0.5531021
3	7150001	7175000	4908	15227	24999	0.6091043
3	7175001	7200000	3754	15170	24999	0.6068243
3	7200001	7225000	36340	16236	24999	0.6494660
3	7225001	7250000	11404	12610	24999	0.5044202
3	7250001	7275000	1574	9866	24999	0.3946558
3	7275001	7300000	3338	8867	24999	0.3546942
3	7300001	7325000	492	8586	24999	0.3434537
3	7325001	7350000	2074	10380	24999	0.4152166
3	7350001	7375000	10864	8157	24999	0.3262931
3	7375001	7400000	109782	14455	24999	0.5782231
3	7400001	7425000	1536	14095	24999	0.5638226
3	7425001	7450000	572	10244	24999	0.4097764
3	7450001	7475000	4138	14962	24999	0.5985039
3	7475001	7500000	3102	14661	24999	0.5864635
3	7500001	7525000	8040	12132	24999	0.4852994
3	7525001	7550000	6046	20058	24999	0.8023521
3	7550001	7575000	5752	8598	24999	0.3439338
3	7575001	7600000	15252	20255	24999	0.8102324
3	7600001	7625000	27898	10144	24999	0.4057762
3	7625001	7650000	9854	24812	24999	0.9925197
3	7650001	7675000	24480	24999	24999	1.0000000
3	7675001	7700000	4812	24999	24999	1.0000000
3	7700001	7725000	4640	10680	24999	0.4272171
3	7725001	7750000	1676	9964	24999	0.3985759
3	7750001	7775000	3410	10410	24999	0.4164166
3	7775001	7800000	2896	1214	24999	0.0485619
4	1	25000	5350	9426	24999	0.3770551
4	25001	50000	298	6129	24999	0.2451698
4	50001	75000	2220	11214	24999	0.4485779
4	75001	100000	4306	7769	24999	0.3107724
4	100001	125000	13130	14433	24999	0.5773431
4	125001	150000	4590	7718	24999	0.3087324
4	150001	175000	3040	7862	24999	0.3144926
4	175001	200000	6526	7333	24999	0.2933317
4	200001	225000	918	5834	24999	0.2333693
4	225001	250000	19464	19824	24999	0.7929917
4	250001	275000	9700	17053	24999	0.6821473
4	275001	300000	15906	19573	24999	0.7829513
4	300001	325000	10170	15796	24999	0.6318653
4	325001	350000	21454	21691	24999	0.8676747
4	350001	375000	12354	18802	24999	0.7521101
4	375001	400000	12582	21869	24999	0.8747950
4	400001	425000	14690	24999	24999	1.0000000
4	425001	450000	13412	24999	24999	1.0000000
4	450001	475000	4870	24999	24999	1.0000000
4	475001	500000	27226	23902	24999	0.9561182
4	500001	525000	55808	24999	24999	1.0000000
4	525001	550000	17080	24999	24999	1.0000000
4	550001	575000	11976	24999	24999	1.0000000
4	575001	600000	17792	24999	24999	1.0000000
4	600001	625000	13990	24999	24999	1.0000000
4	625001	650000	12936	24999	24999	1.0000000
4	650001	675000	10502	24999	24999	1.0000000
4	675001	700000	10476	24999	24999	1.0000000
4	700001	725000	34434	24999	24999	1.0000000
4	725001	750000	6100	24999	24999	1.0000000
4	750001	775000	82466	24999	24999	1.0000000
4	775001	800000	11238	24999	24999	1.0000000
4	800001	825000	52660	24999	24999	1.0000000
4	825001	850000	15670	24999	24999	1.0000000
4	850001	875000	20844	24999	24999	1.0000000
4	875001	900000	40006	24999	24999	1.0000000
4	900001	925000	51130	24999	24999	1.0000000
4	925001	950000	19676	21182	24999	0.8473139
4	950001	975000	18236	24999	24999	1.0000000
4	975001	1000000	13424	24152	24999	0.9661186
4	1000001	1025000	4288	19268	24999	0.7707508
4	1025001	1050000	12130	24999	24999	1.0000000
4	1050001	1075000	30880	24999	24999	1.0000000
4	1075001	1100000	5936	24999	24999	1.0000000
4	1100001	1125000	44842	24999	24999	1.0000000
4	1125001	1150000	10988	24999	24999	1.0000000
4	1150001	1175000	18790	24999	24999	1.0000000
4	1175001	1200000	7462	24999	24999	1.0000000
4	1200001	1225000	11806	24999	24999	1.0000000
4	1225001	1250000	10122	24999	24999	1.0000000
4	1250001	1275000	20176	24999	24999	1.0000000
4	1275001	1300000	60352	24999	24999	1.0000000
4	1300001	1325000	11998	24999	24999	1.0000000
4	1325001	1350000	15622	24999	24999	1.0000000
4	1350001	1375000	89660	23580	24999	0.9432377
4	1375001	1400000	10898	19355	24999	0.7742310
4	1400001	1425000	71608	24999	24999	1.0000000
4	1425001	1450000	79774	24999	24999	1.0000000
4	1450001	1475000	44304	24999	24999	1.0000000
4	1475001	1500000	13090	24999	24999	1.0000000
4	1500001	1525000	23094	24999	24999	1.0000000
4	1525001	1550000	33664	24999	24999	1.0000000
4	1550001	1575000	14496	24999	24999	1.0000000
4	1575001	1600000	8060	24999	24999	1.0000000
4	1600001	1625000	95912	24999	24999	1.0000000
4	1625001	1650000	12644	24999	24999	1.0000000
4	1650001	1675000	19298	24999	24999	1.0000000
4	1675001	1700000	57512	24999	24999	1.0000000
4	1700001	1725000	81952	24999	24999	1.0000000
4	1725001	1750000	100576	24999	24999	1.0000000
4	1750001	1775000	10404	24999	24999	1.0000000
4	1775001	1800000	12326	24999	24999	1.0000000
4	1800001	1825000	29550	24999	24999	1.0000000
4	1825001	1850000	16554	24999	24999	1.0000000
4	1850001	1875000	17022	24999	24999	1.0000000
4	1875001	1900000	9194	24999	24999	1.0000000
4	1900001	1925000	11206	24999	24999	1.0000000
4	1925001	1950000	7860	24999	24999	1.0000000
4	1950001	1975000	6546	24999	24999	1.0000000
4	1975001	2000000	16942	24999	24999	1.0000000
4	2000001	2025000	31416	24999	24999	1.0000000
4	2025001	2050000	21112	24999	24999	1.0000000
4	2050001	2075000	13726	24999	24999	1.0000000
4	2075001	2100000	10876	24999	24999	1.0000000
4	2100001	2125000	17392	24999	24999	1.0000000
4	2125001	2150000	50636	24976	24999	0.9990799
4	2150001	2175000	16720	21721	24999	0.8688747
4	2175001	2200000	14714	19409	24999	0.7763910
4	2200001	2225000	7438	18995	24999	0.7598304
4	2225001	2250000	21014	16252	24999	0.6501060
4	2250001	2275000	37236	19408	24999	0.7763510
4	2275001	2300000	15022	21645	24999	0.8658347
4	2300001	2325000	19510	24521	24999	0.9808792
4	2325001	2350000	13524	24999	24999	1.0000000
4	2350001	2375000	11166	24999	24999	1.0000000
4	2375001	2400000	12282	24999	24999	1.0000000
4	2400001	2425000	15822	24999	24999	1.0000000
4	2425001	2450000	19752	24999	24999	1.0000000
4	2450001	2475000	10124	24999	24999	1.0000000
4	2475001	2500000	7386	24999	24999	1.0000000
4	2500001	2525000	24352	24999	24999	1.0000000
4	2525001	2550000	297270	24999	24999	1.0000000
4	2550001	2575000	5942	24999	24999	1.0000000
4	2575001	2600000	19956	24999	24999	1.0000000
4	2600001	2625000	17318	24999	24999	1.0000000
4	2625001	2650000	8228	24999	24999	1.0000000
4	2650001	2675000	103490	24999	24999	1.0000000
4	2675001	2700000	14682	22304	24999	0.8921957
4	2700001	2725000	16742	24820	24999	0.9928397
4	2725001	2750000	9294	24999	24999	1.0000000
4	2750001	2775000	27180	24819	24999	0.9927997
4	2775001	2800000	11224	14267	24999	0.5707029
4	2800001	2825000	10020	21663	24999	0.8665547
4	2825001	2850000	14494	19133	24999	0.7653506
4	2850001	2875000	29118	19221	24999	0.7688708
4	2875001	2900000	22480	20319	24999	0.8127925
4	2900001	2925000	17040	22213	24999	0.8885555
4	2925001	2950000	6286	22555	24999	0.9022361
4	2950001	2975000	9478	20528	24999	0.8211529
4	2975001	3000000	9686	19350	24999	0.7740310
4	3000001	3025000	19968	23349	24999	0.9339973
4	3025001	3050000	96442	23997	24999	0.9599184
4	3050001	3075000	17366	16726	24999	0.6690668
4	3075001	3100000	21338	19381	24999	0.7752710
4	3100001	3125000	16050	21802	24999	0.8721149
4	3125001	3150000	12182	24999	24999	1.0000000
4	3150001	3175000	25576	24999	24999	1.0000000
4	3175001	3200000	90104	24999	24999	1.0000000
4	3200001	3225000	5710	24999	24999	1.0000000
4	3225001	3250000	17764	24999	24999	1.0000000
4	3250001	3275000	3188	24999	24999	1.0000000
4	3275001	3300000	23354	24999	24999	1.0000000
4	3300001	3325000	10844	24999	24999	1.0000000
4	3325001	3350000	27574	24999	24999	1.0000000
4	3350001	3375000	25000	24999	24999	1.0000000
4	3375001	3400000	75956	24999	24999	1.0000000
4	3400001	3425000	42534	24999	24999	1.0000000
4	3425001	3450000	13606	24999	24999	1.0000000
4	3450001	3475000	29694	24999	24999	1.0000000
4	3475001	3500000	20290	24999	24999	1.0000000
4	3500001	3525000	17610	24999	24999	1.0000000
4	3525001	3550000	50034	24999	24999	1.0000000
4	3550001	3575000	10324	24999	24999	1.0000000
4	3575001	3600000	10628	24999	24999	1.0000000
4	3600001	3625000	42814	24999	24999	1.0000000
4	3625001	3650000	103604	24999	24999	1.0000000
4	3650001	3675000	10534	24999	24999	1.0000000
4	3675001	3700000	9100	24999	24999	1.0000000
4	3700001	3725000	12150	24999	24999	1.0000000
4	3725001	3750000	13262	24999	24999	1.0000000
4	3750001	3775000	10722	24999	24999	1.0000000
4	3775001	3800000	55426	17426	24999	0.6970679
4	3800001	3825000	32838	20444	24999	0.8177927
4	3825001	3850000	8662	20477	24999	0.8191128
4	3850001	3875000	35542	20606	24999	0.8242730
4	3875001	3900000	16148	16826	24999	0.6730669
4	3900001	3925000	11250	9945	24999	0.3978159
4	3925001	3950000	4626	14460	24999	0.5784231
4	3950001	3975000	52418	17230	24999	0.6892276
4	3975001	4000000	6234	14539	24999	0.5815833
4	4000001	4025000	3462	17698	24999	0.7079483
4	4025001	4050000	11090	16187	24999	0.6475059
4	4050001	4075000	2610	18258	24999	0.7303492
4	4075001	4100000	66688	24999	24999	1.0000000
4	4100001	4125000	4978	24999	24999	1.0000000
4	4125001	4150000	20676	21836	24999	0.8734750
4	4150001	4175000	6324	13270	24999	0.5308212
4	4175001	4200000	4890	13679	24999	0.5471819
4	4200001	4225000	3602	14095	24999	0.5638226
4	4225001	4250000	8046	11739	24999	0.4695788
4	4250001	4275000	3950	24999	24999	1.0000000
4	4275001	4300000	686	24999	24999	1.0000000
4	4300001	4325000	172	24999	24999	1.0000000
4	4325001	4350000	232	24999	24999	1.0000000
4	4350001	4375000	109646	24999	24999	1.0000000
4	4375001	4400000	1832	24999	24999	1.0000000
4	4400001	4425000	378	24999	24999	1.0000000
4	4425001	4450000	16524	24999	24999	1.0000000
4	4450001	4475000	6540	24999	24999	1.0000000
4	4475001	4500000	3788	24999	24999	1.0000000
4	4500001	4525000	15490	24999	24999	1.0000000
4	4525001	4550000	704	24999	24999	1.0000000
4	4550001	4575000	10190	24999	24999	1.0000000
4	4575001	4600000	1936	24999	24999	1.0000000
4	4600001	4625000	92716	24999	24999	1.0000000
4	4625001	4650000	6782	24999	24999	1.0000000
4	4650001	4675000	1326	24999	24999	1.0000000
4	4675001	4700000	10656	24999	24999	1.0000000
4	4700001	4725000	163290	24999	24999	1.0000000
4	4725001	4750000	30564	24999	24999	1.0000000
4	4750001	4775000	9246	24999	24999	1.0000000
4	4775001	4800000	4774	24999	24999	1.0000000
4	4800001	4825000	22482	24999	24999	1.0000000
4	4825001	4850000	61740	20030	24999	0.8012320
4	4850001	4875000	5628	14217	24999	0.5687028
4	4875001	4900000	11760	17859	24999	0.7143885
4	4900001	4925000	9604	17493	24999	0.6997480
4	4925001	4950000	19414	20558	24999	0.8223529
4	4950001	4975000	24316	20891	24999	0.8356735
4	4975001	5000000	42346	20870	24999	0.8348334
4	5000001	5025000	34922	22533	24999	0.9013560
4	5025001	5050000	16410	15323	24999	0.6129445
4	5050001	5075000	0	0	24999	0.0000000
4	5075001	5100000	0	0	24999	0.0000000
4	5100001	5125000	46378	17667	24999	0.7067083
4	5125001	5150000	21814	20457	24999	0.8183127
4	5150001	5175000	31164	20622	24999	0.8249130
4	5175001	5200000	40388	20334	24999	0.8133925
4	5200001	5225000	24012	18391	24999	0.7356694
4	5225001	5250000	22966	21670	24999	0.8668347
4	5250001	5275000	11788	18045	24999	0.7218289
4	5275001	5300000	5228	17565	24999	0.7026281
4	5300001	5325000	13878	22023	24999	0.8809552
4	5325001	5350000	14060	23593	24999	0.9437578
4	5350001	5375000	19614	24999	24999	1.0000000
4	5375001	5400000	20924	24999	24999	1.0000000
4	5400001	5425000	8870	24999	24999	1.0000000
4	5425001	5450000	7762	24999	24999	1.0000000
4	5450001	5475000	16064	24999	24999	1.0000000
4	5475001	5500000	61496	24999	24999	1.0000000
4	5500001	5525000	46254	24999	24999	1.0000000
4	5525001	5550000	13210	24999	24999	1.0000000
4	5550001	5575000	8922	24999	24999	1.0000000
4	5575001	5600000	24870	24999	24999	1.0000000
4	5600001	5625000	17910	24999	24999	1.0000000
4	5625001	5650000	4172	24999	24999	1.0000000
4	5650001	5675000	11860	24999	24999	1.0000000
4	5675001	5700000	101312	24999	24999	1.0000000
4	5700001	5725000	19270	24999	24999	1.0000000
4	5725001	5750000	8052	24999	24999	1.0000000
4	5750001	5775000	33562	24999	24999	1.0000000
4	5775001	5800000	19558	24999	24999	1.0000000
4	5800001	5825000	17086	22746	24999	0.9098764
4	5825001	5850000	15394	24999	24999	1.0000000
4	5850001	5875000	53498	24999	24999	1.0000000
4	5875001	5900000	11662	24999	24999	1.0000000
4	5900001	5925000	42416	24999	24999	1.0000000
4	5925001	5950000	18446	24999	24999	1.0000000
4	5950001	5975000	16502	21324	24999	0.8529941
4	5975001	6000000	6224	19445	24999	0.7778311
4	6000001	6025000	29656	21009	24999	0.8403936
4	6025001	6050000	19700	22087	24999	0.8835154
4	6050001	6075000	160286	23794	24999	0.9517981
4	6075001	6100000	31196	21327	24999	0.8531141
4	6100001	6125000	16656	18338	24999	0.7335494
4	6125001	6150000	81662	22969	24999	0.9187968
4	6150001	6175000	22508	17679	24999	0.7071883
4	6175001	6200000	14050	21330	24999	0.8532341
4	6200001	6225000	25724	19211	24999	0.7684708
4	6225001	6250000	14398	19346	24999	0.7738709
4	6250001	6275000	9452	18587	24999	0.7435098
4	6275001	6300000	16586	21831	24999	0.8732749
4	6300001	6325000	27156	18848	24999	0.7539502
4	6325001	6350000	22894	24999	24999	1.0000000
4	6350001	6375000	20294	24999	24999	1.0000000
4	6375001	6400000	15568	23184	24999	0.9273971
4	6400001	6425000	61820	22361	24999	0.8944758
4	6425001	6450000	29048	23685	24999	0.9474379
4	6450001	6475000	24122	24653	24999	0.9861594
4	6475001	6500000	9452	21172	24999	0.8469139
4	6500001	6525000	15598	16216	24999	0.6486660
4	6525001	6550000	442	6881	24999	0.2752510
4	6550001	6575000	37204	16591	24999	0.6636665
4	6575001	6600000	22806	19179	24999	0.7671907
4	6600001	6625000	12148	20644	24999	0.8257930
4	6625001	6650000	4946	11568	24999	0.4627385
4	6650001	6675000	3084	18625	24999	0.7450298
4	6675001	6700000	18324	21422	24999	0.8569143
4	6700001	6725000	10080	14826	24999	0.5930637
4	6725001	6750000	30824	18590	24999	0.7436298
4	6750001	6775000	11090	18293	24999	0.7317493
4	6775001	6800000	57204	16228	24999	0.6491460
4	6800001	6825000	17670	13605	24999	0.5442218
4	6825001	6850000	2982	14063	24999	0.5625425
4	6850001	6875000	13924	17562	24999	0.7025081
4	6875001	6900000	6812	14022	24999	0.5609024
4	6900001	6925000	10474	18012	24999	0.7205088
4	6925001	6950000	25812	19501	24999	0.7800712
4	6950001	6975000	10088	17317	24999	0.6927077
4	6975001	7000000	11110	20940	24999	0.8376335
4	7000001	7025000	16112	16690	24999	0.6676267
4	7025001	7050000	24932	10547	24999	0.4218969
4	7050001	7075000	30044	17010	24999	0.6804272
4	7075001	7100000	7016	15244	24999	0.6097844
4	7100001	7125000	35492	19598	24999	0.7839513
4	7125001	7150000	17624	20464	24999	0.8185927
4	7150001	7175000	16652	16460	24999	0.6584263
4	7175001	7200000	14314	22336	24999	0.8934757
4	7200001	7225000	26008	20409	24999	0.8163927
4	7225001	7250000	14742	20466	24999	0.8186728
4	7250001	7275000	18198	21415	24999	0.8566343
4	7275001	7300000	18820	16457	24999	0.6583064
4	7300001	7325000	7204	15105	24999	0.6042241
4	7325001	7350000	6860	9813	24999	0.3925357
4	7350001	7375000	2800	10506	24999	0.4202568
4	7375001	7400000	4278	13683	24999	0.5473419
4	7400001	7425000	9430	18513	24999	0.7405496
4	7425001	7450000	15792	15326	24999	0.6130645
4	7450001	7475000	3048	13495	24999	0.5398216
4	7475001	7500000	2872	10484	24999	0.4193768
4	7500001	7525000	2348	17876	24999	0.7150686
4	7525001	7550000	2288	15175	24999	0.6070243
4	7550001	7575000	386	9108	24999	0.3643346
4	7575001	7600000	2978	12912	24999	0.5165007
4	7600001	7625000	2094	9321	24999	0.3728549
4	7625001	7650000	4828	12811	24999	0.5124605
4	7650001	7675000	126454	18419	24999	0.7367895
4	7675001	7700000	3408	9616	24999	0.3846554
4	7700001	7725000	6984	16065	24999	0.6426257
4	7725001	7750000	35832	21405	24999	0.8562343
4	7750001	7775000	12450	17932	24999	0.7173087
4	7775001	7800000	4396	15741	24999	0.6296652
4	7800001	7825000	23092	19071	24999	0.7628705
4	7825001	7850000	29098	20001	24999	0.8000720
4	7850001	7875000	24992	22620	24999	0.9048362
4	7875001	7900000	10748	18692	24999	0.7477099
4	7900001	7925000	37486	22321	24999	0.8928757
4	7925001	7950000	17408	17824	24999	0.7129885
4	7950001	7975000	15742	21173	24999	0.8469539
4	7975001	8000000	9244	20900	24999	0.8360335
4	8000001	8025000	5016	10325	24999	0.4130165
4	8025001	8050000	0	0	24999	0.0000000
4	8050001	8075000	0	0	24999	0.0000000
4	8075001	8100000	0	0	24999	0.0000000
4	8100001	8125000	0	0	24999	0.0000000
4	8125001	8150000	0	0	24999	0.0000000
4	8150001	8175000	0	0	24999	0.0000000
4	8175001	8200000	0	0	24999	0.0000000
4	8200001	8225000	0	0	24999	0.0000000
4	8225001	8250000	0	0	24999	0.0000000
4	8250001	8275000	0	0	24999	0.0000000
4	8275001	8300000	0	0	24999	0.0000000
4	8300001	8325000	0	0	24999	0.0000000
4	8325001	8350000	0	0	24999	0.0000000
4	8350001	8375000	0	0	24999	0.0000000
4	8375001	8400000	0	0	24999	0.0000000
4	8400001	8425000	0	0	24999	0.0000000
4	8425001	8450000	0	0	24999	0.0000000
4	8450001	8475000	0	0	24999	0.0000000
4	8475001	8500000	0	0	24999	0.0000000
4	8500001	8525000	0	0	24999	0.0000000
4	8525001	8550000	0	0	24999	0.0000000
4	8550001	8575000	0	0	24999	0.0000000
4	8575001	8600000	0	0	24999	0.0000000
4	8600001	8625000	0	0	24999	0.0000000
4	8625001	8650000	0	0	24999	0.0000000
4	8650001	8675000	0	0	24999	0.0000000
4	8675001	8700000	0	0	24999	0.0000000
4	8700001	8725000	0	0	24999	0.0000000
4	8725001	8750000	0	0	24999	0.0000000
4	8750001	8775000	0	0	24999	0.0000000
4	8775001	8800000	0	0	24999	0.0000000
4	8800001	8825000	0	0	24999	0.0000000
4	8825001	8850000	0	0	24999	0.0000000
4	8850001	8875000	0	0	24999	0.0000000
4	8875001	8900000	0	0	24999	0.0000000
4	8900001	8925000	0	0	24999	0.0000000
4	8925001	8950000	0	0	24999	0.0000000
4	8950001	8975000	0	0	24999	0.0000000
4	8975001	9000000	0	0	24999	0.0000000
4	9000001	9025000	0	0	24999	0.0000000
4	9025001	9050000	0	0	24999	0.0000000
4	9050001	9075000	0	0	24999	0.0000000
4	9075001	9100000	0	0	24999	0.0000000
4	9100001	9125000	0	0	24999	0.0000000
4	9125001	9150000	0	0	24999	0.0000000
4	9150001	9175000	0	0	24999	0.0000000
4	9175001	9200000	0	0	24999	0.0000000
4	9200001	9225000	0	0	24999	0.0000000
4	9225001	9250000	0	0	24999	0.0000000
4	9250001	9275000	0	0	24999	0.0000000
4	9275001	9300000	0	0	24999	0.0000000
4	9300001	9325000	0	0	24999	0.0000000
4	9325001	9350000	0	0	24999	0.0000000
4	9350001	9375000	0	0	24999	0.0000000
4	9375001	9400000	130	4404	24999	0.1761670
4	9400001	9425000	6	4211	24999	0.1684467
