1	1	25000	83	5011	24999	0.2004480
1	25001	50000	207	4744	24999	0.1897676
1	50001	75000	348	7788	24999	0.3115325
1	75001	100000	421	8046	24999	0.3218529
1	100001	125000	1944	13762	24999	0.5505020
1	125001	150000	869	9378	24999	0.3751350
1	150001	175000	331	10392	24999	0.4156966
1	175001	200000	80	5705	24999	0.2282091
1	200001	225000	179	2105	24999	0.0842034
1	225001	250000	323	5681	24999	0.2272491
1	250001	275000	9456	8875	24999	0.3550142
1	275001	300000	7821	14627	24999	0.5851034
1	300001	325000	280	5763	24999	0.2305292
1	325001	350000	149	5211	24999	0.2084483
1	350001	375000	2307	12255	24999	0.4902196
1	375001	400000	1002	12252	24999	0.4900996
1	400001	425000	11240	16166	24999	0.6466659
1	425001	450000	326	6398	24999	0.2559302
1	450001	475000	9848	13888	24999	0.5555422
1	475001	500000	566	15583	24999	0.6233450
1	500001	525000	2053	24999	24999	1.0000000
1	525001	550000	2411	24999	24999	1.0000000
1	550001	575000	13041	24999	24999	1.0000000
1	575001	600000	5138	24999	24999	1.0000000
1	600001	625000	10109	24999	24999	1.0000000
1	625001	650000	42009	23990	24999	0.9596384
1	650001	675000	2979	24999	24999	1.0000000
1	675001	700000	1695	24999	24999	1.0000000
1	700001	725000	21158	24999	24999	1.0000000
1	725001	750000	1173	24999	24999	1.0000000
1	750001	775000	12918	19157	24999	0.7663106
1	775001	800000	7305	18698	24999	0.7479499
1	800001	825000	21196	16796	24999	0.6718669
1	825001	850000	4696	24999	24999	1.0000000
1	850001	875000	24050	24999	24999	1.0000000
1	875001	900000	33989	24999	24999	1.0000000
1	900001	925000	25522	24184	24999	0.9673987
1	925001	950000	18250	23584	24999	0.9433978
1	950001	975000	21188	24999	24999	1.0000000
1	975001	1000000	18034	24999	24999	1.0000000
1	1000001	1025000	4666	24999	24999	1.0000000
1	1025001	1050000	19718	24999	24999	1.0000000
1	1050001	1075000	31114	24999	24999	1.0000000
1	1075001	1100000	5533	24999	24999	1.0000000
1	1100001	1125000	9705	24999	24999	1.0000000
1	1125001	1150000	9528	24999	24999	1.0000000
1	1150001	1175000	8726	24999	24999	1.0000000
1	1175001	1200000	36807	24999	24999	1.0000000
1	1200001	1225000	26917	24999	24999	1.0000000
1	1225001	1250000	36442	24999	24999	1.0000000
1	1250001	1275000	35369	24999	24999	1.0000000
1	1275001	1300000	18515	24999	24999	1.0000000
1	1300001	1325000	11530	24999	24999	1.0000000
1	1325001	1350000	33400	24999	24999	1.0000000
1	1350001	1375000	20541	24999	24999	1.0000000
1	1375001	1400000	54987	24999	24999	1.0000000
1	1400001	1425000	43059	24999	24999	1.0000000
1	1425001	1450000	40261	24999	24999	1.0000000
1	1450001	1475000	26385	24999	24999	1.0000000
1	1475001	1500000	30254	24999	24999	1.0000000
1	1500001	1525000	8982	24999	24999	1.0000000
1	1525001	1550000	188805	24999	24999	1.0000000
1	1550001	1575000	114745	24999	24999	1.0000000
1	1575001	1600000	12395	24999	24999	1.0000000
1	1600001	1625000	23764	24999	24999	1.0000000
1	1625001	1650000	50330	24999	24999	1.0000000
1	1650001	1675000	7180	24999	24999	1.0000000
1	1675001	1700000	21500	24999	24999	1.0000000
1	1700001	1725000	34718	24999	24999	1.0000000
1	1725001	1750000	5061	24999	24999	1.0000000
1	1750001	1775000	18824	24999	24999	1.0000000
1	1775001	1800000	7665	24999	24999	1.0000000
1	1800001	1825000	10803	24999	24999	1.0000000
1	1825001	1850000	8052	24999	24999	1.0000000
1	1850001	1875000	44060	24999	24999	1.0000000
1	1875001	1900000	25724	24999	24999	1.0000000
1	1900001	1925000	25726	24999	24999	1.0000000
1	1925001	1950000	27008	24999	24999	1.0000000
1	1950001	1975000	11311	24999	24999	1.0000000
1	1975001	2000000	5020	24999	24999	1.0000000
1	2000001	2025000	10894	24999	24999	1.0000000
1	2025001	2050000	31846	24999	24999	1.0000000
1	2050001	2075000	23457	24999	24999	1.0000000
1	2075001	2100000	11029	24999	24999	1.0000000
1	2100001	2125000	11166	24999	24999	1.0000000
1	2125001	2150000	17599	24999	24999	1.0000000
1	2150001	2175000	13312	24999	24999	1.0000000
1	2175001	2200000	10335	24999	24999	1.0000000
1	2200001	2225000	23822	24999	24999	1.0000000
1	2225001	2250000	18303	24999	24999	1.0000000
1	2250001	2275000	30861	24999	24999	1.0000000
1	2275001	2300000	20738	24999	24999	1.0000000
1	2300001	2325000	26800	24999	24999	1.0000000
1	2325001	2350000	38868	24999	24999	1.0000000
1	2350001	2375000	20580	24999	24999	1.0000000
1	2375001	2400000	21474	24999	24999	1.0000000
1	2400001	2425000	15568	24999	24999	1.0000000
1	2425001	2450000	17036	24999	24999	1.0000000
1	2450001	2475000	18191	24999	24999	1.0000000
1	2475001	2500000	53847	24999	24999	1.0000000
1	2500001	2525000	100299	24999	24999	1.0000000
1	2525001	2550000	76840	24999	24999	1.0000000
1	2550001	2575000	106153	24999	24999	1.0000000
1	2575001	2600000	8797	24999	24999	1.0000000
1	2600001	2625000	138791	24999	24999	1.0000000
1	2625001	2650000	20360	24999	24999	1.0000000
1	2650001	2675000	19489	24999	24999	1.0000000
1	2675001	2700000	7675	24999	24999	1.0000000
1	2700001	2725000	13659	24999	24999	1.0000000
1	2725001	2750000	98713	24999	24999	1.0000000
1	2750001	2775000	20365	24999	24999	1.0000000
1	2775001	2800000	47930	24999	24999	1.0000000
1	2800001	2825000	65796	24999	24999	1.0000000
1	2825001	2850000	33823	24999	24999	1.0000000
1	2850001	2875000	16709	24999	24999	1.0000000
1	2875001	2900000	20351	24999	24999	1.0000000
1	2900001	2925000	14470	24999	24999	1.0000000
1	2925001	2950000	10277	24999	24999	1.0000000
1	2950001	2975000	36271	24999	24999	1.0000000
1	2975001	3000000	12309	24999	24999	1.0000000
1	3000001	3025000	19674	24999	24999	1.0000000
1	3025001	3050000	20733	24999	24999	1.0000000
1	3050001	3075000	11458	24999	24999	1.0000000
1	3075001	3100000	11149	24999	24999	1.0000000
1	3100001	3125000	5168	24999	24999	1.0000000
1	3125001	3150000	35147	24999	24999	1.0000000
1	3150001	3175000	4876	24999	24999	1.0000000
1	3175001	3200000	12944	24999	24999	1.0000000
1	3200001	3225000	6972	24999	24999	1.0000000
1	3225001	3250000	45035	24999	24999	1.0000000
1	3250001	3275000	50768	24999	24999	1.0000000
1	3275001	3300000	19845	24999	24999	1.0000000
1	3300001	3325000	6194	24999	24999	1.0000000
1	3325001	3350000	41410	24999	24999	1.0000000
1	3350001	3375000	47959	24999	24999	1.0000000
1	3375001	3400000	13844	24999	24999	1.0000000
1	3400001	3425000	5179	24999	24999	1.0000000
1	3425001	3450000	3526	24999	24999	1.0000000
1	3450001	3475000	16133	24999	24999	1.0000000
1	3475001	3500000	16729	24999	24999	1.0000000
1	3500001	3525000	139904	24999	24999	1.0000000
1	3525001	3550000	37847	24999	24999	1.0000000
1	3550001	3575000	46330	24999	24999	1.0000000
1	3575001	3600000	4193	24999	24999	1.0000000
1	3600001	3625000	6564	24999	24999	1.0000000
1	3625001	3650000	34612	24999	24999	1.0000000
1	3650001	3675000	19765	24999	24999	1.0000000
1	3675001	3700000	25553	24999	24999	1.0000000
1	3700001	3725000	11281	24999	24999	1.0000000
1	3725001	3750000	22414	24999	24999	1.0000000
1	3750001	3775000	17622	24999	24999	1.0000000
1	3775001	3800000	22712	24999	24999	1.0000000
1	3800001	3825000	26343	24999	24999	1.0000000
1	3825001	3850000	13186	24999	24999	1.0000000
1	3850001	3875000	15305	24999	24999	1.0000000
1	3875001	3900000	19267	24999	24999	1.0000000
1	3900001	3925000	47490	24999	24999	1.0000000
1	3925001	3950000	10462	24999	24999	1.0000000
1	3950001	3975000	41904	24999	24999	1.0000000
1	3975001	4000000	10064	24999	24999	1.0000000
1	4000001	4025000	16220	24999	24999	1.0000000
1	4025001	4050000	17887	24999	24999	1.0000000
1	4050001	4075000	9495	24999	24999	1.0000000
1	4075001	4100000	28905	24999	24999	1.0000000
1	4100001	4125000	45672	24999	24999	1.0000000
1	4125001	4150000	25000	24999	24999	1.0000000
1	4150001	4175000	11286	24999	24999	1.0000000
1	4175001	4200000	43617	24999	24999	1.0000000
1	4200001	4225000	33973	24999	24999	1.0000000
1	4225001	4250000	39328	24999	24999	1.0000000
1	4250001	4275000	14405	24999	24999	1.0000000
1	4275001	4300000	96407	24999	24999	1.0000000
1	4300001	4325000	31124	24999	24999	1.0000000
1	4325001	4350000	11390	24999	24999	1.0000000
1	4350001	4375000	14796	24999	24999	1.0000000
1	4375001	4400000	28039	24999	24999	1.0000000
1	4400001	4425000	11981	24999	24999	1.0000000
1	4425001	4450000	34736	24999	24999	1.0000000
1	4450001	4475000	62057	24999	24999	1.0000000
1	4475001	4500000	55104	24999	24999	1.0000000
1	4500001	4525000	26197	24999	24999	1.0000000
1	4525001	4550000	9215	24999	24999	1.0000000
1	4550001	4575000	55360	24999	24999	1.0000000
1	4575001	4600000	13941	24999	24999	1.0000000
1	4600001	4625000	13164	24999	24999	1.0000000
1	4625001	4650000	38522	24999	24999	1.0000000
1	4650001	4675000	21365	24999	24999	1.0000000
1	4675001	4700000	24682	24999	24999	1.0000000
1	4700001	4725000	111662	24999	24999	1.0000000
1	4725001	4750000	43654	24999	24999	1.0000000
1	4750001	4775000	10593	24999	24999	1.0000000
1	4775001	4800000	17666	24999	24999	1.0000000
1	4800001	4825000	21612	24999	24999	1.0000000
1	4825001	4850000	16027	24999	24999	1.0000000
1	4850001	4875000	11499	24999	24999	1.0000000
1	4875001	4900000	12550	24999	24999	1.0000000
1	4900001	4925000	7922	24999	24999	1.0000000
1	4925001	4950000	7373	24999	24999	1.0000000
1	4950001	4975000	20961	24999	24999	1.0000000
1	4975001	5000000	29871	24999	24999	1.0000000
1	5000001	5025000	6091	24999	24999	1.0000000
1	5025001	5050000	16901	24999	24999	1.0000000
1	5050001	5075000	23303	24999	24999	1.0000000
1	5075001	5100000	8804	24999	24999	1.0000000
1	5100001	5125000	17478	24999	24999	1.0000000
1	5125001	5150000	49003	24999	24999	1.0000000
1	5150001	5175000	5399	24999	24999	1.0000000
1	5175001	5200000	13368	24999	24999	1.0000000
1	5200001	5225000	11298	24999	24999	1.0000000
1	5225001	5250000	10265	24999	24999	1.0000000
1	5250001	5275000	26441	24999	24999	1.0000000
1	5275001	5300000	20848	24999	24999	1.0000000
1	5300001	5325000	2375	24999	24999	1.0000000
1	5325001	5350000	19732	24999	24999	1.0000000
1	5350001	5375000	11629	24999	24999	1.0000000
1	5375001	5400000	9705	24999	24999	1.0000000
1	5400001	5425000	8364	24999	24999	1.0000000
1	5425001	5450000	5275	24999	24999	1.0000000
1	5450001	5475000	24901	24999	24999	1.0000000
1	5475001	5500000	3955	24999	24999	1.0000000
1	5500001	5525000	14636	24999	24999	1.0000000
1	5525001	5550000	9961	24999	24999	1.0000000
1	5550001	5575000	88442	24999	24999	1.0000000
1	5575001	5600000	5292	24999	24999	1.0000000
1	5600001	5625000	15067	24999	24999	1.0000000
1	5625001	5650000	85599	24999	24999	1.0000000
1	5650001	5675000	35779	24999	24999	1.0000000
1	5675001	5700000	973	24999	24999	1.0000000
1	5700001	5725000	1910	24999	24999	1.0000000
1	5725001	5750000	13118	24999	24999	1.0000000
1	5750001	5775000	19218	24999	24999	1.0000000
1	5775001	5800000	7868	24999	24999	1.0000000
1	5800001	5825000	1469	24999	24999	1.0000000
1	5825001	5850000	19300	24999	24999	1.0000000
1	5850001	5875000	747	24999	24999	1.0000000
1	5875001	5900000	3725	24999	24999	1.0000000
1	5900001	5925000	4757	24999	24999	1.0000000
1	5925001	5950000	1928	24999	24999	1.0000000
1	5950001	5975000	2637	24999	24999	1.0000000
1	5975001	6000000	1604	24999	24999	1.0000000
1	6000001	6025000	60066	24999	24999	1.0000000
1	6025001	6050000	16608	24999	24999	1.0000000
1	6050001	6075000	14944	24999	24999	1.0000000
1	6075001	6100000	32039	24999	24999	1.0000000
1	6100001	6125000	6748	24999	24999	1.0000000
1	6125001	6150000	9367	24999	24999	1.0000000
1	6150001	6175000	29358	24999	24999	1.0000000
1	6175001	6200000	28116	24999	24999	1.0000000
1	6200001	6225000	25398	24999	24999	1.0000000
1	6225001	6250000	32578	24999	24999	1.0000000
1	6250001	6275000	11404	24999	24999	1.0000000
1	6275001	6300000	9774	24999	24999	1.0000000
1	6300001	6325000	27667	24999	24999	1.0000000
1	6325001	6350000	14026	24999	24999	1.0000000
1	6350001	6375000	12992	24999	24999	1.0000000
1	6375001	6400000	14121	24999	24999	1.0000000
1	6400001	6425000	85781	24999	24999	1.0000000
1	6425001	6450000	12742	24999	24999	1.0000000
1	6450001	6475000	47849	24999	24999	1.0000000
1	6475001	6500000	46583	24999	24999	1.0000000
1	6500001	6525000	28548	24999	24999	1.0000000
1	6525001	6550000	40647	24999	24999	1.0000000
1	6550001	6575000	3171	24999	24999	1.0000000
1	6575001	6600000	44490	24999	24999	1.0000000
1	6600001	6625000	36763	24999	24999	1.0000000
1	6625001	6650000	20210	24999	24999	1.0000000
1	6650001	6675000	25634	24999	24999	1.0000000
1	6675001	6700000	82880	24999	24999	1.0000000
1	6700001	6725000	107046	24999	24999	1.0000000
1	6725001	6750000	13693	24999	24999	1.0000000
1	6750001	6775000	115785	24999	24999	1.0000000
1	6775001	6800000	11300	24999	24999	1.0000000
1	6800001	6825000	19220	24999	24999	1.0000000
1	6825001	6850000	99783	24999	24999	1.0000000
1	6850001	6875000	23708	24999	24999	1.0000000
1	6875001	6900000	22699	24999	24999	1.0000000
1	6900001	6925000	17869	24999	24999	1.0000000
1	6925001	6950000	491	24999	24999	1.0000000
1	6950001	6975000	105381	24999	24999	1.0000000
1	6975001	7000000	2649	24999	24999	1.0000000
1	7000001	7025000	9022	24999	24999	1.0000000
1	7025001	7050000	3091	24999	24999	1.0000000
1	7050001	7075000	5145	24999	24999	1.0000000
1	7075001	7100000	4034	24999	24999	1.0000000
1	7100001	7125000	1032	24999	24999	1.0000000
1	7125001	7150000	3917	24999	24999	1.0000000
1	7150001	7175000	19516	24999	24999	1.0000000
1	7175001	7200000	1237	24999	24999	1.0000000
1	7200001	7225000	28099	24999	24999	1.0000000
1	7225001	7250000	5145	24999	24999	1.0000000
1	7250001	7275000	19872	24999	24999	1.0000000
1	7275001	7300000	2572	24999	24999	1.0000000
1	7300001	7325000	239543	24999	24999	1.0000000
1	7325001	7350000	44201	24999	24999	1.0000000
1	7350001	7375000	20655	24999	24999	1.0000000
1	7375001	7400000	8595	24999	24999	1.0000000
1	7400001	7425000	44501	24068	24999	0.9627585
1	7425001	7450000	662	7427	24999	0.2970919
1	7450001	7475000	4008	12040	24999	0.4816193
1	7475001	7500000	24	1078	24999	0.0431217
1	7500001	7525000	14857	19966	24999	0.7986720
1	7525001	7550000	1938	17391	24999	0.6956678
1	7550001	7575000	2780	10795	24999	0.4318173
1	7575001	7600000	1488	16166	24999	0.6466659
1	7600001	7625000	5930	10356	24999	0.4142566
1	7625001	7650000	200	5475	24999	0.2190088
1	7650001	7675000	4250	8464	24999	0.3385735
1	7675001	7700000	1220	13113	24999	0.5245410
1	7700001	7725000	1054	4592	24999	0.1836873
1	7725001	7750000	23598	14738	24999	0.5895436
1	7750001	7775000	16983	24999	24999	1.0000000
1	7775001	7800000	1767	24999	24999	1.0000000
1	7800001	7825000	3173	24999	24999	1.0000000
1	7825001	7850000	2795	24999	24999	1.0000000
1	7850001	7875000	17651	24999	24999	1.0000000
1	7875001	7900000	29043	24999	24999	1.0000000
1	7900001	7925000	15542	24999	24999	1.0000000
1	7925001	7950000	23075	24999	24999	1.0000000
1	7950001	7975000	18602	24999	24999	1.0000000
1	7975001	8000000	20450	24999	24999	1.0000000
1	8000001	8025000	90670	24999	24999	1.0000000
1	8025001	8050000	27590	24999	24999	1.0000000
1	8050001	8075000	63701	24999	24999	1.0000000
1	8075001	8100000	83991	24999	24999	1.0000000
1	8100001	8125000	44958	24999	24999	1.0000000
1	8125001	8150000	12468	24999	24999	1.0000000
1	8150001	8175000	5333	24999	24999	1.0000000
1	8175001	8200000	25205	24999	24999	1.0000000
1	8200001	8225000	6616	24999	24999	1.0000000
1	8225001	8250000	44993	24999	24999	1.0000000
1	8250001	8275000	31208	24999	24999	1.0000000
1	8275001	8300000	238570	24999	24999	1.0000000
1	8300001	8325000	28637	24999	24999	1.0000000
1	8325001	8350000	179627	24999	24999	1.0000000
1	8350001	8375000	22677	24999	24999	1.0000000
1	8375001	8400000	8413	24999	24999	1.0000000
1	8400001	8425000	3320	24999	24999	1.0000000
1	8425001	8450000	4883	24999	24999	1.0000000
1	8450001	8475000	1514	24999	24999	1.0000000
1	8475001	8500000	14863	24999	24999	1.0000000
1	8500001	8525000	6461	24999	24999	1.0000000
1	8525001	8550000	12867	24999	24999	1.0000000
1	8550001	8575000	13267	24999	24999	1.0000000
1	8575001	8600000	50226	24999	24999	1.0000000
1	8600001	8625000	4129	24999	24999	1.0000000
1	8625001	8650000	13779	24999	24999	1.0000000
1	8650001	8675000	24248	24999	24999	1.0000000
1	8675001	8700000	25963	24999	24999	1.0000000
1	8700001	8725000	15051	24999	24999	1.0000000
1	8725001	8750000	24164	24999	24999	1.0000000
1	8750001	8775000	19809	24999	24999	1.0000000
1	8775001	8800000	14518	24999	24999	1.0000000
1	8800001	8825000	4706	24999	24999	1.0000000
1	8825001	8850000	13954	24999	24999	1.0000000
1	8850001	8875000	15311	24999	24999	1.0000000
1	8875001	8900000	7908	24999	24999	1.0000000
1	8900001	8925000	147635	24999	24999	1.0000000
1	8925001	8950000	37223	24999	24999	1.0000000
1	8950001	8975000	23464	24999	24999	1.0000000
1	8975001	9000000	20	24999	24999	1.0000000
1	9000001	9025000	2000	24999	24999	1.0000000
1	9025001	9050000	32826	24999	24999	1.0000000
1	9050001	9075000	23370	24999	24999	1.0000000
1	9075001	9100000	14974	24999	24999	1.0000000
1	9100001	9125000	35319	24999	24999	1.0000000
1	9125001	9150000	20749	24999	24999	1.0000000
1	9150001	9175000	205261	24999	24999	1.0000000
1	9175001	9200000	10531	24999	24999	1.0000000
1	9200001	9225000	12954	24999	24999	1.0000000
1	9225001	9250000	32494	24999	24999	1.0000000
1	9250001	9275000	12958	24999	24999	1.0000000
1	9275001	9300000	5010	24999	24999	1.0000000
1	9300001	9325000	139767	24999	24999	1.0000000
1	9325001	9350000	38199	24999	24999	1.0000000
1	9350001	9375000	9669	24999	24999	1.0000000
1	9375001	9400000	17048	24999	24999	1.0000000
1	9400001	9425000	42427	24999	24999	1.0000000
1	9425001	9450000	26646	24999	24999	1.0000000
1	9450001	9475000	17800	24999	24999	1.0000000
1	9475001	9500000	61943	24999	24999	1.0000000
1	9500001	9525000	21968	24999	24999	1.0000000
1	9525001	9550000	92891	24999	24999	1.0000000
1	9550001	9575000	29078	24999	24999	1.0000000
1	9575001	9600000	15117	24999	24999	1.0000000
1	9600001	9625000	4484	24999	24999	1.0000000
1	9625001	9650000	36933	24999	24999	1.0000000
1	9650001	9675000	16645	24999	24999	1.0000000
1	9675001	9700000	85037	24999	24999	1.0000000
1	9700001	9725000	17077	24999	24999	1.0000000
1	9725001	9750000	16941	24999	24999	1.0000000
1	9750001	9775000	16762	24999	24999	1.0000000
1	9775001	9800000	2190	24999	24999	1.0000000
1	9800001	9825000	113082	24999	24999	1.0000000
1	9825001	9850000	10043	24999	24999	1.0000000
1	9850001	9875000	17350	24999	24999	1.0000000
1	9875001	9900000	12265	24999	24999	1.0000000
1	9900001	9925000	32254	24999	24999	1.0000000
1	9925001	9950000	74066	24999	24999	1.0000000
1	9950001	9975000	291023	24999	24999	1.0000000
1	9975001	10000000	35043	24999	24999	1.0000000
1	10000001	10025000	44497	24999	24999	1.0000000
1	10025001	10050000	15405	24999	24999	1.0000000
1	10050001	10075000	28451	24999	24999	1.0000000
1	10075001	10100000	14083	24999	24999	1.0000000
1	10100001	10125000	32541	24999	24999	1.0000000
1	10125001	10150000	10806	24999	24999	1.0000000
1	10150001	10175000	8434	24999	24999	1.0000000
1	10175001	10200000	43048	24999	24999	1.0000000
1	10200001	10225000	21920	24999	24999	1.0000000
1	10225001	10250000	531940	24999	24999	1.0000000
1	10250001	10275000	26980	24999	24999	1.0000000
1	10275001	10300000	21354	24999	24999	1.0000000
1	10300001	10325000	22913	24999	24999	1.0000000
1	10325001	10350000	26841	24999	24999	1.0000000
1	10350001	10375000	68535	24999	24999	1.0000000
1	10375001	10400000	34968	24999	24999	1.0000000
1	10400001	10425000	18985	24999	24999	1.0000000
1	10425001	10450000	7411	24999	24999	1.0000000
1	10450001	10475000	12963	24999	24999	1.0000000
1	10475001	10500000	59785	24999	24999	1.0000000
1	10500001	10525000	23505	24999	24999	1.0000000
1	10525001	10550000	4066	24999	24999	1.0000000
1	10550001	10575000	6688	24999	24999	1.0000000
1	10575001	10600000	4095	24999	24999	1.0000000
1	10600001	10625000	8851	24999	24999	1.0000000
1	10625001	10650000	29722	24999	24999	1.0000000
1	10650001	10675000	19871	24999	24999	1.0000000
1	10675001	10700000	14426	24999	24999	1.0000000
1	10700001	10725000	16248	24999	24999	1.0000000
1	10725001	10750000	44899	24999	24999	1.0000000
1	10750001	10775000	16189	24999	24999	1.0000000
1	10775001	10800000	2372	24999	24999	1.0000000
1	10800001	10825000	1190	24999	24999	1.0000000
1	10825001	10850000	21013	24999	24999	1.0000000
1	10850001	10875000	3447	24999	24999	1.0000000
1	10875001	10900000	6514	24999	24999	1.0000000
1	10900001	10925000	1102	24999	24999	1.0000000
1	10925001	10950000	116	24999	24999	1.0000000
1	10950001	10975000	4158	24999	24999	1.0000000
1	10975001	11000000	922	24999	24999	1.0000000
1	11000001	11025000	1412	24999	24999	1.0000000
1	11025001	11050000	7728	24999	24999	1.0000000
1	11050001	11075000	14697	24999	24999	1.0000000
1	11075001	11100000	5643	24999	24999	1.0000000
1	11100001	11125000	24179	24999	24999	1.0000000
1	11125001	11150000	4195	24999	24999	1.0000000
1	11150001	11175000	9221	24999	24999	1.0000000
1	11175001	11200000	44482	24999	24999	1.0000000
1	11200001	11225000	32785	24999	24999	1.0000000
1	11225001	11250000	167251	24999	24999	1.0000000
1	11250001	11275000	59808	24999	24999	1.0000000
1	11275001	11300000	5872	24999	24999	1.0000000
1	11300001	11325000	23273	24999	24999	1.0000000
1	11325001	11350000	3092	24999	24999	1.0000000
1	11350001	11375000	278	24999	24999	1.0000000
1	11375001	11400000	809	24999	24999	1.0000000
1	11400001	11425000	4345	24999	24999	1.0000000
1	11425001	11450000	37714	14465	24999	0.5786231
1	11450001	11475000	460	10465	24999	0.4186167
1	11475001	11500000	4494	9118	24999	0.3647346
1	11500001	11525000	1442	7861	24999	0.3144526
1	11525001	11550000	3766	11664	24999	0.4665787
1	11550001	11575000	180	4388	24999	0.1755270
1	11575001	11600000	11703	18827	24999	0.7531101
1	11600001	11625000	2065	12424	24999	0.4969799
1	11625001	11650000	3913	12652	24999	0.5061002
1	11650001	11675000	4772	7691	24999	0.3076523
1	11675001	11700000	241	6621	24999	0.2648506
1	11700001	11725000	251	7128	24999	0.2851314
1	11725001	11750000	16	1422	24999	0.0568823
1	11750001	11775000	0	0	24999	0.0000000
2	1	25000	1235	6062	24999	0.2424897
2	25001	50000	2157	10916	24999	0.4366575
2	50001	75000	148	4846	24999	0.1938478
2	75001	100000	3727	9425	24999	0.3770151
2	100001	125000	1562	8130	24999	0.3252130
2	125001	150000	1665	8496	24999	0.3398536
2	150001	175000	21864	8831	24999	0.3532541
2	175001	200000	12908	15692	24999	0.6277051
2	200001	225000	505	4771	24999	0.1908476
2	225001	250000	1439	24999	24999	1.0000000
2	250001	275000	1818	24999	24999	1.0000000
2	275001	300000	6332	24999	24999	1.0000000
2	300001	325000	3357	24999	24999	1.0000000
2	325001	350000	941	24999	24999	1.0000000
2	350001	375000	2098	24999	24999	1.0000000
2	375001	400000	2155	24999	24999	1.0000000
2	400001	425000	3665	24999	24999	1.0000000
2	425001	450000	22727	24999	24999	1.0000000
2	450001	475000	115575	24999	24999	1.0000000
2	475001	500000	8728	24999	24999	1.0000000
2	500001	525000	9303	24999	24999	1.0000000
2	525001	550000	1193	24999	24999	1.0000000
2	550001	575000	1447	24999	24999	1.0000000
2	575001	600000	4852	24999	24999	1.0000000
2	600001	625000	1314	24999	24999	1.0000000
2	625001	650000	2206	24999	24999	1.0000000
2	650001	675000	15220	24999	24999	1.0000000
2	675001	700000	3840	24999	24999	1.0000000
2	700001	725000	2627	24999	24999	1.0000000
2	725001	750000	3309	24999	24999	1.0000000
2	750001	775000	3031	24999	24999	1.0000000
2	775001	800000	6256	24999	24999	1.0000000
2	800001	825000	1982	24999	24999	1.0000000
2	825001	850000	1527	24999	24999	1.0000000
2	850001	875000	32501	24999	24999	1.0000000
2	875001	900000	7123	24999	24999	1.0000000
2	900001	925000	3567	24999	24999	1.0000000
2	925001	950000	23472	24999	24999	1.0000000
2	950001	975000	36420	24999	24999	1.0000000
2	975001	1000000	48479	24999	24999	1.0000000
2	1000001	1025000	18422	24999	24999	1.0000000
2	1025001	1050000	11799	24999	24999	1.0000000
2	1050001	1075000	8962	24999	24999	1.0000000
2	1075001	1100000	12529	24999	24999	1.0000000
2	1100001	1125000	2729	24999	24999	1.0000000
2	1125001	1150000	553251	24999	24999	1.0000000
2	1150001	1175000	12847	24999	24999	1.0000000
2	1175001	1200000	9371	24999	24999	1.0000000
2	1200001	1225000	4273	24999	24999	1.0000000
2	1225001	1250000	7753	24999	24999	1.0000000
2	1250001	1275000	23113	24999	24999	1.0000000
2	1275001	1300000	180733	24999	24999	1.0000000
2	1300001	1325000	3468	24999	24999	1.0000000
2	1325001	1350000	13266	24999	24999	1.0000000
2	1350001	1375000	43311	24999	24999	1.0000000
2	1375001	1400000	13566	24999	24999	1.0000000
2	1400001	1425000	68997	24999	24999	1.0000000
2	1425001	1450000	50273	24999	24999	1.0000000
2	1450001	1475000	44001	24999	24999	1.0000000
2	1475001	1500000	65721	24999	24999	1.0000000
2	1500001	1525000	23079	24999	24999	1.0000000
2	1525001	1550000	6634	24999	24999	1.0000000
2	1550001	1575000	23104	24999	24999	1.0000000
2	1575001	1600000	9306	24999	24999	1.0000000
2	1600001	1625000	21688	24999	24999	1.0000000
2	1625001	1650000	8045	24999	24999	1.0000000
2	1650001	1675000	20497	24999	24999	1.0000000
2	1675001	1700000	15069	24999	24999	1.0000000
2	1700001	1725000	14984	24999	24999	1.0000000
2	1725001	1750000	21477	24999	24999	1.0000000
2	1750001	1775000	20616	24999	24999	1.0000000
2	1775001	1800000	24961	24999	24999	1.0000000
2	1800001	1825000	30474	24999	24999	1.0000000
2	1825001	1850000	29407	24999	24999	1.0000000
2	1850001	1875000	10213	24999	24999	1.0000000
2	1875001	1900000	12871	24999	24999	1.0000000
2	1900001	1925000	21491	24999	24999	1.0000000
2	1925001	1950000	13096	24999	24999	1.0000000
2	1950001	1975000	116535	24999	24999	1.0000000
2	1975001	2000000	139298	24999	24999	1.0000000
2	2000001	2025000	12615	24999	24999	1.0000000
2	2025001	2050000	17764	24999	24999	1.0000000
2	2050001	2075000	56715	24999	24999	1.0000000
2	2075001	2100000	9854	24999	24999	1.0000000
2	2100001	2125000	33364	24999	24999	1.0000000
2	2125001	2150000	9351	24999	24999	1.0000000
2	2150001	2175000	27686	24999	24999	1.0000000
2	2175001	2200000	49641	24999	24999	1.0000000
2	2200001	2225000	35764	24999	24999	1.0000000
2	2225001	2250000	16372	24999	24999	1.0000000
2	2250001	2275000	23506	24999	24999	1.0000000
2	2275001	2300000	44478	24999	24999	1.0000000
2	2300001	2325000	41456	24999	24999	1.0000000
2	2325001	2350000	16009	24999	24999	1.0000000
2	2350001	2375000	10989	24999	24999	1.0000000
2	2375001	2400000	35239	24999	24999	1.0000000
2	2400001	2425000	36917	24999	24999	1.0000000
2	2425001	2450000	60423	24999	24999	1.0000000
2	2450001	2475000	17273	24999	24999	1.0000000
2	2475001	2500000	216943	24999	24999	1.0000000
2	2500001	2525000	97918	24999	24999	1.0000000
2	2525001	2550000	11067	24999	24999	1.0000000
2	2550001	2575000	78359	24999	24999	1.0000000
2	2575001	2600000	32310	24999	24999	1.0000000
2	2600001	2625000	42848	24999	24999	1.0000000
2	2625001	2650000	23096	24999	24999	1.0000000
2	2650001	2675000	22432	24999	24999	1.0000000
2	2675001	2700000	2126	24999	24999	1.0000000
2	2700001	2725000	10375	24999	24999	1.0000000
2	2725001	2750000	112684	24999	24999	1.0000000
2	2750001	2775000	17918	24999	24999	1.0000000
2	2775001	2800000	8998	24999	24999	1.0000000
2	2800001	2825000	1814	24999	24999	1.0000000
2	2825001	2850000	3983	24999	24999	1.0000000
2	2850001	2875000	32794	24999	24999	1.0000000
2	2875001	2900000	39653	24999	24999	1.0000000
2	2900001	2925000	8766	24999	24999	1.0000000
2	2925001	2950000	14837	24999	24999	1.0000000
2	2950001	2975000	25909	24999	24999	1.0000000
2	2975001	3000000	22331	24999	24999	1.0000000
2	3000001	3025000	14587	24999	24999	1.0000000
2	3025001	3050000	16595	24999	24999	1.0000000
2	3050001	3075000	10225	24999	24999	1.0000000
2	3075001	3100000	5929	24999	24999	1.0000000
2	3100001	3125000	14413	24999	24999	1.0000000
2	3125001	3150000	11315	24999	24999	1.0000000
2	3150001	3175000	11236	24999	24999	1.0000000
2	3175001	3200000	17518	24999	24999	1.0000000
2	3200001	3225000	19160	24999	24999	1.0000000
2	3225001	3250000	10703	24999	24999	1.0000000
2	3250001	3275000	9992	24999	24999	1.0000000
2	3275001	3300000	18	24999	24999	1.0000000
2	3300001	3325000	18	24999	24999	1.0000000
2	3325001	3350000	12723	24999	24999	1.0000000
2	3350001	3375000	22432	24999	24999	1.0000000
2	3375001	3400000	7356	24999	24999	1.0000000
2	3400001	3425000	14089	24999	24999	1.0000000
2	3425001	3450000	14063	24999	24999	1.0000000
2	3450001	3475000	268693	24999	24999	1.0000000
2	3475001	3500000	32524	24999	24999	1.0000000
2	3500001	3525000	5604	24999	24999	1.0000000
2	3525001	3550000	50297	24999	24999	1.0000000
2	3550001	3575000	1446	24999	24999	1.0000000
2	3575001	3600000	13178	24999	24999	1.0000000
2	3600001	3625000	3553	24999	24999	1.0000000
2	3625001	3650000	7809	24999	24999	1.0000000
2	3650001	3675000	3424	24999	24999	1.0000000
2	3675001	3700000	1823	24999	24999	1.0000000
2	3700001	3725000	112768	24999	24999	1.0000000
2	3725001	3750000	5194	24999	24999	1.0000000
2	3750001	3775000	19373	24999	24999	1.0000000
2	3775001	3800000	19544	24999	24999	1.0000000
2	3800001	3825000	3543	24999	24999	1.0000000
2	3825001	3850000	3523	24999	24999	1.0000000
2	3850001	3875000	53544	24999	24999	1.0000000
2	3875001	3900000	13414	24999	24999	1.0000000
2	3900001	3925000	175768	24999	24999	1.0000000
2	3925001	3950000	5658	24999	24999	1.0000000
2	3950001	3975000	682	24999	24999	1.0000000
2	3975001	4000000	42666	24999	24999	1.0000000
2	4000001	4025000	11871	24999	24999	1.0000000
2	4025001	4050000	19897	24999	24999	1.0000000
2	4050001	4075000	885	24999	24999	1.0000000
2	4075001	4100000	6752	24999	24999	1.0000000
2	4100001	4125000	21546	24999	24999	1.0000000
2	4125001	4150000	13626	24798	24999	0.9919597
2	4150001	4175000	10772	21301	24999	0.8520741
2	4175001	4200000	3360	24999	24999	1.0000000
2	4200001	4225000	3093	24999	24999	1.0000000
2	4225001	4250000	2462	24999	24999	1.0000000
2	4250001	4275000	6012	24999	24999	1.0000000
2	4275001	4300000	30483	24999	24999	1.0000000
2	4300001	4325000	25734	24999	24999	1.0000000
2	4325001	4350000	1014	24999	24999	1.0000000
2	4350001	4375000	4339	24999	24999	1.0000000
2	4375001	4400000	6187	24999	24999	1.0000000
2	4400001	4425000	3071	24999	24999	1.0000000
2	4425001	4450000	5863	24999	24999	1.0000000
2	4450001	4475000	6060	24999	24999	1.0000000
2	4475001	4500000	11382	24999	24999	1.0000000
2	4500001	4525000	3171	24999	24999	1.0000000
2	4525001	4550000	2742	24999	24999	1.0000000
2	4550001	4575000	14954	24999	24999	1.0000000
2	4575001	4600000	4636	24999	24999	1.0000000
2	4600001	4625000	7163	24999	24999	1.0000000
2	4625001	4650000	20663	24999	24999	1.0000000
2	4650001	4675000	4850	24999	24999	1.0000000
2	4675001	4700000	10239	24999	24999	1.0000000
2	4700001	4725000	12296	24999	24999	1.0000000
2	4725001	4750000	11202	24999	24999	1.0000000
2	4750001	4775000	9372	24999	24999	1.0000000
2	4775001	4800000	16869	24999	24999	1.0000000
2	4800001	4825000	13650	24999	24999	1.0000000
2	4825001	4850000	1504	24999	24999	1.0000000
2	4850001	4875000	11244	24999	24999	1.0000000
2	4875001	4900000	15387	24999	24999	1.0000000
2	4900001	4925000	3149	24999	24999	1.0000000
2	4925001	4950000	2865	24999	24999	1.0000000
2	4950001	4975000	3449	24999	24999	1.0000000
2	4975001	5000000	4397	24999	24999	1.0000000
2	5000001	5025000	2292	24999	24999	1.0000000
2	5025001	5050000	7220	24999	24999	1.0000000
2	5050001	5075000	81375	24999	24999	1.0000000
2	5075001	5100000	530	24999	24999	1.0000000
2	5100001	5125000	21687	24999	24999	1.0000000
2	5125001	5150000	37067	24999	24999	1.0000000
2	5150001	5175000	7146	24999	24999	1.0000000
2	5175001	5200000	214775	24999	24999	1.0000000
2	5200001	5225000	16111	24999	24999	1.0000000
2	5225001	5250000	2807	24999	24999	1.0000000
2	5250001	5275000	3954	24999	24999	1.0000000
2	5275001	5300000	6198	24999	24999	1.0000000
2	5300001	5325000	5529	24999	24999	1.0000000
2	5325001	5350000	1050	24999	24999	1.0000000
2	5350001	5375000	14250	24999	24999	1.0000000
2	5375001	5400000	4889	24999	24999	1.0000000
2	5400001	5425000	1543	24999	24999	1.0000000
2	5425001	5450000	30226	24999	24999	1.0000000
2	5450001	5475000	150995	24999	24999	1.0000000
2	5475001	5500000	24206	24999	24999	1.0000000
2	5500001	5525000	5460	24999	24999	1.0000000
2	5525001	5550000	11745	22102	24999	0.8841153
2	5550001	5575000	3146	13483	24999	0.5393416
2	5575001	5600000	783	15439	24999	0.6175847
2	5600001	5625000	1160	12343	24999	0.4937398
2	5625001	5650000	7781	13380	24999	0.5352214
2	5650001	5675000	10065	14920	24999	0.5968239
2	5675001	5700000	1296	8598	24999	0.3439338
2	5700001	5725000	1774	19022	24999	0.7609105
2	5725001	5750000	24834	20021	24999	0.8008720
2	5750001	5775000	10788	18266	24999	0.7306692
2	5775001	5800000	7107	18146	24999	0.7258691
2	5800001	5825000	15684	14921	24999	0.5968639
2	5825001	5850000	936	24999	24999	1.0000000
2	5850001	5875000	835	24999	24999	1.0000000
2	5875001	5900000	16893	24999	24999	1.0000000
2	5900001	5925000	2991	24999	24999	1.0000000
2	5925001	5950000	136173	24999	24999	1.0000000
2	5950001	5975000	65147	24999	24999	1.0000000
2	5975001	6000000	15513	24999	24999	1.0000000
2	6000001	6025000	6390	24999	24999	1.0000000
2	6025001	6050000	6024	24999	24999	1.0000000
2	6050001	6075000	23194	24999	24999	1.0000000
2	6075001	6100000	21433	24999	24999	1.0000000
2	6100001	6125000	16382	24999	24999	1.0000000
2	6125001	6150000	62065	24999	24999	1.0000000
2	6150001	6175000	31547	24999	24999	1.0000000
2	6175001	6200000	5155	24999	24999	1.0000000
2	6200001	6225000	15435	24999	24999	1.0000000
2	6225001	6250000	20066	24999	24999	1.0000000
2	6250001	6275000	1896	24999	24999	1.0000000
2	6275001	6300000	10196	24999	24999	1.0000000
2	6300001	6325000	29574	24999	24999	1.0000000
2	6325001	6350000	12748	24999	24999	1.0000000
2	6350001	6375000	21091	24999	24999	1.0000000
2	6375001	6400000	10851	24999	24999	1.0000000
2	6400001	6425000	31848	24999	24999	1.0000000
2	6425001	6450000	5515	24999	24999	1.0000000
2	6450001	6475000	19568	24999	24999	1.0000000
2	6475001	6500000	143866	24999	24999	1.0000000
2	6500001	6525000	1399	24999	24999	1.0000000
2	6525001	6550000	10849	24999	24999	1.0000000
2	6550001	6575000	15982	24999	24999	1.0000000
2	6575001	6600000	8303	24999	24999	1.0000000
2	6600001	6625000	69531	24999	24999	1.0000000
2	6625001	6650000	27595	24999	24999	1.0000000
2	6650001	6675000	19597	24999	24999	1.0000000
2	6675001	6700000	5722	24999	24999	1.0000000
2	6700001	6725000	36296	24999	24999	1.0000000
2	6725001	6750000	13310	24999	24999	1.0000000
2	6750001	6775000	46717	24999	24999	1.0000000
2	6775001	6800000	3621	24999	24999	1.0000000
2	6800001	6825000	10768	24999	24999	1.0000000
2	6825001	6850000	14245	24999	24999	1.0000000
2	6850001	6875000	5647	24999	24999	1.0000000
2	6875001	6900000	18824	24999	24999	1.0000000
2	6900001	6925000	86080	24999	24999	1.0000000
2	6925001	6950000	18505	24999	24999	1.0000000
2	6950001	6975000	22969	24999	24999	1.0000000
2	6975001	7000000	20675	24999	24999	1.0000000
2	7000001	7025000	24453	24999	24999	1.0000000
2	7025001	7050000	35179	24999	24999	1.0000000
2	7050001	7075000	11558	24999	24999	1.0000000
2	7075001	7100000	35150	24999	24999	1.0000000
2	7100001	7125000	9339	24999	24999	1.0000000
2	7125001	7150000	7373	24999	24999	1.0000000
2	7150001	7175000	5585	24999	24999	1.0000000
2	7175001	7200000	17324	24999	24999	1.0000000
2	7200001	7225000	52636	24999	24999	1.0000000
2	7225001	7250000	7207	24999	24999	1.0000000
2	7250001	7275000	16735	24999	24999	1.0000000
2	7275001	7300000	15670	24999	24999	1.0000000
2	7300001	7325000	61086	24999	24999	1.0000000
2	7325001	7350000	2591	24999	24999	1.0000000
2	7350001	7375000	22521	24999	24999	1.0000000
2	7375001	7400000	37739	24999	24999	1.0000000
2	7400001	7425000	2625	24999	24999	1.0000000
2	7425001	7450000	12368	24999	24999	1.0000000
2	7450001	7475000	6160	24999	24999	1.0000000
2	7475001	7500000	27502	24999	24999	1.0000000
2	7500001	7525000	109609	24999	24999	1.0000000
2	7525001	7550000	10177	24999	24999	1.0000000
2	7550001	7575000	25688	24999	24999	1.0000000
2	7575001	7600000	27267	24999	24999	1.0000000
2	7600001	7625000	54775	24999	24999	1.0000000
2	7625001	7650000	4520	24999	24999	1.0000000
2	7650001	7675000	8660	24999	24999	1.0000000
2	7675001	7700000	16611	24999	24999	1.0000000
2	7700001	7725000	11915	24999	24999	1.0000000
2	7725001	7750000	20159	24999	24999	1.0000000
2	7750001	7775000	143056	24999	24999	1.0000000
2	7775001	7800000	27261	24999	24999	1.0000000
2	7800001	7825000	9339	24999	24999	1.0000000
2	7825001	7850000	15671	24999	24999	1.0000000
2	7850001	7875000	7281	24999	24999	1.0000000
2	7875001	7900000	31904	24999	24999	1.0000000
2	7900001	7925000	7013	24999	24999	1.0000000
2	7925001	7950000	13633	24999	24999	1.0000000
2	7950001	7975000	16052	24999	24999	1.0000000
2	7975001	8000000	14686	24999	24999	1.0000000
2	8000001	8025000	3104	24999	24999	1.0000000
2	8025001	8050000	3560	24999	24999	1.0000000
2	8050001	8075000	4535	24999	24999	1.0000000
2	8075001	8100000	301482	24999	24999	1.0000000
2	8100001	8125000	5603	24999	24999	1.0000000
2	8125001	8150000	2333	24999	24999	1.0000000
2	8150001	8175000	28747	24999	24999	1.0000000
2	8175001	8200000	14682	24999	24999	1.0000000
2	8200001	8225000	8256	13890	24999	0.5556222
2	8225001	8250000	1397	15295	24999	0.6118245
2	8250001	8275000	3406	12034	24999	0.4813792
2	8275001	8300000	1094	9835	24999	0.3934157
2	8300001	8325000	5864	13004	24999	0.5201808
2	8325001	8350000	1423	22995	24999	0.9198368
2	8350001	8375000	15627	24999	24999	1.0000000
2	8375001	8400000	13978	24999	24999	1.0000000
2	8400001	8425000	22495	24999	24999	1.0000000
2	8425001	8450000	4351	24999	24999	1.0000000
2	8450001	8475000	14055	24999	24999	1.0000000
2	8475001	8500000	7402	24999	24999	1.0000000
2	8500001	8525000	1835	24999	24999	1.0000000
2	8525001	8550000	1889	24999	24999	1.0000000
2	8550001	8575000	4358	24999	24999	1.0000000
2	8575001	8600000	1151	24999	24999	1.0000000
2	8600001	8625000	10626	24999	24999	1.0000000
2	8625001	8650000	106887	24999	24999	1.0000000
2	8650001	8675000	236	24999	24999	1.0000000
2	8675001	8700000	4406	24999	24999	1.0000000
2	8700001	8725000	545	24999	24999	1.0000000
2	8725001	8750000	1296	24999	24999	1.0000000
2	8750001	8775000	2003	24999	24999	1.0000000
2	8775001	8800000	1556	24558	24999	0.9823593
2	8800001	8825000	2285	10441	24999	0.4176567
2	8825001	8850000	4539	13506	24999	0.5402616
2	8850001	8875000	1105	16399	24999	0.6559862
2	8875001	8900000	2374	8459	24999	0.3383735
2	8900001	8925000	302	6162	24999	0.2464899
2	8925001	8950000	354	6527	24999	0.2610905
2	8950001	8975000	398	10700	24999	0.4280171
2	8975001	9000000	0	0	24999	0.0000000
3	1	25000	1636	4241	24999	0.1696468
3	25001	50000	366	8476	24999	0.3390536
3	50001	75000	111	3870	24999	0.1548062
3	75001	100000	4847	8434	24999	0.3373735
3	100001	125000	1425	13794	24999	0.5517821
3	125001	150000	6989	13786	24999	0.5514621
3	150001	175000	6355	24999	24999	1.0000000
3	175001	200000	5550	24999	24999	1.0000000
3	200001	225000	5385	24999	24999	1.0000000
3	225001	250000	178368	24999	24999	1.0000000
3	250001	275000	28933	24999	24999	1.0000000
3	275001	300000	22436	24999	24999	1.0000000
3	300001	325000	1526	24999	24999	1.0000000
3	325001	350000	5108	24999	24999	1.0000000
3	350001	375000	1010	24999	24999	1.0000000
3	375001	400000	86487	24999	24999	1.0000000
3	400001	425000	2779	24999	24999	1.0000000
3	425001	450000	1371	24999	24999	1.0000000
3	450001	475000	491	24999	24999	1.0000000
3	475001	500000	859	24999	24999	1.0000000
3	500001	525000	824	24999	24999	1.0000000
3	525001	550000	120954	24999	24999	1.0000000
3	550001	575000	39030	24999	24999	1.0000000
3	575001	600000	3673	24999	24999	1.0000000
3	600001	625000	37708	24999	24999	1.0000000
3	625001	650000	22956	24999	24999	1.0000000
3	650001	675000	19642	24999	24999	1.0000000
3	675001	700000	15814	24999	24999	1.0000000
3	700001	725000	90874	24999	24999	1.0000000
3	725001	750000	76630	24999	24999	1.0000000
3	750001	775000	2377	24999	24999	1.0000000
3	775001	800000	11576	24999	24999	1.0000000
3	800001	825000	8932	24999	24999	1.0000000
3	825001	850000	18852	24999	24999	1.0000000
3	850001	875000	34785	24999	24999	1.0000000
3	875001	900000	11806	24999	24999	1.0000000
3	900001	925000	2517	24999	24999	1.0000000
3	925001	950000	10378	24999	24999	1.0000000
3	950001	975000	16853	24999	24999	1.0000000
3	975001	1000000	15256	24999	24999	1.0000000
3	1000001	1025000	11902	24999	24999	1.0000000
3	1025001	1050000	38098	24999	24999	1.0000000
3	1050001	1075000	13508	24999	24999	1.0000000
3	1075001	1100000	8259	24999	24999	1.0000000
3	1100001	1125000	13933	24999	24999	1.0000000
3	1125001	1150000	20309	24999	24999	1.0000000
3	1150001	1175000	9004	24999	24999	1.0000000
3	1175001	1200000	6514	24999	24999	1.0000000
3	1200001	1225000	4049	24999	24999	1.0000000
3	1225001	1250000	12746	24999	24999	1.0000000
3	1250001	1275000	24153	24999	24999	1.0000000
3	1275001	1300000	24467	24999	24999	1.0000000
3	1300001	1325000	9331	24999	24999	1.0000000
3	1325001	1350000	94376	24999	24999	1.0000000
3	1350001	1375000	49649	24999	24999	1.0000000
3	1375001	1400000	60252	24999	24999	1.0000000
3	1400001	1425000	73835	24999	24999	1.0000000
3	1425001	1450000	104406	24999	24999	1.0000000
3	1450001	1475000	13557	24999	24999	1.0000000
3	1475001	1500000	14742	24999	24999	1.0000000
3	1500001	1525000	36216	24999	24999	1.0000000
3	1525001	1550000	16866	24999	24999	1.0000000
3	1550001	1575000	10627	24999	24999	1.0000000
3	1575001	1600000	4929	24999	24999	1.0000000
3	1600001	1625000	11171	24999	24999	1.0000000
3	1625001	1650000	18790	24999	24999	1.0000000
3	1650001	1675000	12363	24999	24999	1.0000000
3	1675001	1700000	24610	24999	24999	1.0000000
3	1700001	1725000	5412	24999	24999	1.0000000
3	1725001	1750000	9027	24999	24999	1.0000000
3	1750001	1775000	8737	24999	24999	1.0000000
3	1775001	1800000	13653	24999	24999	1.0000000
3	1800001	1825000	7676	24999	24999	1.0000000
3	1825001	1850000	36489	24999	24999	1.0000000
3	1850001	1875000	4206	24999	24999	1.0000000
3	1875001	1900000	11154	24999	24999	1.0000000
3	1900001	1925000	4155	24999	24999	1.0000000
3	1925001	1950000	10499	24999	24999	1.0000000
3	1950001	1975000	27441	24999	24999	1.0000000
3	1975001	2000000	6053	24999	24999	1.0000000
3	2000001	2025000	7301	24999	24999	1.0000000
3	2025001	2050000	9385	24999	24999	1.0000000
3	2050001	2075000	32425	24999	24999	1.0000000
3	2075001	2100000	31121	24999	24999	1.0000000
3	2100001	2125000	9940	24999	24999	1.0000000
3	2125001	2150000	11825	24999	24999	1.0000000
3	2150001	2175000	24659	24999	24999	1.0000000
3	2175001	2200000	17427	24999	24999	1.0000000
3	2200001	2225000	8486	24999	24999	1.0000000
3	2225001	2250000	15277	24999	24999	1.0000000
3	2250001	2275000	31182	24999	24999	1.0000000
3	2275001	2300000	14187	24999	24999	1.0000000
3	2300001	2325000	18003	24999	24999	1.0000000
3	2325001	2350000	62286	24999	24999	1.0000000
3	2350001	2375000	5959	24999	24999	1.0000000
3	2375001	2400000	4671	24999	24999	1.0000000
3	2400001	2425000	61176	24999	24999	1.0000000
3	2425001	2450000	9052	24999	24999	1.0000000
3	2450001	2475000	21994	24999	24999	1.0000000
3	2475001	2500000	17129	24999	24999	1.0000000
3	2500001	2525000	11655	24999	24999	1.0000000
3	2525001	2550000	6543	24999	24999	1.0000000
3	2550001	2575000	16898	24999	24999	1.0000000
3	2575001	2600000	18838	24999	24999	1.0000000
3	2600001	2625000	23019	24999	24999	1.0000000
3	2625001	2650000	7759	24999	24999	1.0000000
3	2650001	2675000	96181	24999	24999	1.0000000
3	2675001	2700000	7710	24999	24999	1.0000000
3	2700001	2725000	30185	24999	24999	1.0000000
3	2725001	2750000	13304	24999	24999	1.0000000
3	2750001	2775000	7852	24999	24999	1.0000000
3	2775001	2800000	9135	24999	24999	1.0000000
3	2800001	2825000	38242	24999	24999	1.0000000
3	2825001	2850000	33211	24999	24999	1.0000000
3	2850001	2875000	30003	24999	24999	1.0000000
3	2875001	2900000	36195	24999	24999	1.0000000
3	2900001	2925000	31709	24999	24999	1.0000000
3	2925001	2950000	17803	24999	24999	1.0000000
3	2950001	2975000	60514	24999	24999	1.0000000
3	2975001	3000000	91891	24999	24999	1.0000000
3	3000001	3025000	17752	24999	24999	1.0000000
3	3025001	3050000	7681	24999	24999	1.0000000
3	3050001	3075000	10548	24999	24999	1.0000000
3	3075001	3100000	7573	24999	24999	1.0000000
3	3100001	3125000	15863	24999	24999	1.0000000
3	3125001	3150000	10285	24999	24999	1.0000000
3	3150001	3175000	4486	24999	24999	1.0000000
3	3175001	3200000	21020	24999	24999	1.0000000
3	3200001	3225000	15431	24999	24999	1.0000000
3	3225001	3250000	12632	24999	24999	1.0000000
3	3250001	3275000	5371	24999	24999	1.0000000
3	3275001	3300000	7183	24999	24999	1.0000000
3	3300001	3325000	14909	24999	24999	1.0000000
3	3325001	3350000	16753	24999	24999	1.0000000
3	3350001	3375000	14301	24999	24999	1.0000000
3	3375001	3400000	24744	24999	24999	1.0000000
3	3400001	3425000	26035	24999	24999	1.0000000
3	3425001	3450000	6726	24999	24999	1.0000000
3	3450001	3475000	839	24999	24999	1.0000000
3	3475001	3500000	15405	24999	24999	1.0000000
3	3500001	3525000	1406	24999	24999	1.0000000
3	3525001	3550000	58783	24999	24999	1.0000000
3	3550001	3575000	33050	24999	24999	1.0000000
3	3575001	3600000	10214	24999	24999	1.0000000
3	3600001	3625000	6443	24999	24999	1.0000000
3	3625001	3650000	3285	24999	24999	1.0000000
3	3650001	3675000	8285	24999	24999	1.0000000
3	3675001	3700000	15148	24999	24999	1.0000000
3	3700001	3725000	7578	24999	24999	1.0000000
3	3725001	3750000	27450	24999	24999	1.0000000
3	3750001	3775000	12951	24999	24999	1.0000000
3	3775001	3800000	171886	24999	24999	1.0000000
3	3800001	3825000	6896	24999	24999	1.0000000
3	3825001	3850000	13863	24999	24999	1.0000000
3	3850001	3875000	6548	24999	24999	1.0000000
3	3875001	3900000	13567	24999	24999	1.0000000
3	3900001	3925000	5589	24999	24999	1.0000000
3	3925001	3950000	68939	24999	24999	1.0000000
3	3950001	3975000	12505	24999	24999	1.0000000
3	3975001	4000000	15710	24999	24999	1.0000000
3	4000001	4025000	22877	24999	24999	1.0000000
3	4025001	4050000	23974	24999	24999	1.0000000
3	4050001	4075000	72858	24999	24999	1.0000000
3	4075001	4100000	13637	24999	24999	1.0000000
3	4100001	4125000	31530	24999	24999	1.0000000
3	4125001	4150000	17596	24999	24999	1.0000000
3	4150001	4175000	106002	24999	24999	1.0000000
3	4175001	4200000	149370	24999	24999	1.0000000
3	4200001	4225000	17252	24999	24999	1.0000000
3	4225001	4250000	19913	24999	24999	1.0000000
3	4250001	4275000	6769	24999	24999	1.0000000
3	4275001	4300000	12943	24999	24999	1.0000000
3	4300001	4325000	7372	24999	24999	1.0000000
3	4325001	4350000	29180	24999	24999	1.0000000
3	4350001	4375000	76333	24999	24999	1.0000000
3	4375001	4400000	9177	24999	24999	1.0000000
3	4400001	4425000	7701	24999	24999	1.0000000
3	4425001	4450000	8121	24999	24999	1.0000000
3	4450001	4475000	9504	24999	24999	1.0000000
3	4475001	4500000	13114	24999	24999	1.0000000
3	4500001	4525000	19300	24999	24999	1.0000000
3	4525001	4550000	21093	24999	24999	1.0000000
3	4550001	4575000	11304	24999	24999	1.0000000
3	4575001	4600000	13157	24999	24999	1.0000000
3	4600001	4625000	16343	24999	24999	1.0000000
3	4625001	4650000	11615	24999	24999	1.0000000
3	4650001	4675000	15780	24999	24999	1.0000000
3	4675001	4700000	34928	24999	24999	1.0000000
3	4700001	4725000	12720	24999	24999	1.0000000
3	4725001	4750000	22985	24999	24999	1.0000000
3	4750001	4775000	11741	24999	24999	1.0000000
3	4775001	4800000	14115	24999	24999	1.0000000
3	4800001	4825000	115290	24999	24999	1.0000000
3	4825001	4850000	33941	24999	24999	1.0000000
3	4850001	4875000	14921	24999	24999	1.0000000
3	4875001	4900000	16992	24999	24999	1.0000000
3	4900001	4925000	8104	24999	24999	1.0000000
3	4925001	4950000	9216	24999	24999	1.0000000
3	4950001	4975000	12324	24999	24999	1.0000000
3	4975001	5000000	16056	24999	24999	1.0000000
3	5000001	5025000	19935	24999	24999	1.0000000
3	5025001	5050000	95734	24999	24999	1.0000000
3	5050001	5075000	16201	24999	24999	1.0000000
3	5075001	5100000	11615	24999	24999	1.0000000
3	5100001	5125000	17659	24999	24999	1.0000000
3	5125001	5150000	15591	24999	24999	1.0000000
3	5150001	5175000	84978	24999	24999	1.0000000
3	5175001	5200000	24354	24999	24999	1.0000000
3	5200001	5225000	12401	24999	24999	1.0000000
3	5225001	5250000	17613	24999	24999	1.0000000
3	5250001	5275000	9456	24999	24999	1.0000000
3	5275001	5300000	18104	24999	24999	1.0000000
3	5300001	5325000	17511	24999	24999	1.0000000
3	5325001	5350000	15775	24999	24999	1.0000000
3	5350001	5375000	175	24999	24999	1.0000000
3	5375001	5400000	164	24999	24999	1.0000000
3	5400001	5425000	8493	24999	24999	1.0000000
3	5425001	5450000	11649	24999	24999	1.0000000
3	5450001	5475000	24026	24999	24999	1.0000000
3	5475001	5500000	93135	24999	24999	1.0000000
3	5500001	5525000	12875	24999	24999	1.0000000
3	5525001	5550000	43385	24999	24999	1.0000000
3	5550001	5575000	40026	24999	24999	1.0000000
3	5575001	5600000	5083	24999	24999	1.0000000
3	5600001	5625000	61237	24999	24999	1.0000000
3	5625001	5650000	44778	24999	24999	1.0000000
3	5650001	5675000	19146	24999	24999	1.0000000
3	5675001	5700000	8404	24999	24999	1.0000000
3	5700001	5725000	41122	24999	24999	1.0000000
3	5725001	5750000	34485	24999	24999	1.0000000
3	5750001	5775000	6838	24999	24999	1.0000000
3	5775001	5800000	27328	24999	24999	1.0000000
3	5800001	5825000	20284	24999	24999	1.0000000
3	5825001	5850000	7379	24999	24999	1.0000000
3	5850001	5875000	15684	24999	24999	1.0000000
3	5875001	5900000	99663	24999	24999	1.0000000
3	5900001	5925000	20208	24999	24999	1.0000000
3	5925001	5950000	20966	24999	24999	1.0000000
3	5950001	5975000	11569	24999	24999	1.0000000
3	5975001	6000000	16760	24999	24999	1.0000000
3	6000001	6025000	8505	24999	24999	1.0000000
3	6025001	6050000	14617	24999	24999	1.0000000
3	6050001	6075000	162316	24999	24999	1.0000000
3	6075001	6100000	4686	24999	24999	1.0000000
3	6100001	6125000	12272	24999	24999	1.0000000
3	6125001	6150000	6964	24999	24999	1.0000000
3	6150001	6175000	23840	24999	24999	1.0000000
3	6175001	6200000	7651	24999	24999	1.0000000
3	6200001	6225000	26189	24999	24999	1.0000000
3	6225001	6250000	44816	24999	24999	1.0000000
3	6250001	6275000	24540	24999	24999	1.0000000
3	6275001	6300000	425	24999	24999	1.0000000
3	6300001	6325000	35	24999	24999	1.0000000
3	6325001	6350000	977	24999	24999	1.0000000
3	6350001	6375000	10119	24999	24999	1.0000000
3	6375001	6400000	1159	24999	24999	1.0000000
3	6400001	6425000	88118	24999	24999	1.0000000
3	6425001	6450000	19412	24999	24999	1.0000000
3	6450001	6475000	1188	24999	24999	1.0000000
3	6475001	6500000	3973	24999	24999	1.0000000
3	6500001	6525000	3944	24999	24999	1.0000000
3	6525001	6550000	18711	24999	24999	1.0000000
3	6550001	6575000	3695	24999	24999	1.0000000
3	6575001	6600000	2925	24999	24999	1.0000000
3	6600001	6625000	3360	24999	24999	1.0000000
3	6625001	6650000	408	24999	24999	1.0000000
3	6650001	6675000	21939	24999	24999	1.0000000
3	6675001	6700000	27354	24999	24999	1.0000000
3	6700001	6725000	8820	24999	24999	1.0000000
3	6725001	6750000	4343	24999	24999	1.0000000
3	6750001	6775000	1878	24999	24999	1.0000000
3	6775001	6800000	75081	24999	24999	1.0000000
3	6800001	6825000	11208	24999	24999	1.0000000
3	6825001	6850000	2884	24999	24999	1.0000000
3	6850001	6875000	2667	24999	24999	1.0000000
3	6875001	6900000	18483	24999	24999	1.0000000
3	6900001	6925000	4753	24999	24999	1.0000000
3	6925001	6950000	3733	24999	24999	1.0000000
3	6950001	6975000	4152	24999	24999	1.0000000
3	6975001	7000000	21436	24999	24999	1.0000000
3	7000001	7025000	669	11214	24999	0.4485779
3	7025001	7050000	837	12001	24999	0.4800592
3	7050001	7075000	198256	15502	24999	0.6201048
3	7075001	7100000	1968	24999	24999	1.0000000
3	7100001	7125000	5337	24999	24999	1.0000000
3	7125001	7150000	1027	24999	24999	1.0000000
3	7150001	7175000	10113	24999	24999	1.0000000
3	7175001	7200000	1996	19368	24999	0.7747510
3	7200001	7225000	1291	11859	24999	0.4743790
3	7225001	7250000	2649	15831	24999	0.6332653
3	7250001	7275000	1066	6378	24999	0.2551302
3	7275001	7300000	2666	9700	24999	0.3880155
3	7300001	7325000	4143	17669	24999	0.7067882
3	7325001	7350000	212	5538	24999	0.2215289
3	7350001	7375000	3591	11204	24999	0.4481779
3	7375001	7400000	1992	17671	24999	0.7068683
3	7400001	7425000	7215	18361	24999	0.7344694
3	7425001	7450000	1978	14993	24999	0.5997440
3	7450001	7475000	406	3720	24999	0.1488059
3	7475001	7500000	3660	15507	24999	0.6203048
3	7500001	7525000	5135	11090	24999	0.4436177
3	7525001	7550000	1515	16405	24999	0.6562263
3	7550001	7575000	390	7560	24999	0.3024121
3	7575001	7600000	2447	18862	24999	0.7545102
3	7600001	7625000	688	6694	24999	0.2677707
3	7625001	7650000	12362	12231	24999	0.4892596
3	7650001	7675000	33843	15288	24999	0.6115445
3	7675001	7700000	837	7982	24999	0.3192928
3	7700001	7725000	129	5987	24999	0.2394896
3	7725001	7750000	238	8291	24999	0.3316533
3	7750001	7775000	8760	9657	24999	0.3862954
3	7775001	7800000	0	0	24999	0.0000000
4	1	25000	3368	9557	24999	0.3822953
4	25001	50000	386	9646	24999	0.3858554
4	50001	75000	423	8890	24999	0.3556142
4	75001	100000	161	6482	24999	0.2592904
4	100001	125000	413	7027	24999	0.2810912
4	125001	150000	430	15434	24999	0.6173847
4	150001	175000	22443	24999	24999	1.0000000
4	175001	200000	7889	24999	24999	1.0000000
4	200001	225000	1109	24999	24999	1.0000000
4	225001	250000	37303	24999	24999	1.0000000
4	250001	275000	10078	24999	24999	1.0000000
4	275001	300000	33004	24999	24999	1.0000000
4	300001	325000	3655	24999	24999	1.0000000
4	325001	350000	16956	24999	24999	1.0000000
4	350001	375000	10487	24999	24999	1.0000000
4	375001	400000	8559	24999	24999	1.0000000
4	400001	425000	16630	24999	24999	1.0000000
4	425001	450000	43664	24999	24999	1.0000000
4	450001	475000	5759	24999	24999	1.0000000
4	475001	500000	14605	24999	24999	1.0000000
4	500001	525000	16317	24999	24999	1.0000000
4	525001	550000	15246	24999	24999	1.0000000
4	550001	575000	47348	24999	24999	1.0000000
4	575001	600000	11916	24999	24999	1.0000000
4	600001	625000	12696	24999	24999	1.0000000
4	625001	650000	7824	24999	24999	1.0000000
4	650001	675000	18483	24999	24999	1.0000000
4	675001	700000	11168	24999	24999	1.0000000
4	700001	725000	27622	24999	24999	1.0000000
4	725001	750000	3113	24999	24999	1.0000000
4	750001	775000	13486	24999	24999	1.0000000
4	775001	800000	21034	24999	24999	1.0000000
4	800001	825000	16596	24999	24999	1.0000000
4	825001	850000	101819	24999	24999	1.0000000
4	850001	875000	19016	24999	24999	1.0000000
4	875001	900000	385181	24999	24999	1.0000000
4	900001	925000	23789	24999	24999	1.0000000
4	925001	950000	41716	24999	24999	1.0000000
4	950001	975000	32577	24999	24999	1.0000000
4	975001	1000000	19079	24999	24999	1.0000000
4	1000001	1025000	9434	24999	24999	1.0000000
4	1025001	1050000	37906	24999	24999	1.0000000
4	1050001	1075000	21913	24999	24999	1.0000000
4	1075001	1100000	3129	24999	24999	1.0000000
4	1100001	1125000	11038	24999	24999	1.0000000
4	1125001	1150000	12477	24999	24999	1.0000000
4	1150001	1175000	12382	24999	24999	1.0000000
4	1175001	1200000	6604	24999	24999	1.0000000
4	1200001	1225000	4257	24999	24999	1.0000000
4	1225001	1250000	4740	24999	24999	1.0000000
4	1250001	1275000	17300	24999	24999	1.0000000
4	1275001	1300000	30107	24999	24999	1.0000000
4	1300001	1325000	9849	24999	24999	1.0000000
4	1325001	1350000	9100	24999	24999	1.0000000
4	1350001	1375000	89624	24999	24999	1.0000000
4	1375001	1400000	88601	24999	24999	1.0000000
4	1400001	1425000	104024	24999	24999	1.0000000
4	1425001	1450000	48020	24999	24999	1.0000000
4	1450001	1475000	21627	24999	24999	1.0000000
4	1475001	1500000	10244	24999	24999	1.0000000
4	1500001	1525000	31961	24999	24999	1.0000000
4	1525001	1550000	35548	24999	24999	1.0000000
4	1550001	1575000	29848	24999	24999	1.0000000
4	1575001	1600000	37089	24999	24999	1.0000000
4	1600001	1625000	41984	24999	24999	1.0000000
4	1625001	1650000	10353	24999	24999	1.0000000
4	1650001	1675000	15480	24999	24999	1.0000000
4	1675001	1700000	41666	24999	24999	1.0000000
4	1700001	1725000	15815	24999	24999	1.0000000
4	1725001	1750000	33492	24999	24999	1.0000000
4	1750001	1775000	18950	24999	24999	1.0000000
4	1775001	1800000	14946	24999	24999	1.0000000
4	1800001	1825000	15138	24999	24999	1.0000000
4	1825001	1850000	11374	24999	24999	1.0000000
4	1850001	1875000	11018	24999	24999	1.0000000
4	1875001	1900000	7661	24999	24999	1.0000000
4	1900001	1925000	8487	24999	24999	1.0000000
4	1925001	1950000	2826	24999	24999	1.0000000
4	1950001	1975000	6906	24999	24999	1.0000000
4	1975001	2000000	17124	24999	24999	1.0000000
4	2000001	2025000	27515	24889	24999	0.9955998
4	2025001	2050000	14839	19455	24999	0.7782311
4	2050001	2075000	5527	24999	24999	1.0000000
4	2075001	2100000	16593	24999	24999	1.0000000
4	2100001	2125000	43327	24999	24999	1.0000000
4	2125001	2150000	12412	24999	24999	1.0000000
4	2150001	2175000	13838	24999	24999	1.0000000
4	2175001	2200000	36621	24999	24999	1.0000000
4	2200001	2225000	11648	24999	24999	1.0000000
4	2225001	2250000	53045	24999	24999	1.0000000
4	2250001	2275000	18613	24999	24999	1.0000000
4	2275001	2300000	12509	24999	24999	1.0000000
4	2300001	2325000	11217	24999	24999	1.0000000
4	2325001	2350000	15914	24999	24999	1.0000000
4	2350001	2375000	8682	24999	24999	1.0000000
4	2375001	2400000	15072	24999	24999	1.0000000
4	2400001	2425000	67862	24999	24999	1.0000000
4	2425001	2450000	20113	24999	24999	1.0000000
4	2450001	2475000	39694	24999	24999	1.0000000
4	2475001	2500000	4841	24999	24999	1.0000000
4	2500001	2525000	9957	24999	24999	1.0000000
4	2525001	2550000	76123	24999	24999	1.0000000
4	2550001	2575000	3079	24999	24999	1.0000000
4	2575001	2600000	58947	24999	24999	1.0000000
4	2600001	2625000	11188	24999	24999	1.0000000
4	2625001	2650000	5148	24999	24999	1.0000000
4	2650001	2675000	23706	24999	24999	1.0000000
4	2675001	2700000	11626	24999	24999	1.0000000
4	2700001	2725000	11598	24999	24999	1.0000000
4	2725001	2750000	20566	24999	24999	1.0000000
4	2750001	2775000	18516	24999	24999	1.0000000
4	2775001	2800000	11049	24999	24999	1.0000000
4	2800001	2825000	3885	24999	24999	1.0000000
4	2825001	2850000	22851	24999	24999	1.0000000
4	2850001	2875000	17783	24999	24999	1.0000000
4	2875001	2900000	10329	24999	24999	1.0000000
4	2900001	2925000	14176	24999	24999	1.0000000
4	2925001	2950000	5928	24999	24999	1.0000000
4	2950001	2975000	8418	24999	24999	1.0000000
4	2975001	3000000	15771	24999	24999	1.0000000
4	3000001	3025000	13120	24999	24999	1.0000000
4	3025001	3050000	20793	24999	24999	1.0000000
4	3050001	3075000	8552	24999	24999	1.0000000
4	3075001	3100000	27923	24999	24999	1.0000000
4	3100001	3125000	12862	24999	24999	1.0000000
4	3125001	3150000	14990	24999	24999	1.0000000
4	3150001	3175000	21003	24999	24999	1.0000000
4	3175001	3200000	38989	24999	24999	1.0000000
4	3200001	3225000	4707	24999	24999	1.0000000
4	3225001	3250000	18037	24999	24999	1.0000000
4	3250001	3275000	3540	24999	24999	1.0000000
4	3275001	3300000	40019	24999	24999	1.0000000
4	3300001	3325000	18368	24999	24999	1.0000000
4	3325001	3350000	5722	24999	24999	1.0000000
4	3350001	3375000	12347	24999	24999	1.0000000
4	3375001	3400000	16495	24999	24999	1.0000000
4	3400001	3425000	10087	24999	24999	1.0000000
4	3425001	3450000	12134	24999	24999	1.0000000
4	3450001	3475000	31104	24999	24999	1.0000000
4	3475001	3500000	15738	24999	24999	1.0000000
4	3500001	3525000	15582	24999	24999	1.0000000
4	3525001	3550000	29751	24999	24999	1.0000000
4	3550001	3575000	23177	24999	24999	1.0000000
4	3575001	3600000	8296	24999	24999	1.0000000
4	3600001	3625000	21186	24999	24999	1.0000000
4	3625001	3650000	25580	24999	24999	1.0000000
4	3650001	3675000	101342	24999	24999	1.0000000
4	3675001	3700000	9896	24999	24999	1.0000000
4	3700001	3725000	10563	24999	24999	1.0000000
4	3725001	3750000	8036	24999	24999	1.0000000
4	3750001	3775000	26431	24999	24999	1.0000000
4	3775001	3800000	253928	24999	24999	1.0000000
4	3800001	3825000	20001	24999	24999	1.0000000
4	3825001	3850000	2508	24999	24999	1.0000000
4	3850001	3875000	30333	24999	24999	1.0000000
4	3875001	3900000	20052	24999	24999	1.0000000
4	3900001	3925000	7037	24999	24999	1.0000000
4	3925001	3950000	13303	24999	24999	1.0000000
4	3950001	3975000	7791	24999	24999	1.0000000
4	3975001	4000000	6327	24999	24999	1.0000000
4	4000001	4025000	14226	24999	24999	1.0000000
4	4025001	4050000	2460	24999	24999	1.0000000
4	4050001	4075000	2734	24999	24999	1.0000000
4	4075001	4100000	1135	24999	24999	1.0000000
4	4100001	4125000	9769	24999	24999	1.0000000
4	4125001	4150000	4903	24999	24999	1.0000000
4	4150001	4175000	25561	24999	24999	1.0000000
4	4175001	4200000	11077	21091	24999	0.8436738
4	4200001	4225000	5453	15764	24999	0.6305852
4	4225001	4250000	4478	6499	24999	0.2599704
4	4250001	4275000	2842	13675	24999	0.5470219
4	4275001	4300000	1094	7591	24999	0.3036521
4	4300001	4325000	287	4636	24999	0.1854474
4	4325001	4350000	962	10503	24999	0.4201368
4	4350001	4375000	2086	9740	24999	0.3896156
4	4375001	4400000	1283	13245	24999	0.5298212
4	4400001	4425000	182	4783	24999	0.1913276
4	4425001	4450000	7068	10008	24999	0.4003360
4	4450001	4475000	1609	10346	24999	0.4138566
4	4475001	4500000	4268	12307	24999	0.4922997
4	4500001	4525000	3885	8034	24999	0.3213729
4	4525001	4550000	245	7931	24999	0.3172527
4	4550001	4575000	146	7069	24999	0.2827713
4	4575001	4600000	9115	10527	24999	0.4210968
4	4600001	4625000	230963	24331	24999	0.9732789
4	4625001	4650000	31314	24999	24999	1.0000000
4	4650001	4675000	5349	24999	24999	1.0000000
4	4675001	4700000	21135	24999	24999	1.0000000
4	4700001	4725000	42524	24999	24999	1.0000000
4	4725001	4750000	42475	24999	24999	1.0000000
4	4750001	4775000	18115	24999	24999	1.0000000
4	4775001	4800000	14784	24999	24999	1.0000000
4	4800001	4825000	9377	24999	24999	1.0000000
4	4825001	4850000	2913	24999	24999	1.0000000
4	4850001	4875000	38796	24999	24999	1.0000000
4	4875001	4900000	83955	24999	24999	1.0000000
4	4900001	4925000	14499	24999	24999	1.0000000
4	4925001	4950000	12150	24999	24999	1.0000000
4	4950001	4975000	19078	24999	24999	1.0000000
4	4975001	5000000	29770	24999	24999	1.0000000
4	5000001	5025000	17748	24999	24999	1.0000000
4	5025001	5050000	17331	24999	24999	1.0000000
4	5050001	5075000	80	24999	24999	1.0000000
4	5075001	5100000	6	24999	24999	1.0000000
4	5100001	5125000	45851	24999	24999	1.0000000
4	5125001	5150000	15977	24999	24999	1.0000000
4	5150001	5175000	34499	24999	24999	1.0000000
4	5175001	5200000	92255	24999	24999	1.0000000
4	5200001	5225000	24527	24999	24999	1.0000000
4	5225001	5250000	9385	24999	24999	1.0000000
4	5250001	5275000	11082	24999	24999	1.0000000
4	5275001	5300000	6963	24999	24999	1.0000000
4	5300001	5325000	26053	24999	24999	1.0000000
4	5325001	5350000	22345	24999	24999	1.0000000
4	5350001	5375000	9803	24999	24999	1.0000000
4	5375001	5400000	12190	24999	24999	1.0000000
4	5400001	5425000	6683	24999	24999	1.0000000
4	5425001	5450000	5603	24999	24999	1.0000000
4	5450001	5475000	14219	24999	24999	1.0000000
4	5475001	5500000	8338	24999	24999	1.0000000
4	5500001	5525000	42786	24999	24999	1.0000000
4	5525001	5550000	29741	24999	24999	1.0000000
4	5550001	5575000	12069	24999	24999	1.0000000
4	5575001	5600000	25174	24999	24999	1.0000000
4	5600001	5625000	40795	24999	24999	1.0000000
4	5625001	5650000	4261	24999	24999	1.0000000
4	5650001	5675000	32189	24999	24999	1.0000000
4	5675001	5700000	39762	24999	24999	1.0000000
4	5700001	5725000	10397	24999	24999	1.0000000
4	5725001	5750000	13493	24999	24999	1.0000000
4	5750001	5775000	30870	24999	24999	1.0000000
4	5775001	5800000	13414	24999	24999	1.0000000
4	5800001	5825000	11010	24999	24999	1.0000000
4	5825001	5850000	15832	24999	24999	1.0000000
4	5850001	5875000	23647	24999	24999	1.0000000
4	5875001	5900000	8775	24999	24999	1.0000000
4	5900001	5925000	30041	24999	24999	1.0000000
4	5925001	5950000	68226	24999	24999	1.0000000
4	5950001	5975000	14139	24999	24999	1.0000000
4	5975001	6000000	5981	24999	24999	1.0000000
4	6000001	6025000	35452	24999	24999	1.0000000
4	6025001	6050000	24188	24999	24999	1.0000000
4	6050001	6075000	61476	24999	24999	1.0000000
4	6075001	6100000	14486	24999	24999	1.0000000
4	6100001	6125000	12347	24999	24999	1.0000000
4	6125001	6150000	179701	24999	24999	1.0000000
4	6150001	6175000	18004	24999	24999	1.0000000
4	6175001	6200000	37366	24999	24999	1.0000000
4	6200001	6225000	14151	24999	24999	1.0000000
4	6225001	6250000	50216	24999	24999	1.0000000
4	6250001	6275000	17326	24999	24999	1.0000000
4	6275001	6300000	20403	24999	24999	1.0000000
4	6300001	6325000	24963	24999	24999	1.0000000
4	6325001	6350000	21415	24999	24999	1.0000000
4	6350001	6375000	20063	24999	24999	1.0000000
4	6375001	6400000	8955	24999	24999	1.0000000
4	6400001	6425000	12677	24999	24999	1.0000000
4	6425001	6450000	5943	24999	24999	1.0000000
4	6450001	6475000	32043	24999	24999	1.0000000
4	6475001	6500000	6538	24999	24999	1.0000000
4	6500001	6525000	6016	24999	24999	1.0000000
4	6525001	6550000	1728	24999	24999	1.0000000
4	6550001	6575000	24425	24999	24999	1.0000000
4	6575001	6600000	24077	24999	24999	1.0000000
4	6600001	6625000	8725	24999	24999	1.0000000
4	6625001	6650000	9935	24999	24999	1.0000000
4	6650001	6675000	3991	24999	24999	1.0000000
4	6675001	6700000	26137	24999	24999	1.0000000
4	6700001	6725000	5653	24999	24999	1.0000000
4	6725001	6750000	12803	24999	24999	1.0000000
4	6750001	6775000	107705	24999	24999	1.0000000
4	6775001	6800000	37406	24999	24999	1.0000000
4	6800001	6825000	15011	24999	24999	1.0000000
4	6825001	6850000	20187	24999	24999	1.0000000
4	6850001	6875000	29597	24999	24999	1.0000000
4	6875001	6900000	30000	24999	24999	1.0000000
4	6900001	6925000	21360	24999	24999	1.0000000
4	6925001	6950000	12224	24999	24999	1.0000000
4	6950001	6975000	14466	24999	24999	1.0000000
4	6975001	7000000	18799	24999	24999	1.0000000
4	7000001	7025000	11465	24999	24999	1.0000000
4	7025001	7050000	47254	24999	24999	1.0000000
4	7050001	7075000	24912	24999	24999	1.0000000
4	7075001	7100000	12035	24999	24999	1.0000000
4	7100001	7125000	67471	24999	24999	1.0000000
4	7125001	7150000	8833	24999	24999	1.0000000
4	7150001	7175000	17962	24999	24999	1.0000000
4	7175001	7200000	11606	24999	24999	1.0000000
4	7200001	7225000	12768	24999	24999	1.0000000
4	7225001	7250000	14074	24999	24999	1.0000000
4	7250001	7275000	18173	24999	24999	1.0000000
4	7275001	7300000	113856	24999	24999	1.0000000
4	7300001	7325000	17096	24999	24999	1.0000000
4	7325001	7350000	4337	24999	24999	1.0000000
4	7350001	7375000	13722	24999	24999	1.0000000
4	7375001	7400000	7333	24999	24999	1.0000000
4	7400001	7425000	12862	24999	24999	1.0000000
4	7425001	7450000	150843	24999	24999	1.0000000
4	7450001	7475000	5409	24999	24999	1.0000000
4	7475001	7500000	3103	24999	24999	1.0000000
4	7500001	7525000	3018	24999	24999	1.0000000
4	7525001	7550000	2598	24999	24999	1.0000000
4	7550001	7575000	310	24999	24999	1.0000000
4	7575001	7600000	2656	24999	24999	1.0000000
4	7600001	7625000	1109	24999	24999	1.0000000
4	7625001	7650000	9844	23369	24999	0.9347974
4	7650001	7675000	2515	13658	24999	0.5463418
4	7675001	7700000	3803	15900	24999	0.6360254
4	7700001	7725000	1572	15186	24999	0.6074643
4	7725001	7750000	22893	22956	24999	0.9182767
4	7750001	7775000	2710	24999	24999	1.0000000
4	7775001	7800000	6761	24999	24999	1.0000000
4	7800001	7825000	18725	21594	24999	0.8637946
4	7825001	7850000	28390	20206	24999	0.8082723
4	7850001	7875000	17873	22501	24999	0.9000760
4	7875001	7900000	10454	20325	24999	0.8130325
4	7900001	7925000	33381	22802	24999	0.9121165
4	7925001	7950000	15024	24999	24999	1.0000000
4	7950001	7975000	6329	24999	24999	1.0000000
4	7975001	8000000	6737	22819	24999	0.9127965
4	8000001	8025000	6654	10033	24999	0.4013360
4	8025001	8050000	0	0	24999	0.0000000
4	8050001	8075000	0	0	24999	0.0000000
4	8075001	8100000	0	0	24999	0.0000000
4	8100001	8125000	0	0	24999	0.0000000
4	8125001	8150000	0	0	24999	0.0000000
4	8150001	8175000	0	0	24999	0.0000000
4	8175001	8200000	0	0	24999	0.0000000
4	8200001	8225000	0	0	24999	0.0000000
4	8225001	8250000	0	0	24999	0.0000000
4	8250001	8275000	0	0	24999	0.0000000
4	8275001	8300000	0	0	24999	0.0000000
4	8300001	8325000	0	0	24999	0.0000000
4	8325001	8350000	0	0	24999	0.0000000
4	8350001	8375000	0	0	24999	0.0000000
4	8375001	8400000	0	0	24999	0.0000000
4	8400001	8425000	0	0	24999	0.0000000
4	8425001	8450000	0	0	24999	0.0000000
4	8450001	8475000	0	0	24999	0.0000000
4	8475001	8500000	0	0	24999	0.0000000
4	8500001	8525000	0	0	24999	0.0000000
4	8525001	8550000	0	0	24999	0.0000000
4	8550001	8575000	0	0	24999	0.0000000
4	8575001	8600000	0	0	24999	0.0000000
4	8600001	8625000	0	0	24999	0.0000000
4	8625001	8650000	0	0	24999	0.0000000
4	8650001	8675000	0	0	24999	0.0000000
4	8675001	8700000	0	0	24999	0.0000000
4	8700001	8725000	0	0	24999	0.0000000
4	8725001	8750000	0	0	24999	0.0000000
4	8750001	8775000	0	0	24999	0.0000000
4	8775001	8800000	0	0	24999	0.0000000
4	8800001	8825000	0	0	24999	0.0000000
4	8825001	8850000	0	0	24999	0.0000000
4	8850001	8875000	0	0	24999	0.0000000
4	8875001	8900000	0	0	24999	0.0000000
4	8900001	8925000	0	0	24999	0.0000000
4	8925001	8950000	0	0	24999	0.0000000
4	8950001	8975000	0	0	24999	0.0000000
4	8975001	9000000	0	0	24999	0.0000000
4	9000001	9025000	0	0	24999	0.0000000
4	9025001	9050000	0	0	24999	0.0000000
4	9050001	9075000	0	0	24999	0.0000000
4	9075001	9100000	0	0	24999	0.0000000
4	9100001	9125000	0	0	24999	0.0000000
4	9125001	9150000	0	0	24999	0.0000000
4	9150001	9175000	0	0	24999	0.0000000
4	9175001	9200000	0	0	24999	0.0000000
4	9200001	9225000	0	0	24999	0.0000000
4	9225001	9250000	0	0	24999	0.0000000
4	9250001	9275000	0	0	24999	0.0000000
4	9275001	9300000	0	0	24999	0.0000000
4	9300001	9325000	0	0	24999	0.0000000
4	9325001	9350000	0	0	24999	0.0000000
4	9350001	9375000	0	0	24999	0.0000000
4	9375001	9400000	80	4831	24999	0.1932477
4	9400001	9425000	11	4574	24999	0.1829673
